filename,compressed,uncompressed
JDK,59420339,59420339
_unpack/x86_64-win32/bin/dmengine.pdb,13055961,43216896
libexec/bundletool-all.jar,30633323,32505571
lib/x86_64-linux/libtexc_shared.so,8668355,21920808
com/sun/*.*,8536801,20962657
lib/arm64-linux/libtexc_shared.so,8482216,20961656
clojure/*.*,7001113,15522723
lib/android.jar,10833398,14664759
com/ibm/*.*,6146731,13876950
com/dynamo/*.*,4420695,11823918
editor/gui,5560954,11753413
lib/arm64-linux/libfontc_shared.so,3861342,11337464
lib/x86_64-linux/libfontc_shared.so,3900895,11252448
libexec/x86_64-win32/dmengine.exe,4158629,9318216
libexec/x86_64-win32/dmengine_release.exe,3436512,7891272
javafx/*.*,3509891,7776779
libexec/x86_64-linux/dmengine,3500979,7546048
lib/x86_64-win32/texc_shared.dll,3004904,7160136
libexec/x86_64-win32/tint.exe,2674266,6782464
lib/x86_64-linux/libc++.so,1498484,6457600
org/eclipse/jgit/*.*,2849222,6440142
libexec/x86_64-win32/aapt2.exe,2507372,5976728
libexec/x86_64-linux/dmengine_release,2723608,5894160
lib/x86_64-win32/shaderc_shared.dll,1683920,5830984
libexec/x86_64-macos/dmengine,2755080,5580272
libexec/x86_64-win32/gltf_validator.exe,2323513,5520896
libexec/arm64-android/libdmengine.so,2646040,5362200
com/jogamp/*.*,2060879,5301844
jogamp/*.*,1994042,5001762
lib/x86_64-linux/libshaderc_shared.so,1716265,4938968
lib/x86_64-macos/libtexc_shared.dylib,2185683,4848528
libexec/arm64-android/libdmengine_release.so,2238160,4704912
libexec/x86_64-win32/lipo.exe,2597104,4655104
libexec/arm64-macos/dmengine,2394361,4653488
com/google/protobuf/*.*,1609592,4625316
lib/arm64-linux/libshaderc_shared.so,1599959,4541392
libexec/x86_64-win32/strip_android.exe,1751182,4512544
org/apache/commons/*.*,1826544,4341676
libexec/x86_64-macos/dmengine_release,2093072,4295808
libexec/x86_64-win32/glslang.exe,1605427,4261888
lib/arm64-macos/libtexc_shared.dylib,1964509,4096240
lib/x86_64-linux/libdlib_shared.so,1832803,3991008
lib/arm64-linux/libdlib_shared.so,1785244,3965792
com/fasterxml/jackson/*.*,1401584,3932759
lib/x86_64-macos/libshaderc_shared.dylib,1212389,3899152
libexec/arm64-ios/dmengine,1949830,3736856
libexec/arm64-macos/dmengine_release,1812301,3656656
lib/arm64-macos/libshaderc_shared.dylib,1094228,3595184
editor/collision_object,1553881,3367931
libexec/wasm-web/dmengine.wasm,1479587,3345527
cljfx/*.*,1605524,3342528
com/amazonaws/*.*,1271062,3207351
lib/x86_64-win32/fontc_shared.dll,1229471,3161416
builtins/assets/images/logo/logo_blue_1024.bmp,184045,3147874
editor/code/view,1535730,3132345
libexec/arm64-ios/dmengine_release,1566133,3128184
libexec/x86_64-win32/spirv-opt.exe,1143360,3082752
libexec/wasm-web/dmengine_release.wasm,1180230,2882264
editor/app_view,1415148,2857457
libexec/arm64-android/libvkquality.so,702123,2669800
org/eclipse/jetty/*.*,1135632,2573055
editor/particlefx,1198671,2554474
_unpack/x86_64-win32/bin/lsp/lua/meta/default utf8/UnityEngine.lua,282601,2521240
libexec/x86_64-android/libvkquality.so,690924,2481320
org/apache/http/*.*,1036821,2397569
editor/scene,1138128,2346941
org/codehaus/jackson/*.*,857085,2288635
cognitect/*.*,653152,2243030
editor/font,1005100,2123256
libexec/armv7-android/libvkquality.so,606864,1896108
lib/x86_64-win32/dlib_shared.dll,827031,1868288
editor/collection,871595,1855184
Defold/Defold.exe,1825096,1825096
lib/arm64-linux/libmodelc_shared.so,689783,1789448
lib/x86_64-linux/libmodelc_shared.so,696111,1779544
com/github/benmanes/caffeine/*.*,608969,1671617
editor/atlas,795586,1659626
editor/tile_source,728175,1547575
com/defold/*.*,560628,1518840
lib/x86_64-macos/libfontc_shared.dylib,592918,1515264
editor/console,710956,1512864
lib/arm64-macos/libfontc_shared.dylib,562345,1504432
libexec/x86_64-win32/luajit-64.exe,653269,1462272
ch/qos/*.*,650229,1442658
editor/tile_map,685926,1423812
_unpack/x86_64-win32/bin/lsp/lua/meta/spell/dictionary.txt,636624,1415713
editor/light,661365,1394532
_unpack/x86_64-win32/bin/lsp/lua/bin/lua-language-server.exe,617314,1377280
javassist/*.*,639452,1371253
schema/*.*,577702,1266387
editor/ui,676366,1265959
editor/game_object,578505,1228635
editor/app_manifest,574454,1207773
editor/code/script,563790,1197205
ucrtbase.dll,520481,1123944
gstreamer-lite.dll,513597,1111552
lib/x86_64-win32/modelc_shared.dll,429465,1082696
org/joda/*.*,493748,1046729
editor/curve_view,439032,917434
editor/code/data,468600,914819
editor/model,432437,911274
org/openmali/*.*,371153,900682
lib/builtins.zip,867091,886734
_unpack/x86_64-win32/lib/particle_shared.dll,351975,862208
editor/defold_project,380445,783154
editor/sprite,363008,770044
welcome/*.*,691588,733955
editor/lsp,369826,714193
editor/cljfx_form_view,346839,708463
org/jsoup/*.*,330403,705826
editor/debug_view,342559,704198
reitit/*.*,315946,676860
_unpack/x86_64-win32/bin/lsp/lua/meta/default utf8/CS.lua,84136,659463
org/antlr/*.*,292308,649333
_unpack/x86_64-win32/bin/lsp/lua/bin/msvcp140.dll,202959,643512
editor/game_object_non_editable,288672,632285
org/luaj/*.*,290099,622154
editor/scene_visibility,298266,619844
editor/label,293091,619759
editor/workspace,298428,616508
builtins/input/gamecontrollerdb.txt,47711,600329
editor/cubemap,280072,594052
editor/material,275206,583070
editor/mesh,281304,577110
msvcp140.dll,187772,575568
editor/camera,281095,574188
META-INF/*.*,166379,566114
org/yaml/snakeyaml/*.*,248795,565020
editor/asset_browser,280948,562174
_unpack/x86_64-win32/lib/mouse_capture_shared.dll,221012,559616
_unpack/x86_64-win32/lib/jogl_desktop.dll,132000,554496
editor/settings,261691,551314
lib/report_template.html,154755,547951
org/msgpack/*.*,237819,547298
editor/sound,255646,542741
editor/scene_tools,267499,534851
builtins/input/default.gamepads,8621,505569
editor/code/transpilers,237513,502861
org/snakeyaml/engine/*.*,207355,494337
editor/fxui,226344,490018
editor/outline_view,237944,483045
editor/properties_view,235493,475495
editor/model_scene,211349,472350
org/commonmark/*.*,209968,468111
_unpack/x86_64-win32/bin/lsp/lua/meta/3rd/Jass/library/jass/common.lua,62247,461137
editor/gui__init,132993,455652
editor/camera_editor,204512,442236
editor/lsp/server,227405,439701
_unpack/x86_64-win32/bin/lsp/lua/meta/default utf8/UnityEngine.Rendering.lua,44156,436882
_unpack/x86_64-win32/bin/lsp/lua/meta/default utf8/System.lua,32793,428566
editor/resource_node,200374,424227
editor/properties,210897,413148
editor/collection_non_editable,186467,412625
editor/editor_extensions/ui_components,201629,410708
editor/editor_extensions,198685,404955
localization/ru.editor_localization,82122,382574
_unpack/x86_64-win32/bin/lsp/lua/bin/concrt140.dll,165374,374200
editor/protobuf,189034,372463
editor/resource,192873,369519
editor/render_pb,176805,368882
glib-lite.dll,190219,368128
editor/render_target,170300,365212
editor/geom,184023,365017
editor/display_profiles,167823,358380
_unpack/x86_64-win32/lib/jogl_mobile.dll,96378,354816
lib/x86_64-macos/libmodelc_shared.dylib,119828,346784
editor/game_project,162090,345665
editor/buffer,165804,341323
DejaVuSansMono.ttf,201912,340712
DejaVuSansMono-Bold.ttf,199505,331992
editor/breakpoints_view,160537,329988
editor/editor_extensions/graph,164909,329943
editor/code/resource,154877,325529
internal/graph/*.*,158514,323021
editor/code/shader,152121,322942
lib/arm64-macos/libmodelc_shared.dylib,101403,319408
editor/types,163759,317390
editor/script_api,145935,310634
_unpack/x86_64-win32/bin/lsp/lua/meta/default utf8/UnityEngine.UIElements.lua,33541,305510
editor/search_results_view,147547,301508
libexec/wasm-web/dmengine.js,67710,300627
lib/time_report_template.html,92653,297875
editor/factory,138179,295589
SourceSansPro-Regular.ttf,129096,293956
editor/animation_set,138040,293776
SourceSansPro-Light.ttf,127919,292680
SourceSansPro-Semibold.ttf,128416,292404
libexec/wasm-web/dmengine_release.js,65532,287412
glass.dll,117267,284160
editor/editor_script,129311,279540
builtins/assets/images/logo/logo_blue_1024.png,246149,276899
editor/editor_localization,125662,274923
_unpack/x86_64-win32/bin/lsp/lua/bin/msvcp140_2.dll,110793,274872
editor/game_properties,126260,273274
editor/compute,128735,273000
editor/placeholder_resource,123060,269009
msvcp140_2.dll,107613,267888
editor/prefs_dialog,129456,266098
editor/data_text,123284,265093
editor/markdown,122927,263027
editor/code/text_file,122632,262568
editor/html,122170,259486
org/checkerframework/*.*,133894,258994
editor/collection_proxy,119355,256704
editor/dialogs,125238,254099
DejaVuSansMono-BoldOblique.ttf,151366,253580
editor/command_requests,123736,253414
editor/image,119362,252194
DejaVuSansMono-Oblique.ttf,150034,251932
editor/protobuf_types,116435,250244
editor/scene_selection,114612,242211
localization/en.editor_localization,61702,242075
editor/prefs,121798,234187
lib/arm64-macos/libdlib_shared.dylib,83581,232440
editor/welcome,109718,229519
editor/data,108284,227102
builtins/ca-certificates/cacert.pem,129286,226158
icons/app.iconset/icon_512x512@2x.png,218168,221004
editor/targets,114195,219964
OpenSans-Regular.ttf,113969,217360
_unpack/x86_64-win32/bin/lsp/lua/meta/default utf8/System.Runtime.InteropServices.lua,17496,216968
editor/graphics/types,108836,215719
lib/x86_64-macos/libdlib_shared.dylib,89179,215432
editor/live_update_settings,100032,214334
libexec/x86_64-win32/zipalign.exe,98411,209408
editor/graphics,99812,207752
editor/gamepads,97514,206964
editor/updater,100676,195009
editor/changes_view,93746,192784
editor/markdown_view,80279,191639
editor/image_util,92389,191522
_unpack/x86_64-win32/bin/lsp/lua/meta/3rd/OpenResty/library/ngx.lua,44546,183498
editor/settings_core,94524,181155
editor.css,21717,180832
mozilla/public-suffix-list.txt,59250,180498
prism_d3d.dll,41176,180224
editor/editor_extensions/coerce,86101,179987
_unpack/x86_64-win32/bin/lsp/lua/bin/vcruntime140.dll,85393,178616
editor/gl/attribute,86993,177919
editor/grid,88143,177895
_unpack/x86_64-win32/bin/lsp/lua/meta/default utf8/System.Xml.lua,12601,177260
editor/outline,90510,177208
editor/debugging/dap,88835,175481
localization/ja_JP.editor_localization,42412,174535
editor/handler,89248,173810
editor/view,82486,172405
editor/gl,92665,171900
_unpack/x86_64-win32/bin/lsp/lua/meta/3rd/love2d/library/love/graphics.lua,33152,167835
lua-annotations/meta.lua,33614,167793
_unpack/shared/lua-annotations/meta.lua,33614,167793
editor/binary_file,77865,165980
_unpack/x86_64-win32/bin/lsp/lua/meta/default utf8/System.ComponentModel.lua,11942,165228
editor/localization,83720,164769
javafx_iio.dll,75032,164352
editor/buffers,85500,163360
editor/code/view__init,50513,161639
localization/pt_BR.editor_localization,38831,153046
_unpack/x86_64-win32/bin/lsp/lua/script/parser/compile.lua,25388,152597
editor/gl/vertex2,73121,151674
jfxmedia.dll,61685,144896
editor/gl/shader,74617,142356
editor/math,77468,142116
editor/engine/build_errors,72316,139828
_unpack/x86_64-win32/bin/lsp/lua/meta/default utf8/System.Security.Cryptography.lua,10158,139279
editor/rulers,67546,137032
doc/editor.apidoc_doc.sdoc,16519,136954
_unpack/x86_64-win32/bin/lsp/lua/meta/3rd/lovr/library/lovr/graphics.lua,31477,136356
_unpack/x86_64-win32/bin/lsp/lua/meta/default utf8/System.Reflection.Emit.lua,10965,135307
fxplugins.dll,62163,134144
editor/build_errors_view,65374,129977
editor/editor_extensions/runtime,65242,127740
_unpack/x86_64-win32/bin/lsp/lua/meta/default utf8/System.Linq.Expressions.lua,6595,126170
editor/gl/texture,64233,125686
_unpack/x86_64-win32/bin/lsp/lua/meta/default utf8/System.Data.SqlTypes.lua,6268,125665
editor/pipeline/texture_set_gen,61943,124878
editor/collection_common,60026,124139
editor/particlefx__init,36738,123528
icons/document.iconset/icon_256x256@2x.png,121199,121922
editor/collision_object__init,34998,120686
vcruntime140.dll,59766,120400
editor/html_view,57167,120306
editor/font__init,35716,119756
editor/ui__init,35436,118854
editor/lsp/jsonrpc,59473,117790
builtins/assets/images/logo/logo_blue_512.png,116328,117668
_unpack/x86_64-win32/bin/lsp/lua/meta/3rd/love2d/library/love/physics.lua,18355,115250
editor/ui/settings_popup,58086,115028
libexec/x86_64-win32/liboggz.dll,56556,114688
editor/code/preprocessors,55847,114551
editor/gl/vertex,60096,114335
editor/app_view__init,37478,113946
_unpack/x86_64-win32/bin/lsp/lua/meta/default utf8/System.Data.lua,9646,111233
editor/fs,59735,111203
editor/code/data__init,30044,111165
editor/gui_clipping,54681,110479
doc/dmsdk-graphics-graphics.h_doc.sdoc,15819,109736
editor/scene__init,35407,109399
_unpack/x86_64-win32/bin/lsp/lua/meta/default utf8/UnityEngine.Animations.lua,9231,108477
_unpack/x86_64-win32/bin/lsp/lua/meta/default utf8/System.Net.lua,10373,108235
_unpack/x86_64-win32/bin/lsp/lua/meta/default utf8/UnityEngine.Networking.lua,15294,106980
splash.png,103703,106623
editor/gviz,55606,106073
editor/texture_set,50909,105987
SourceSansPro-Italic.ttf,53049,103828
editor/boot_open_project,50163,103809
lua-annotations/bullet3d.lua,15971,103616
_unpack/shared/lua-annotations/bullet3d.lua,15971,103616
_unpack/x86_64-win32/bin/lsp/lua/meta/3rd/luv/library/uv.lua,22960,103557
SourceSansPro-SemiBoldItalic.ttf,52889,103556
doc/gui_script.cpp_doc.sdoc,17294,102772
_unpack/x86_64-win32/bin/lsp/lua/meta/default utf8/System.Diagnostics.lua,8939,101323
_unpack/x86_64-win32/bin/lsp/lua/meta/default utf8/UnityEngine.Rendering.PostProcessing.lua,7775,100534
_unpack/x86_64-win32/bin/lsp/lua/meta/default utf8/UnityEngine.Experimental.Rendering.lua,7763,100372
_unpack/x86_64-win32/bin/lsp/lua/changelog.md,24763,98505
editor/scene_shapes,48833,98264
editor/resource_update,48452,97409
libexec/x86_64-win32/libwinpthread-1.dll,44253,96544
localization/zh_CN.editor_localization,24991,96520
_unpack/x86_64-win32/bin/lsp/lua/script/vm/compiler.lua,15270,96477
editor/atlas__init,30172,96128
editor/analytics,50331,94935
_unpack/x86_64-win32/bin/lsp/lua/meta/default utf8/System.Reflection.lua,8354,94769
_unpack/shared/lua-annotations/b2d.lua,12644,94248
lua-annotations/b2d.lua,12644,94248
_unpack/x86_64-win32/bin/lsp/lua/meta/default utf8/UnityEngine.XR.lua,13390,94096
_unpack/x86_64-win32/bin/lsp/lua/meta/default utf8/System.Linq.lua,4592,93016
_unpack/x86_64-win32/bin/lsp/lua/meta/default utf8/UnityEngine.UI.lua,8910,92835
_unpack/x86_64-win32/bin/lsp/lua/meta/default utf8/UnityEngine.Analytics.lua,7844,92792
icons/app.iconset/icon_256x256@2x.png,91065,91745
icons/app.iconset/icon_512x512.png,91065,91745
_unpack/x86_64-win32/bin/lsp/lua/meta/default utf8/System.Globalization.lua,6073,90838
editor/tile_source__init,27003,88195
editor/game_object_common,42830,88176
editor/debugging/variables,43434,87883
_unpack/x86_64-win32/bin/lsp/lua/meta/default utf8/UnityEngine.VFX.lua,6208,87581
games/skullhorde.jpg,87328,87487
_unpack/x86_64-win32/bin/lsp/lua/meta/default utf8/System.Security.AccessControl.lua,5335,87368
editor/notifications,42226,86741
libexec/x86_64-win32/oggz-validate.exe,43791,86016
editor/disk,43109,85887
editor/mouse_binding,42020,84914
editor/attachment,41168,84498
icons/svg_icons.html,18663,83440
editor/pose,41513,83324
_unpack/shared/lua-annotations/gui.lua,15484,83143
lua-annotations/gui.lua,15484,83143
editor/engine/native_extensions,41442,82822
editor/particle_lib,40952,82632
editor/app_manifest__init,25564,82611
decora_sse.dll,30534,82432
_unpack/x86_64-win32/bin/lsp/lua/meta/default utf8/System.IO.lua,6586,81973
_unpack/x86_64-win32/bin/lsp/lua/meta/default utf8/System.Threading.Tasks.lua,3591,81776
_unpack/x86_64-win32/bin/lsp/lua/script/core/completion/completion.lua,13788,81364
editor/editor_extensions/commands,40215,80904
editor/engine,41780,79979
editor/code/script_intelligence,37501,79819
editor/git,41883,79184
games/boreblasters.jpg,78476,78585
editor/core,39573,78545
editor/collection__init,22501,78450
_unpack/x86_64-win32/bin/lsp/lua/meta/default utf8/System.Threading.lua,6681,78425
_unpack/x86_64-win32/bin/lsp/lua/meta/default utf8/System.Numerics.lua,4569,78310
editor/code_completion,40438,78145
localization/es_ES.editor_localization,20020,77702
games/superweird.jpg,77560,77593
editor/editor_extensions/vm,42188,77450
editor/texture_util,37325,76500
editor/pipeline,38236,76427
editor/tile_map__init,24917,75754
editor/protobuf_forms,37076,75696
api-ms-win-crt-private-l1-1-0.dll,22500,75368
dynamo/graph__init.class,24696,75216
games/craftomation101.jpg,74492,74527
games/warnament.jpg,74154,74222
doc/luasocket-luasocket.doc_h_doc.sdoc,10783,73322
editor/code/script_annotations,34870,72830
editor/resource_watch,36461,72649
internal/node__init.class,23340,72394
_unpack/x86_64-win32/bin/lsp/lua/script/parser/luadoc.lua,11312,71351
_unpack/x86_64-win32/bin/lsp/lua/meta/default utf8/System.Net.Sockets.lua,5944,71063
editor/editor_extensions/docs,23195,70812
games/tinyracing.jpeg,70195,70354
javafx_font.dll,27010,69632
_unpack/x86_64-win32/bin/lsp/lua/meta/default utf8/System.Runtime.InteropServices.ComTypes.lua,6218,69558
antlr/CppCodeGenerator.class,31830,69247
editor/progress,34971,69172
editor/code/script_compilation,33086,68567
_unpack/x86_64-win32/lib/newt_head.dll,32971,67072
editor/scene_cache,33937,66932
_unpack/x86_64-win32/bin/lsp/lua/meta/default utf8/System.Data.SqlClient.lua,5968,66790
games/familyisland.jpg,66499,66615
logo_blue.png,63647,64801
Defold/logo_blue.png,64801,64801
_unpack/x86_64-win32/bin/lsp/lua/meta/3rd/lovr/library/lovr/physics.lua,9982,64247
editor/keymap,31622,64114
libexec/x86_64-win32/libogg.dll,30548,64000
editor/light__init,19374,63444
editor/types__init,19056,63230
_unpack/x86_64-win32/bin/lsp/lua/meta/default utf8/System.Security.Permissions.lua,3986,62304
editor/fxui/combo_box,31635,62164
_unpack/x86_64-win32/bin/lsp/lua/meta/default utf8/System.Xml.Serialization.lua,4619,62107
editor/render_util,30203,61710
editor/editor_extensions/ui_docs,31406,61677
google/protobuf/descriptor.proto,16464,61186
editor/editor_localization_bundle,28302,60825
_unpack/x86_64-win32/bin/lsp/lua/meta/default utf8/System.Xml.Schema.lua,4990,60723
antlr/CSharpCodeGenerator.class,28367,60371
editor/background,29101,60285
lib/luajit-share.zip,58016,59560
doc/gameobject_script.cpp_doc.sdoc,10464,59451
editor/defold_project_search,29874,59450
doc/dmsdk-gameobject-gameobject.h_doc.sdoc,7496,59387
_unpack/x86_64-win32/bin/lsp/lua/meta/default utf8/System.Runtime.Serialization.lua,4448,59270
editor/lsp/async,30583,59228
editor/code/script__init,19526,59177
editor/editor_extensions/zip,30443,58401
prism_sw.dll,28951,58368
editor/lsp/project,29974,58226
editor/console__init,18803,57895
_unpack/x86_64-win32/bin/lsp/lua/bin/msvcp140_atomic_wait.dll,26639,57792
doc/scripts-script_resource.cpp_doc.sdoc,10063,57574
_unpack/x86_64-win32/bin/lsp/lua/meta/default utf8/System.Data.Common.lua,5384,57519
_unpack/x86_64-win32/bin/lsp/lua/meta/default utf8/System.ComponentModel.Design.lua,4802,57501
_unpack/x86_64-win32/lib/nativewindow_win32.dll,26312,57344
editor/build,28736,57204
editor/pipeline/bob,28930,57002
editor/pipeline/shader_gen,28486,56609
editor/boot,29716,56472
doc/render-render_script.cpp_doc.sdoc,11751,56454
antlr/JavaCodeGenerator.class,27222,56271
games/monkeymart.jpg,55229,56030
_unpack/x86_64-win32/bin/lsp/lua/meta/default utf8/UnityEngine.Playables.lua,6735,55222
antlr/PythonCodeGenerator.class,27221,54595
_unpack/x86_64-win32/bin/lsp/lua/meta/default utf8/System.Security.Cryptography.X509Certificates.lua,3925,54065
editor/resource__init,16025,53816
_unpack/x86_64-win32/bin/lsp/lua/script/provider/provider.lua,8596,53728
editor/ui/bindings,27404,53678
editor/editor_extensions/actions,27632,53522
editor/game_object__init,16634,53504
editor/protobuf__init,16051,53499
_unpack/x86_64-win32/bin/lsp/lua/meta/3rd/lovr/library/lovr/data.lua,11644,53434
doc/src-script_vmath.cpp_doc.sdoc,8543,53089
_unpack/x86_64-win32/bin/lsp/lua/locale/ja-jp/meta.lua,12276,52949
_unpack/x86_64-win32/bin/lsp/lua/meta/default utf8/System.Net.NetworkInformation.lua,4412,52892
editor/editor_extensions/prefs_functions,26243,52884
editor/sentry,27164,52530
editor/diff_view,25920,52391
games/fatesofort.jpg,52236,52268
editor/model__init,16906,52130
editor/defold_project__init,17065,51401
editor/input,25905,51001
editor/color_dropper,24320,50799
games/solitairejazztravel.jpg,50345,50523
editor/gl/light,24925,50175
_unpack/x86_64-win32/bin/lsp/lua/meta/default utf8/UnityEngine.Timeline.lua,4285,50140
_unpack/x86_64-win32/bin/lsp/lua/bin/vcruntime140_1.dll,26615,50112
vcruntime140_1.dll,26418,49776
editor/ui/fuzzy_combo_box,25788,49688
editor/graph_util,23982,49477
editor/editor_extensions/ui_docs__init,17593,49373
builtins/fonts/vera_mo_bd.ttf,27238,49052
doc/scripts-bullet3d-script_bullet3d_constraint.cpp_doc.sdoc,5836,48930
editor/error_reporting,25245,48552
_unpack/x86_64-win32/bin/lsp/lua/locale/ja-jp/script.lua,13202,48507
editor/ui/updater,24522,48498
editor/scene_async,25151,48216
editor/camera__init,14863,48153
_unpack/x86_64-win32/bin/lsp/lua/meta/default utf8/System.CodeDom.lua,3366,47969
_unpack/x86_64-win32/bin/lsp/lua/locale/es-419/meta.lua,11872,47169
_unpack/x86_64-win32/bin/lsp/lua/meta/3rd/lovr/library/lovr/math.lua,8503,47164
editor/code/syntax,23460,46971
_unpack/x86_64-win32/bin/lsp/lua/meta/default utf8/System.Text.lua,2942,46599
_unpack/x86_64-win32/bin/lsp/lua/meta/default utf8/UnityEngine.AI.lua,7545,46368
games/plaguelords.jpg,46166,46273
_unpack/shared/lua-annotations/render.lua,10190,46227
lua-annotations/render.lua,10190,46227
_unpack/x86_64-win32/bin/lsp/lua/locale/pt-br/meta.lua,11718,46150
editor/shared_editor_settings,22965,46030
lua-annotations/editor.editor_script,7922,45704
_unpack/shared/lua-annotations/editor.editor_script,7922,45704
_unpack/x86_64-win32/lib/gluegen_rt.dll,21839,45568
editor/prefs__init,15030,45535
dialogs.css,5721,45515
editor/model_loader,23498,45473
editor/recent_files,23410,45373
editor/editor_extensions/http_server,23128,45233
_unpack/x86_64-win32/bin/lsp/lua/meta/default utf8/System.Runtime.CompilerServices.lua,4272,45153
org/objectweb/asm/ClassReader.class,22697,45120
editor/workspace__init,14492,44755
games/lookyourloot.jpg,44393,44569
lua-annotations/graphics.lua,4771,44564
_unpack/shared/lua-annotations/graphics.lua,4771,44564
games/duozombies.jpg,44021,44360
editor/fuzzy_text,23209,44311
editor/sprite__init,14579,44113
_unpack/x86_64-win32/bin/lsp/lua/meta/default utf8/System.Security.Policy.lua,3300,44034
editor/engine_profiler,21833,43869
editor/editor_extensions/ui_components__init,14470,43861
editor/resource_dialog,22564,43673
editor/rig,22127,43556
_unpack/x86_64-win32/bin/lsp/lua/locale/en-us/meta.lua,10995,43536
editor/texture/engine,22469,43481
editor/cljfx_form_view__init,15109,43288
_unpack/shared/lua-annotations/meta.editor_script,5612,43002
lua-annotations/meta.editor_script,5612,43002
editor/lsp/server__init,13942,42671
editor/properties__init,14403,42559
_unpack/x86_64-win32/bin/lsp/lua/locale/es-419/script.lua,12736,42540
editor/model_util,20445,42226
doc/dmsdk-resource-resource.h_doc.sdoc,5240,41601
editor/slice9,21411,41465
_unpack/x86_64-win32/bin/lsp/lua/locale/zh-tw/meta.lua,12161,41392
_unpack/x86_64-win32/bin/lsp/lua/locale/pt-br/script.lua,12500,41385
javax/vecmath/Matrix4d.class,16540,41153
editor/render_program_utils,19961,41138
editor/lsp__init,13426,41127
editor/gl__init,11066,41108
editor/material__init,14159,41100
_unpack/x86_64-win32/bin/lsp/lua/locale/zh-cn/meta.lua,12198,41088
_unpack/x86_64-win32/bin/lsp/lua/meta/default utf8/System.Collections.Generic.lua,2904,40597
_unpack/x86_64-win32/bin/lsp/lua/meta/default utf8/System.Xml.Linq.lua,2798,40527
editor/validation,21659,40523
lua-annotations/resource.lua,7920,40420
_unpack/shared/lua-annotations/resource.lua,7920,40420
editor/curve_view__init,13389,40053
_unpack/x86_64-win32/bin/lsp/lua/meta/3rd/Defold/library/luasocket.lua,6937,39799
editor/editor_tab,19563,39690
editor/http_server/prefs,19859,39609
_unpack/x86_64-win32/bin/lsp/lua/meta/default utf8/UnityEngine.iOS.lua,5045,39524
_unpack/x86_64-win32/bin/lsp/lua/meta/3rd/Defold/library/gui.lua,8509,39464
internal/transaction__init.class,12200,39359
_unpack/shared/lua-annotations/go.lua,6752,38940
lua-annotations/go.lua,6752,38940
_unpack/x86_64-win32/bin/lsp/lua/bin/vcruntime140_threads.dll,20330,38840
_unpack/x86_64-win32/bin/lsp/lua/locale/en-us/script.lua,11630,38646
editor/game_object_non_editable__init,10355,38513
editor/editor_extensions/graph__init,13338,38179
_unpack/x86_64-win32/bin/lsp/lua/locale/zh-tw/script.lua,12489,38003
editor/doc,20244,37965
_unpack/x86_64-win32/bin/lsp/lua/locale/zh-cn/script.lua,12465,37827
editor/gl/types,19663,37794
_unpack/x86_64-win32/bin/lsp/lua/meta/default utf8/UnityEngine.Tilemaps.lua,4567,37778
_unpack/x86_64-win32/bin/lsp/lua/script/parser/guide.lua,6630,37744
_unpack/x86_64-win32/bin/lsp/lua/meta/default utf8/System.Data.OleDb.lua,3701,37630
javax/vecmath/Matrix4f.class,15463,37124
editor/code/shader_compilation,17929,37055
editor/ui/proxy,10994,36721
_unpack/x86_64-win32/bin/lsp/lua/locale/ja-jp/setting.lua,9670,36681
javafx-swt.jar,34652,36680
doc/dmsdk-gameobject-component.h_doc.sdoc,4238,36612
_unpack/x86_64-win32/bin/lsp/lua/meta/3rd/Cocos4.0/library/cc/Node.lua,7352,36196
doc/scripts-box2d-v3-script_box2d_joint_v3.cpp_doc.sdoc,2835,36123
icons/document.iconset/icon_128x128@2x.png,35882,36060
icons/document.iconset/icon_256x256.png,35882,36060
editor/code/data/LayoutInfo,16338,36025
_unpack/x86_64-win32/bin/lsp/lua/locale/es-419/setting.lua,9600,35977
msvcp140_1.dll,18203,35920
_unpack/x86_64-win32/bin/lsp/lua/meta/default utf8/UnityEngine.EventSystems.lua,3058,35827
_unpack/x86_64-win32/bin/lsp/lua/bin/msvcp140_1.dll,17788,35768
editor/ns_batch_builder,18425,35291
editor/debug_view__init,11994,35261
editor/editor_extensions/prefs_docs,16711,35196
_unpack/x86_64-win32/bin/lsp/lua/meta/3rd/love2d/library/love/audio.lua,7059,35190
icons/app.iconset/icon_128x128@2x.png,34815,34940
doc/scripts-box2d-script_box2d.cpp_doc.sdoc,4639,34840
icons/app.iconset/icon_256x256.png,34668,34787
editor/texture/math,18002,34773
editor/gl/shader/ShaderLifecycle,15183,34571
doc/dmsdk-script-script.h_doc.sdoc,5088,34533
editor/util,18149,34504
_unpack/x86_64-win32/bin/lsp/lua/meta/default utf8/UnityEngine.PlayerLoop.lua,2116,34430
cljs/tools/reader.cljs,8447,34392
editor/asset_browser__init,12105,34384
editor/scene_tools__init,12195,34287
_unpack/shared/luajit/jit/dis_x86.lua,10498,34234
editor/handler__init,11373,34231
editor/resource/FileResource,14968,34225
_unpack/x86_64-win32/bin/lsp/lua/meta/default utf8/System.Net.Http.Headers.lua,2358,34140
editor/gl/pass,18839,33960
_unpack/x86_64-win32/bin/lsp/lua/meta/default utf8/UnityEngine.WSA.lua,4021,33940
editor/label__init,11751,33920
editor/math__init,10492,33844
doc/dmsdk-render-render.h_doc.sdoc,4254,33789
doc/scripts-script_physics.cpp_doc.sdoc,6357,33689
editor/cubemap__init,11241,33685
_unpack/shared/lua-annotations/vmath.lua,6896,33550
lua-annotations/vmath.lua,6896,33550
_unpack/x86_64-win32/bin/lsp/lua/script/utility.lua,7894,33534
editor/web_server,18062,33318
editor/yaml,16513,33264
editor/fxui__init,11883,33070
editor/notifications_view,16302,32971
_unpack/x86_64-win32/bin/lsp/lua/locale/pt-br/setting.lua,8979,32796
antlr/actions/csharp/ActionLexer.class,11333,32774
doc/dmsdk-extension-extension_gen.hpp_doc.sdoc,3717,32773
doc/scripts-box2d-v3-script_box2d_body_v3.cpp_doc.sdoc,4364,32760
editor/mesh__init,11286,32725
_unpack/x86_64-win32/bin/lsp/lua/meta/default utf8/UnityEngine.Experimental.TerrainAPI.lua,4595,32702
com/googlecode/javaewah/EWAHCompressedBitmap.class,15475,32544
doc/scripts-box2d-v2-script_box2d_joint_v2.cpp_doc.sdoc,2907,32511
internal/graph__init.class,10296,32434
_unpack/x86_64-win32/bin/lsp/lua/script/core/semantic-tokens.lua,4261,32376
com/googlecode/javaewah32/EWAHCompressedBitmap32.class,15260,32345
antlr/actions/python/ActionLexer.class,11171,32284
org/objectweb/asm/MethodWriter.class,15528,32222
javax/vecmath/Matrix3d.class,15289,32141
_unpack/x86_64-win32/bin/lsp/lua/locale/en-us/setting.lua,8637,32103
bundle.editor_script,5306,32014
cljs/core/async.cljs,8573,31929
editor/form,17012,31860
antlr/actions/cpp/ActionLexer.class,11324,31796
builtins/assets/images/logo/logo_blue_256.png,31705,31777
editor/scene_layout,15295,31557
_unpack/x86_64-win32/bin/lsp/lua/script/vm/tracer.lua,4769,31550
antlr/actions/java/ActionLexer.class,10815,31425
editor/scene_visibility__init,9935,31404
_unpack/x86_64-win32/bin/lsp/lua/script/vm/type.lua,4952,31315
editor/editor_extensions__init,10629,31194
cljs/core/async/impl/ioc_macros.clj,7280,31194
_unpack/x86_64-win32/bin/lsp/lua/meta/3rd/love2d/library/love/math.lua,5472,31179
_unpack/x86_64-win32/bin/lsp/lua/bin/msvcp140_codecvt_ids.dll,16358,31160
games/voidscrappers.jpg,31012,31150
logo_text.png,30315,31148
_unpack/x86_64-win32/bin/lsp/lua/meta/default utf8/UnityEngine.Experimental.GlobalIllumination.lua,3396,31032
_unpack/shared/luajit/jit/dis_arm64.lua,6836,30867
_unpack/x86_64-win32/bin/lsp/lua/meta/default utf8/System.Configuration.lua,2896,30827
doc/dmsdk-hid-hid.h_doc.sdoc,3743,30813
api-ms-win-crt-math-l1-1-0.dll,10918,30328
api-ms-win-crt-multibyte-l1-1-0.dll,10096,30328
com/samskivert/mustache/Mustache.java,6675,30321
editor/outline_view__init,10519,30263
_unpack/x86_64-win32/bin/lsp/lua/meta/default utf8/UnityEngine.TextCore.LowLevel.lua,3051,29765
editor/resource/ZipResource,13075,29629
logo-ver-outline-white.png,25418,29332
_unpack/x86_64-win32/bin/lsp/lua/meta/3rd/lovr/library/lovr/audio.lua,6341,29316
_unpack/x86_64-win32/bin/lsp/lua/script/plugins/ffi/c-parser/cpp.lua,5503,29299
_unpack/x86_64-win32/bin/lsp/lua/meta/default utf8/UnityEngine.Video.lua,4231,29182
_unpack/x86_64-win32/bin/lsp/lua/meta/default utf8/System.Data.Odbc.lua,2953,29171
engine-profiler/remotery/vis/Code/Remotery.js,6202,29132
editor/types/Camera,13428,29041
editor/graphics/types__init,9351,29032
editor/ui/fuzzy_choices,14874,29004
_unpack/x86_64-win32/bin/lsp/lua/meta/default utf8/System.Security.lua,3172,28732
_unpack/x86_64-win32/bin/lsp/lua/locale/zh-tw/setting.lua,9170,28624
editor/settings__init,8953,28475
_unpack/x86_64-win32/bin/lsp/lua/locale/zh-cn/setting.lua,9177,28459
builtins/assets/images/logo/logo_256.png,26991,28213
javax/vecmath/GMatrix.class,13808,28162
doc/src-script_sys.cpp_doc.sdoc,6858,28128
antlr/ANTLRParser.class,11845,28106
lua-annotations/sys.lua,7194,28093
_unpack/shared/lua-annotations/sys.lua,7194,28093
_unpack/x86_64-win32/bin/lsp/lua/meta/default utf8/UnityEngine.Assertions.lua,1175,27828
_unpack/x86_64-win32/bin/lsp/lua/meta/default utf8/System.Net.Security.lua,1878,27790
_unpack/x86_64-win32/bin/lsp/lua/meta/default utf8/System.CodeDom.Compiler.lua,2752,27645
_unpack/x86_64-win32/bin/lsp/lua/meta/default utf8/UnityEngine.Windows.WebCam.lua,3159,27557
_unpack/x86_64-win32/bin/lsp/lua/meta/default utf8/System.Diagnostics.Eventing.Reader.lua,2464,27373
editor/collection_non_editable__init,7715,27312
doc/scripts-bullet3d-script_bullet3d_world.cpp_doc.sdoc,5853,27235
editor/sound__init,9088,27226
editor/collection_string_data,13142,26916
doc/scripts-box2d-v2-script_box2d_body_v2.cpp_doc.sdoc,3552,26873
editor/code/data/Rect,7964,26777
_unpack/x86_64-win32/bin/lsp/lua/script/plugins/ffi/c-parser/c99.lua,6041,26775
editor/pipeline/tex_gen,13407,26744
editor/font/NativeRendererSpec,12187,26688
_unpack/x86_64-win32/bin/lsp/lua/script/files.lua,6311,26410
doc/src-script_graphics.cpp_doc.sdoc,3515,26383
api-ms-win-core-file-l1-1-0.dll,8745,26232
api-ms-win-crt-convert-l1-1-0.dll,9020,26216
api-ms-win-crt-string-l1-1-0.dll,9780,26216
api-ms-win-crt-stdio-l1-1-0.dll,9630,26216
api-ms-win-crt-runtime-l1-1-0.dll,9198,26216
editor/camera_editor__init,8723,26212
util/coll__init.class,8943,26117
editor/code/lang/cish__init,9793,25912
release-notes/1.14.1.json,4613,25804
editor/future,13316,25589
editor/resource_node__init,8363,25511
doc/dmsdk-resource-resource_gen.hpp_doc.sdoc,2832,25448
editor/gl/texture__init,8320,25363
editor/system,14159,25349
editor/types/EngineFormatTexture,11422,25311
doc/scripts-bullet3d-script_bullet3d_rigid_body.cpp_doc.sdoc,3528,25278
editor/model_scene__init,8348,25269
_unpack/x86_64-win32/bin/lsp/lua/meta/default utf8/UnityEngine.Rendering.VirtualTexturing.lua,3198,25257
editor/types/TextureSetAnimation,11374,25239
editor/types/FrustumCorners,11258,25089
editor/keymap__init,9596,25052
builtins/assets/gltf/sphere.gltf,8832,25042
_unpack/x86_64-win32/bin/lsp/lua/meta/default utf8/System.Xml.XPath.lua,2335,24958
org/projectodd/shimdandy/impl/ClojureRuntimeShimImpl.class,5834,24928
_unpack/x86_64-win32/bin/lsp/lua/meta/3rd/love2d/library/love/keyboard.lua,4481,24746
_unpack/x86_64-win32/bin/lsp/lua/meta/3rd/lovr/library/lovr/headset.lua,5523,24685
editor/scene_shapes__init,9506,24677
editor/render_target__init,8140,24608
editor/gl/shader__init,7877,24600
_unpack/x86_64-win32/bin/lsp/lua/meta/default utf8/UnityEngine.Windows.Speech.lua,3337,24592
_unpack/x86_64-win32/bin/lsp/lua/meta/default utf8/System.Collections.lua,2046,24516
editor/code/util,13088,24408
_unpack/x86_64-win32/bin/lsp/lua/meta/default utf8/UnityEngine.SceneManagement.lua,2823,24335
editor/properties_view__init,8788,24250
editor/node_util,12303,24241
logo.png,23779,24099
editor/engine/build_errors__init,8078,23964
_unpack/x86_64-win32/bin/lsp/lua/meta/default utf8/System.Dynamic.lua,1602,23929
_unpack/x86_64-win32/bin/lsp/lua/meta/3rd/love2d/library/love/filesystem.lua,4625,23913
editor/code/resource__init,8219,23901
_unpack/x86_64-win32/bin/lsp/lua/script/config/template.lua,4294,23886
doc/dmsdk-font-text_layout.h_doc.sdoc,4620,23840
lib/classes.dex,11214,23840
_unpack/x86_64-win32/bin/lsp/lua/script/core/code-action.lua,4131,23742
editor/buffers__init,7520,23622
editor/types/TextureSetAnimationFrame,10486,23438
TestScript/TestDdf$Msg$Builder.class,8101,23353
doc/dmsdk-extension-extension.h_doc.sdoc,3791,23192
editor/icons,12513,23174
editor/types/Image,10492,23172
editor/gl/vertex__init,8029,23038
editor/atlas/AtlasRect,10306,22848
editor/code/shader__init,8506,22813
_unpack/x86_64-win32/bin/lsp/lua/meta/default utf8/UnityEngine.Android.lua,3210,22798
editor/debug,12071,22723
_unpack/x86_64-win32/bin/lsp/lua/meta/3rd/Defold/library/render.lua,5864,22640
editor/editor_extensions/tile_map,11775,22638
_unpack/x86_64-win32/bin/lsp/lua/meta/3rd/love2d/library/love/image.lua,3753,22580
editor/gl/attribute__init,6312,22552
_unpack/x86_64-win32/bin/lsp/lua/meta/default utf8/System.Security.Principal.lua,2113,22535
doc/dmsdk-dlib-profile.h_doc.sdoc,2528,22347
editor/game_project__init,7631,22325
lua-annotations/physics.lua,4710,22261
_unpack/shared/lua-annotations/physics.lua,4710,22261
editor/search_results_view__init,7341,22240
api-ms-win-core-console-l1-2-0.dll,7824,22136
api-ms-win-core-errorhandling-l1-1-0.dll,7670,22136
api-ms-win-core-memory-l1-1-0.dll,7810,22136
api-ms-win-core-rtlsupport-l1-1-0.dll,7843,22136
api-ms-win-crt-heap-l1-1-0.dll,7942,22136
api-ms-win-core-console-l1-1-0.dll,7785,22136
api-ms-win-core-debug-l1-1-0.dll,7623,22136
api-ms-win-core-heap-l1-1-0.dll,7817,22136
api-ms-win-core-localization-l1-2-0.dll,8508,22136
api-ms-win-core-processenvironment-l1-1-0.dll,7884,22136
api-ms-win-core-synch-l1-1-0.dll,8218,22136
api-ms-win-core-util-l1-1-0.dll,7619,22136
api-ms-win-crt-process-l1-1-0.dll,7988,22136
api-ms-win-core-handle-l1-1-0.dll,7637,22136
api-ms-win-core-libraryloader-l1-1-0.dll,7976,22136
api-ms-win-core-namedpipe-l1-1-0.dll,7740,22136
api-ms-win-core-synch-l1-2-0.dll,7878,22136
api-ms-win-crt-locale-l1-1-0.dll,7906,22136
api-ms-win-crt-utility-l1-1-0.dll,7938,22136
api-ms-win-core-file-l2-1-0.dll,7749,22120
api-ms-win-core-interlocked-l1-1-0.dll,7642,22120
api-ms-win-core-processthreads-l1-1-0.dll,8369,22120
api-ms-win-core-sysinfo-l1-1-0.dll,7940,22120
api-ms-win-crt-conio-l1-1-0.dll,7934,22120
api-ms-win-crt-filesystem-l1-1-0.dll,8386,22120
api-ms-win-core-file-l1-2-0.dll,7614,22120
api-ms-win-core-profile-l1-1-0.dll,7574,22120
api-ms-win-core-datetime-l1-1-0.dll,7578,22120
api-ms-win-core-processthreads-l1-1-1.dll,7818,22120
api-ms-win-core-timezone-l1-1-0.dll,7772,22120
api-ms-win-crt-environment-l1-1-0.dll,7770,22120
api-ms-win-crt-time-l1-1-0.dll,8474,22120
editor/fs__init,7018,22113
api-ms-win-core-string-l1-1-0.dll,7662,22112
_unpack/x86_64-win32/bin/lsp/lua/meta/default utf8/System.Runtime.Remoting.Messaging.lua,1764,22104
editor/code_completion__init,7331,22066
doc/scripts-bullet3d-script_bullet3d_collision_object.cpp_doc.sdoc,3102,22024
_unpack/x86_64-win32/bin/lsp/lua/meta/default utf8/System.Runtime.Remoting.Metadata.W3cXsd2001.lua,1097,22013
_unpack/shared/luajit/jit/dis_mips.lua,4871,22010
editor/tile_map_common/Tile,9861,22001
editor/field_expression,12132,21916
editor/editor_extensions/runtime__init,7478,21907
_unpack/x86_64-win32/bin/lsp/lua/meta/default utf8/System.Diagnostics.Tracing.lua,2002,21698
editor/breakpoints_view__init,7446,21630
javax/vecmath/Matrix3f.class,9394,21533
_unpack/x86_64-win32/bin/lsp/lua/script/library.lua,4588,21447
editor/gl/attribute/TransformedAttributeValueBinding,9671,21378
editor/color_dropper/ColorDropper,9467,21347
_unpack/x86_64-win32/bin/lsp/lua/script/json-edit.lua,4112,21338
_unpack/x86_64-win32/bin/lsp/lua/script/vm/global.lua,3674,21294
editor/process,11445,21199
editor/code/transpilers__init,6867,21196
_unpack/x86_64-win32/bin/lsp/lua/meta/3rd/skynet/library/skynet.lua,7526,21159
editor/dialogs__init,7412,21068
editor/types/FrustumPlanes,9407,21008
editor/types/Animation,9462,20960
_unpack/x86_64-win32/bin/lsp/lua/meta/default utf8/System.Runtime.Remoting.Channels.lua,1847,20959
templates/template.gamepads,1048,20892
doc/lua_base.doc_h_doc.sdoc,5330,20841
_unpack/shared/luajit/jit/dump.lua,6393,20755
_unpack/x86_64-win32/bin/lsp/lua/meta/default utf8/System.Runtime.Remoting.lua,2232,20714
internal/util__init.class,7349,20614
editor/input/InputState,9354,20609
_unpack/x86_64-win32/bin/lsp/lua/meta/default utf8/System.Net.Configuration.lua,1941,20545
editor/welcome__init,6955,20519
doc/scripts-script_sound.cpp_doc.sdoc,4607,20516
editor/geom__init,7475,20514
editor/resource/MemoryResource,8756,20510
_unpack/x86_64-win32/bin/lsp/lua/meta/3rd/Cocos4.0/library/cc/ParticleSystem.lua,3156,20490
editor/localization__init,6850,20471
_unpack/x86_64-win32/bin/lsp/lua/meta/default utf8/UnityEngine.UIElements.Experimental.lua,1824,20470
editor/lua,10902,20411
doc/dmsdk-dlib-http.h_doc.sdoc,2805,20308
_unpack/shared/luajit/jit/dis_ppc.lua,5769,20301
_unpack/x86_64-win32/bin/lsp/lua/script/provider/diagnostic.lua,4335,19927
editor/gl/attribute/TransformedAttributeBufferLifecycle,8837,19856
_unpack/x86_64-win32/bin/lsp/lua/meta/3rd/Defold/library/game_object.lua,4636,19802
editor/workspace/BuildResource,8119,19771
antlr/DiagnosticCodeGenerator.class,9266,19766
editor/gl/texture/TextureLifecycle,8753,19751
_unpack/x86_64-win32/bin/lsp/lua/meta/default utf8/UnityEngine.U2D.lua,3548,19628
_unpack/x86_64-win32/bin/lsp/lua/script/client.lua,4085,19623
editor/code/view/GlyphMetrics,8857,19594
editor/targets__init,7162,19558
editor/lua_parser,9180,19555
editor/settings_core__init,6918,19534
editor/outline__init,7122,19513
editor/editor_extensions/localization,9897,19507
editor/code/data/GestureInfo,8821,19373
_unpack/shared/luajit/jit/dis_arm.lua,4758,19344
editor/render_pb__init,6626,19298
editor/gl/shader/ShaderRequestData,8703,19276
editor/github,10110,19249
javax/LICENSE.txt,7186,19241
_unpack/x86_64-win32/bin/lsp/lua/script/workspace/workspace.lua,4394,19240
doc/dmsdk-gui-gui.h_doc.sdoc,2555,19178
editor/types/TexturePacking,8588,19174
editor/types/Rect,8685,19168
_unpack/x86_64-win32/bin/lsp/lua/meta/default utf8/System.Collections.Specialized.lua,1738,19142
editor/display_profiles__init,6494,19097
_unpack/x86_64-win32/bin/lsp/lua/script/vm/operator.lua,3492,19047
plumbing/fnk/impl.clj,5320,18995
editor/localization/MessageWithNestedPatterns,8362,18932
_unpack/x86_64-win32/bin/lsp/lua/meta/default utf8/System.Xml.Xsl.lua,1697,18922
_unpack/x86_64-win32/bin/lsp/lua/meta/template/string.buffer.lua,6286,18878
org/objectweb/asm/SymbolTable.class,8607,18866
cljs/tools/cli.cljs,5749,18852
_unpack/x86_64-win32/bin/lsp/lua/meta/3rd/love2d/library/love/window.lua,3910,18823
editor/graphics__init,6261,18729
util/num__init.class,6345,18683
editor/handler/Context,8450,18678
editor/localization/Join,8397,18594
doc/dmsdk-dlib-vmath.h_doc.sdoc,2144,18547
_unpack/x86_64-win32/bin/lsp/lua/meta/default utf8/System.Net.Mail.lua,2237,18503
_unpack/x86_64-win32/bin/lsp/lua/meta/Lua 5.4 zh-cn utf8/string/buffer.lua,6243,18490
_unpack/x86_64-win32/bin/lsp/lua/meta/LuaJIT zh-cn utf8/string/buffer.lua,6243,18490
editor/colors,9811,18481
util/path__init.class,6481,18425
doc/dmsdk-dlib-socket.h_doc.sdoc,2806,18422
icons/slask/ex.png,4516,18381
editor/pose__init,5710,18361
editor/resource_io,8785,18235
_unpack/x86_64-win32/bin/lsp/lua/meta/default utf8/System.Net.Http.lua,1749,18222
_unpack/x86_64-win32/bin/lsp/lua/script/doctor.lua,3939,18202
editor/gl/vertex2__init,5955,18166
doc/scripts-script_material.cpp_doc.sdoc,2758,18092
_unpack/x86_64-win32/bin/lsp/lua/meta/default utf8/System.Collections.Concurrent.lua,1536,18085
_unpack/x86_64-win32/bin/lsp/lua/meta/3rd/luv/library/types.lua,4558,18068
editor/animation_set__init,6247,18003
antlr/ANTLRLexer.class,7342,17990
_unpack/shared/luajit/jit/bcsave.lua,5246,17827
editor/types/Region,8086,17772
prelude.lua,3497,17726
editor/ui/fuzzy_choices_popup,9168,17725
_unpack/x86_64-win32/bin/lsp/lua/meta/3rd/Defold/library/vector_math.lua,3855,17706
_unpack/x86_64-win32/bin/lsp/lua/script/vm/infer.lua,3616,17654
editor/editor_extensions/image,9354,17624
_unpack/x86_64-win32/bin/lsp/lua/meta/Lua 5.4 zh-cn utf8/basic.lua,5509,17622
_unpack/x86_64-win32/bin/lsp/lua/script/plugins/ffi/c-parser/ctypes.lua,3653,17586
editor/curve_view/proxy,5084,17556
editor/prefs_dialog__init,6037,17489
_unpack/x86_64-win32/bin/lsp/lua/script/fs-utility.lua,3198,17430
editor/bootloader,9243,17425
_unpack/x86_64-win32/bin/lsp/lua/script/vm/sign.lua,3307,17411
editor/types/Frustum,7742,17391
editor/editor_extensions/vm__init,6094,17368
editor/outline_view/proxy,5014,17355
editor/fxui/proxy,5007,17347
doc/scripts-box2d-v3-script_box2d_world_v3.cpp_doc.sdoc,2193,17326
editor/scene_selection__init,6211,17322
editor/code/data/SpliceInfo,7812,17314
antlr/MakeGrammar.class,8315,17275
editor/factory__init,6217,17272
editor/localization/Transform,7672,17267
internal/system__init.class,6311,17267
editor/updater__init,6034,17249
editor/progress/Progress,7766,17242
editor/editor_extensions/server,8995,17185
javax/xml/bind/DatatypeConverterImpl.class,7674,17174
org/objectweb/asm/ClassWriter.class,7278,17166
editor/library,8333,17159
_unpack/x86_64-win32/bin/lsp/lua/meta/3rd/OpenResty/library/cjson.lua,4958,17129
editor/gl/pass/RenderPass,7625,17111
editor/gl/attribute/AttributeBufferBinding,7817,17099
org/objectweb/asm/Frame.class,8815,17092
editor/types/TextureSet,7666,17091
editor/editor_extensions/coerce/RegexOp,7531,17087
editor/code/view/CodeEditorGutterView,7638,17053
editor/code/view/CursorRangeDrawInfo,7557,16941
_unpack/x86_64-win32/bin/lsp/lua/meta/default utf8/System.ComponentModel.Design.Serialization.lua,1687,16923
editor/lsp/base,9185,16906
editor/code/syntax/Match,7579,16882
editor/hot_reload,8985,16877
editor/localization/ListWithNestedPatterns,7473,16850
_unpack/x86_64-win32/bin/lsp/lua/meta/3rd/Cocos4.0/library/cc/FileUtils.lua,3482,16815
internal/node/OverrideNode.class,6762,16803
_unpack/x86_64-win32/bin/lsp/lua/meta/3rd/Cocos4.0/library/ccui/Widget.lua,3452,16781
_unpack/x86_64-win32/bin/lsp/lua/script/core/hover/description.lua,3494,16765
antlr/preprocessor/PreprocessorLexer.class,6605,16672
editor/gl/attribute/AttributeRenderArgBinding,7369,16671
_unpack/x86_64-win32/bin/lsp/lua/meta/default utf8/System.Text.RegularExpressions.lua,1465,16646
editor/compute__init,6080,16630
antlr/LLkAnalyzer.class,8018,16612
doc/lua_string.doc_h_doc.sdoc,4634,16557
_unpack/x86_64-win32/bin/lsp/lua/meta/default utf8/System.Diagnostics.SymbolStore.lua,1802,16551
editor/game_project/CustomResource,6539,16548
internal/cache__init.class,5414,16527
editor/gl/attribute/AttributeBufferLifecycle,7241,16511
_unpack/x86_64-win32/bin/lsp/lua/meta/LuaJIT zh-cn utf8/basic.lua,5143,16482
editor/gl/attribute/AttributeValueBinding,7201,16446
editor/gl/attribute/IndexBufferLifecycle,7253,16431
editor/gamepads/GamepadDatabaseBuildResource,6428,16399
_unpack/x86_64-win32/bin/lsp/lua/meta/3rd/OpenResty/library/resty/dns/resolver.lua,4365,16328
editor/luajit,8797,16300
doc/gamesys-physics_ddf.proto_doc.sdoc,2680,16147
builtins/manifests/android/vkqualitydata.vkq,5209,16088
doc/scripts-script_collectionproxy.cpp_doc.sdoc,3124,16061
editor/debugging/dap/Session,7153,16051
_unpack/x86_64-win32/bin/lsp/lua/meta/default utf8/UnityEngine.Profiling.lua,2857,16035
editor/scene/proxy,4572,16031
javax/xml/bind/ContextFinder.class,7179,16031
editor/collection_common__init,5031,15998
editor/gl/vertex/VertexBufferShaderLink,6926,15840
editor/gl/attribute/TransformedAttributeBufferData,6983,15821
_unpack/x86_64-win32/bin/lsp/lua/meta/3rd/luv/library/errors.lua,3063,15790
TestScript/TestDdf$Msg.class,5851,15780
_unpack/x86_64-win32/bin/lsp/lua/script/json.lua,3412,15773
doc/dmsdk-dlib-buffer.h_doc.sdoc,2691,15771
util/http_server/types__init.class,5403,15763
_unpack/x86_64-win32/bin/lsp/lua/script/vm/function.lua,2713,15748
internal/node/NodeTypeImpl.class,6001,15678
engine-profiler/remotery/vis/Code/TimelineRow.js,3756,15673
engine-profiler/remotery/vis/extern/BrowserLib/WindowManager/Styles/WindowManager.css,2978,15658
_unpack/x86_64-win32/bin/lsp/lua/meta/default utf8/UnityEngine.Experimental.AI.lua,2925,15630
_unpack/x86_64-win32/bin/lsp/lua/meta/3rd/Cocos4.0/library/ccui/ScrollView.lua,2429,15585
editor/grid__init,5823,15521
editor/texture_set__init,5655,15498
_unpack/x86_64-win32/bin/lsp/lua/meta/default utf8/UnityEngine.SocialPlatforms.lua,1957,15483
editor/build_target,7612,15473
plumbing/core.cljs,3132,15455
plumbing/core.clj,5491,15455
editor/localization/SimpleMessage,6723,15374
cljs/tools/reader/edn.cljs,4250,15359
editor/graphics/types/ElementType,6848,15331
editor/editor_extensions/node_types,7504,15327
_unpack/x86_64-win32/bin/lsp/lua/meta/3rd/Cocos4.0/library/cc/PhysicsBody.lua,3204,15300
mime.types,4523,15293
editor/collection_proxy__init,5267,15255
engine-profiler/remotery/vis/Code/TimelineWindow.js,3529,15166
editor/markdown_view__init,5522,15158
editor/code/data/Subsequence,6724,15128
editor/types/Vertices,6728,15126
editor/properties/CurveSpread,6538,15056
_unpack/x86_64-win32/bin/lsp/lua/meta/3rd/love2d/library/love/joystick.lua,3279,14995
editor/game_project/DependencyMetadataResource,6244,14984
_unpack/x86_64-win32/bin/lsp/lua/meta/3rd/luassert/library/luassert.lua,3523,14962
doc/dmsdk-resource-resource.hpp_doc.sdoc,2073,14841
_unpack/x86_64-win32/bin/lsp/lua/script/vm/doc.lua,2699,14788
antlr/DefineGrammarSymbols.class,6404,14767
internal/node/NodeImpl.class,6177,14699
editor/pose/Pose,6577,14666
editor/editor_extensions/zlib,8049,14663
editor/scene_picking,7490,14500
_unpack/x86_64-win32/bin/lsp/lua/script/vm/node.lua,2253,14472
doc/scripts-script_model.cpp_doc.sdoc,3625,14427
_unpack/x86_64-win32/bin/lsp/lua/script/core/document-symbol.lua,2457,14389
editor/code/data/CursorRange,6325,14382
_unpack/x86_64-win32/lib/nativewindow_awt.dll,5434,14336
editor/protobuf_types__init,5337,14286
_unpack/x86_64-win32/bin/lsp/lua/meta/3rd/Cocos4.0/library/cc/Label.lua,3152,14271
doc/render-render_script_camera.cpp_doc.sdoc,2331,14211
editor/types/AABB,6247,14189
util/digestable__init.class,5258,14182
sponsors/moonactive.png,14139,14141
lua-annotations/socket.lua,3930,14007
_unpack/shared/lua-annotations/socket.lua,3930,14007
_unpack/x86_64-win32/bin/lsp/lua/script/core/rename.lua,2434,13998
editor/code/data/Cursor,6240,13993
editor/rulers__init,5576,13969
editor/lsp/server/MarkupContent,6121,13968
_unpack/x86_64-win32/bin/lsp/lua/meta/default utf8/System.IO.Pipes.lua,1583,13961
_unpack/x86_64-win32/bin/lsp/lua/meta/default utf8/System.IO.IsolatedStorage.lua,1455,13937
plumbing/core__init.class,5252,13930
editor/gui_attachment,7187,13907
editor/engine/native_extensions__init,4926,13862
_unpack/x86_64-win32/bin/lsp/lua/meta/3rd/OpenResty/library/ngx/pipe.lua,3491,13749
icons/app.iconset/icon_128x128.png,13745,13746
_unpack/x86_64-win32/bin/lsp/lua/script/core/completion/postfix.lua,1705,13603
meshes/camera-preview-edge-list.json,1352,13431
editor/code/text_file__init,4819,13424
editor/geom/DoubleRange,5967,13406
_unpack/x86_64-win32/bin/lsp/lua/meta/3rd/Cocos4.0/library/cc/Sprite.lua,3000,13383
_unpack/x86_64-win32/bin/lsp/lua/script/cli/doc/export.lua,3616,13379
editor/gl/attribute/AttributeBufferData,5814,13346
editor/localization/SimpleList,5813,13335
editor/gl/attribute/IndexBufferData,5820,13298
editor/image__init,4776,13286
_unpack/x86_64-win32/bin/lsp/lua/script/core/completion/keyword.lua,1701,13267
editor/lsp/project/ProjectLauncher,5896,13259
editor/debugging/dap__init,4725,13237
plumbing/graph.clj,4385,13226
plumbing/graph.cljs,3663,13226
_unpack/x86_64-win32/bin/lsp/lua/meta/default utf8/System.Net.WebSockets.lua,1535,13224
editor/asset_browser/AssetGroup,5764,13200
editor/pipeline/texture_set_gen__init,4661,13144
antlr/DocBookCodeGenerator.class,6469,13140
editor/code/syntax/AnalysisContext,5761,13133
TestScript/TestDdf$DefaultValue$Builder.class,4800,13097
editor/attachment__init,4499,13094
doc/dmsdk-platform-window.h_doc.sdoc,2284,13088
editor/buffer__init,4766,13072
com/samskivert/mustache/Template.java,3731,13047
editor/resource_types,5338,13023
TestScript/TestDdf$RepeatedContainer$Builder.class,4408,13011
editor/code/lang/zig__init,5288,12992
editor/shaders__init,4426,12990
editor/editor_extensions/coerce__init,4775,12949
doc/scripts-box2d-v3-script_box2d_shape_v3.cpp_doc.sdoc,1887,12923
util/array__init.class,4019,12867
_unpack/x86_64-win32/bin/lsp/lua/meta/default utf8/UnityEngine.Events.lua,1493,12789
doc/dmsdk-dlib-hash.h_doc.sdoc,1588,12746
doc/dmsdk-dlib-configfile_gen.hpp_doc.sdoc,1423,12682
editor/texture_util__init,4053,12671
sorted_clojure_ns_list.edn,3203,12641
editor/disk_availability,6666,12611
editor/script_api__init,4496,12590
editor/progress__init,4103,12560
org/slf4j/LoggerFactory.class,5897,12550
_unpack/x86_64-win32/bin/lsp/lua/meta/3rd/luassert/library/luassert/match.lua,2224,12537
editor/vcs_status,6254,12514
editor/build_errors_view__init,4764,12497
_unpack/x86_64-win32/bin/lsp/lua/meta/3rd/Cocos4.0/library/ccui/EditBox.lua,2210,12468
org/json/simple/parser/Yylex.class,6205,12458
util/debug_util__init.class,4635,12455
util/fn/PartialFn.class,2971,12421
_unpack/x86_64-win32/bin/lsp/lua/meta/default utf8/System.IO.MemoryMappedFiles.lua,988,12416
editor/asset_browser/SelectionProvider,5310,12410
antlr/HTMLCodeGenerator.class,6164,12403
org/projectodd/shimdandy/ClojureRuntimeShim.class,1265,12397
icons/document.iconset/icon_128x128.png,12314,12333
editor.fxml,1808,12332
editor/gui_clipping__init,4248,12265
editor/outline_view/SelectionProvider,5241,12251
editor/properties/Curve,5137,12237
util/bit_set__init.class,4463,12219
_unpack/x86_64-win32/bin/lsp/lua/meta/3rd/Cocos4.0/library/cc/Properties.lua,1966,12216
internal/paper_tape__init.class,3985,12191
editor/ui/bindings__init,4127,12133
TestScript/TestDdf$DefaultValue.class,4484,12131
util/http_server__init.class,4722,12119
_unpack/x86_64-win32/bin/lsp/lua/script/core/highlight.lua,1926,12076
_unpack/x86_64-win32/bin/lsp/lua/meta/3rd/Cocos4.0/library/cc/Director.lua,3063,12063
TestScript/TestDdf$Transform$Builder.class,4058,12059
antlr/Tool.class,5971,12048
engine-profiler/remotery/vis/extern/BrowserLib/Core/Code/DOM.js,3497,11968
editor/game_object_common__init,4038,11912
editor/input__init,4914,11910
doc/dmsdk-font-font.h_doc.sdoc,1963,11893
editor/id,6591,11890
_unpack/x86_64-win32/bin/lsp/lua/meta/3rd/OpenResty/library/ngx/ssl.lua,2547,11885
util/fn__init.class,4582,11845
sponsors/op-games.png,11821,11816
editor/curve_view/SubSelectionProvider,5026,11805
editor/particle_lib__init,4354,11802
_unpack/x86_64-win32/bin/lsp/lua/meta/default utf8/UnityEngine.Audio.lua,1976,11796
editor/app_view/SelectionProvider,5015,11757
editor/gamepads__init,4528,11718
doc/dmsdk-dlib-array.h_doc.sdoc,1918,11700
_unpack/x86_64-win32/bin/lsp/lua/meta/default utf8/System.Runtime.Remoting.Contexts.lua,1215,11665
editor/properties_view/SelectionProvider,4920,11623
_unpack/x86_64-win32/bin/lsp/lua/meta/3rd/luaecs/library/ecs.lua,3663,11619
_unpack/shared/lua-annotations/material.lua,1801,11613
lua-annotations/material.lua,1801,11613
lua-annotations/camera.lua,2428,11594
_unpack/shared/lua-annotations/camera.lua,2428,11594
doc/dmsdk-dlib-message.h_doc.sdoc,2178,11541
editor/notifications__init,4343,11521
editor/editor_localization__init,3797,11515
editor/analytics__init,4094,11500
_unpack/x86_64-win32/bin/lsp/lua/meta/3rd/love2d/library/love.lua,2912,11419
editor/git__init,4260,11410
_unpack/x86_64-win32/bin/lsp/lua/meta/3rd/Cocos4.0/library/ccui/ListView.lua,2310,11408
editor/localization/Date,4893,11378
LICENSE,3949,11358
editor/render_util__init,4144,11344
_unpack/x86_64-win32/bin/lsp/lua/meta/default utf8/System.Security.Claims.lua,1320,11321
lazymap/core.clj,3120,11317
internal/cache/RetainingLRUCache.class,4691,11299
editor/live_update_settings__init,3906,11286
prism_common.dll,4836,11264
editor/core__init,4415,11242
_unpack/x86_64-win32/bin/lsp/lua/script/vm/variable.lua,2092,11221
doc/scripts-script_sprite.cpp_doc.sdoc,2724,11208
editor/editor_extensions/zip__init,4612,11198
_unpack/x86_64-win32/bin/lsp/lua/script/jsonc.lua,2353,11179
org/objectweb/asm/Type.class,5339,11173
potemkin/types.clj,3008,11171
editor/placeholder_resource__init,3608,11165
editor/mouse_binding__init,4112,11149
editor/data_text__init,3725,11122
editor/data__init,4090,11122
internal/node/ProtocolType.class,4561,11120
antlr/debug/ParserEventSupport.class,4647,11088
doc/dmsdk-dlib-jobsystem.h_doc.sdoc,2109,11080
editor/volatile_cache,5741,11074
doc/scripts-script_tilemap.cpp_doc.sdoc,2446,11052
editor/changes_view__init,4341,10992
editor/engine__init,4204,10965
editor/editor_script__init,3885,10963
_unpack/x86_64-win32/bin/lsp/lua/meta/3rd/lovr/library/lovr/filesystem.lua,2681,10931
internal/system/UndoState.class,4515,10901
antlr/preprocessor/Preprocessor.class,5288,10853
editor/shared_editor_settings__init,4443,10838
_unpack/x86_64-win32/bin/lsp/lua/meta/default utf8/System.IO.Ports.lua,1183,10834
_unpack/x86_64-win32/bin/lsp/lua/meta/3rd/OpenResty/library/prometheus.lua,2349,10830
_unpack/x86_64-win32/bin/lsp/lua/script/plugins/ffi/init.lua,2859,10826
doc/dmsdk-dlib-configfile.h_doc.sdoc,1768,10821
internal/transaction$realize_connect.class,4571,10813
editor/view__init,3789,10813
TestScript/TestDdf$OptionalNoDefaultValue.class,3825,10788
engine-profiler/remotery/vis/Code/GridWindow.js,2742,10762
doc/scripts-box2d-v2-script_box2d_fixture_v2.cpp_doc.sdoc,1474,10729
internal/node/ClassType.class,4428,10726
_unpack/shared/lua-annotations/sound.lua,3113,10658
lua-annotations/sound.lua,3113,10658
editor/tile_map_common,5463,10622
_unpack/x86_64-win32/bin/lsp/lua/script/workspace/require-path.lua,2362,10608
internal/node/SchemaType.class,4371,10589
editor/game_properties__init,3699,10582
doc/dmsdk-gameobject-gameobject_props.h_doc.sdoc,1195,10549
util/id_vec/IdVec.class,4444,10532
_unpack/x86_64-win32/bin/lsp/lua/meta/default utf8/System.Runtime.Serialization.Json.lua,855,10479
util/eduction__init.class,3964,10456
org/slf4j/helpers/SubstituteLogger.class,3075,10417
doc/dmsdk-gamesys-render_constants.h_doc.sdoc,1622,10389
util/text_util__init.class,3722,10364
_unpack/x86_64-win32/bin/lsp/lua/meta/template/basic.lua,1958,10356
builtins/input/all.input_binding,1599,10334
doc/lua_io.doc_h_doc.sdoc,2725,10287
com/googlecode/javaewah/datastructure/BitSet.class,4714,10270
doc/scripts-script_buffer.cpp_doc.sdoc,2346,10261
_unpack/x86_64-win32/bin/lsp/lua/script/parser/relabel.lua,3352,10239
doc/lua_debug.doc_h_doc.sdoc,2389,10228
_unpack/x86_64-win32/bin/lsp/lua/meta/3rd/Cocos4.0/library/ccui/LayoutComponent.lua,1693,10213
engine-profiler/remotery/vis/Code/Shaders/Timeline.glsl,2564,10154
_unpack/x86_64-win32/bin/lsp/lua/meta/3rd/love2d/library/love/data.lua,2389,10145
_unpack/x86_64-win32/bin/lsp/lua/meta/3rd/Cocos4.0/library/cc/Renderer.lua,2115,10136
TestScript/TestDdf$LuaDDFBufferOverflow.class,3543,10130
editor/gl/types__init,3694,10127
TestScript/TestDdf$Transform.class,3467,10103
internal/node/ValueTypeRef.class,4218,10083
_unpack/x86_64-win32/bin/lsp/lua/meta/default utf8/UnityEngine.Networking.Match.lua,1868,10079
internal/node/NodeTypeRef.class,4221,10077
TestScript/TestDdf$RepeatedItem.class,3529,10051
javax/xml/bind/helpers/AbstractMarshallerImpl.class,4026,10047
doc/scripts-bullet3d-script_bullet3d_shape.cpp_doc.sdoc,2103,10018
editor/editor_extensions/commands__init,4153,10005
TestScript/TestDdf$RepeatedContainer.class,3417,9981
doc/profiler.cpp_doc.sdoc,2774,9975
editor/ui/settings_popup__init,3718,9935
editor/resource_watch__init,3741,9925
engine-profiler/remotery/vis/extern/BrowserLib/WindowManager/Code/Treeview.js,2651,9917
doc/src-script_bitop.cpp_doc.sdoc,1927,9865
editor/editor_extensions/error_handling,4768,9861
_unpack/x86_64-win32/bin/lsp/lua/script/core/hint.lua,1967,9817
doc/dmsdk-gamesys-script.h_doc.sdoc,1790,9809
javax/xml/bind/helpers/AbstractUnmarshallerImpl.class,3346,9805
_unpack/shared/lua-annotations/profiler.lua,2702,9776
lua-annotations/profiler.lua,2702,9776
editor/code/preprocessors__init,3539,9746
doc/lua_math.doc_h_doc.sdoc,1678,9719
plumbing/fnk/schema.cljs,3231,9637
plumbing/fnk/schema.clj,3279,9637
_unpack/x86_64-win32/bin/lsp/lua/meta/3rd/Cocos4.0/library/ccui/Scale9Sprite.lua,1698,9613
_unpack/x86_64-win32/bin/lsp/lua/meta/default utf8/UnityEngine.SocialPlatforms.Impl.lua,1017,9580
_unpack/x86_64-win32/bin/lsp/lua/meta/default utf8/UnityEngine.Experimental.Audio.lua,1506,9572
editor/editor_extensions/http_server__init,3701,9559
doc/scripts-script_label.cpp_doc.sdoc,2274,9551
doc/scripts-script_window.cpp_doc.sdoc,2015,9527
builtins/render/default.render_script,2414,9521
editor/gl/light__init,3820,9516
plumbing/fnk/README.md,3993,9473
editor/colors__init,3862,9468
_unpack/x86_64-win32/bin/lsp/lua/script/vm/ref.lua,1815,9460
javax/vecmath/GVector.class,4235,9439
editor/markdown__init,3367,9357
TestScript/TestDdf$OptionalNoDefaultValue$Builder.class,3337,9339
_unpack/x86_64-win32/bin/lsp/lua/meta/3rd/lovr/library/callback.lua,3250,9277
_unpack/x86_64-win32/bin/lsp/lua/meta/3rd/love2d/library/love/mouse.lua,2047,9250
lua-annotations/model.lua,2776,9246
_unpack/shared/lua-annotations/model.lua,2776,9246
icons/ios/ios_icon_144.png,9245,9240
editor/form__init,3816,9222
editor/debugging/variables__init,3630,9218
editor/disk__init,3420,9218
editor/gviz__init,3492,9216
_unpack/x86_64-win32/bin/lsp/lua/meta/default utf8/System.Runtime.InteropServices.WindowsRuntime.lua,1026,9193
editor/validation__init,3621,9171
_unpack/x86_64-win32/bin/lsp/lua/script/cli/check_worker.lua,2806,9168
plumbing/fnk/schema__init.class,3937,9159
doc/scripts-script_particlefx.cpp_doc.sdoc,2128,9133
camel_snake_kebab__init.class,3898,9131
antlr/CodeGenerator.class,4504,9120
editor/code/script_compilation__init,3730,9110
doc/script-sys_ddf.proto_doc.sdoc,2853,9104
_unpack/shared/luajit/jit/p.lua,3055,9087
editor/shaders,4608,9051
javax/xml/bind/JAXB.class,3263,9041
_unpack/x86_64-win32/bin/lsp/lua/meta/3rd/Defold/library/collision_object.lua,2177,9036
_unpack/x86_64-win32/bin/lsp/lua/script/vm/generic.lua,1910,9033
doc/dmsdk-gamesys-resources-res_font.h_doc.sdoc,1398,9020
_unpack/x86_64-win32/bin/lsp/lua/meta/3rd/Cocos4.0/library/cc/ControlButton.lua,1412,9008
internal/node$verify_inputs_for_dynamics.class,3661,9004
_unpack/x86_64-win32/bin/lsp/lua/meta/3rd/Cocos4.0/library/ccui/TextField.lua,1812,8986
_unpack/x86_64-win32/bin/lsp/lua/script/lazytable.lua,2157,8978
plumbing/fnk/impl__init.class,3711,8961
org/jvnet/mimepull/MIMEParser.class,4227,8952
util/diff$make_diff_output_lines_impl$fn__32065.class,3822,8945
_unpack/shared/lua-annotations/tilemap.lua,2304,8943
lua-annotations/tilemap.lua,2304,8943
_unpack/x86_64-win32/bin/lsp/lua/meta/3rd/Defold/library/system.lua,3015,8930
_unpack/x86_64-win32/bin/lsp/lua/meta/Lua 5.4 zh-cn utf8/math.lua,1569,8923
doc/dmsdk-dlib-transform.h_doc.sdoc,1353,8907
_unpack/x86_64-win32/bin/lsp/lua/script/cli/doc/init.lua,2944,8885
editor/html__init,3348,8873
editor/html_view__init,3563,8863
cljs/tools/reader/reader_types.cljs,2276,8860
doc/dmsdk-dlib-hashtable.h_doc.sdoc,1716,8848
google/protobuf/api.proto,3177,8845
TestScript/TestDdf$Uint64Msg.class,3098,8844
org/slf4j/event/EventRecodingLogger.class,2331,8833
org/json/simple/parser/JSONParser.class,4027,8831
_unpack/x86_64-win32/bin/lsp/lua/meta/3rd/Cocos4.0/library/ccui/Layout.lua,2044,8809
_unpack/x86_64-win32/bin/lsp/lua/script/inspect.lua,2935,8807
_unpack/shared/lua-language-server/plugin.lua,1829,8779
lua-language-server/plugin.lua,1829,8779
com/googlecode/javaewah/FastAggregation.class,3330,8757
editor/pipeline/shader_gen__init,3304,8717
TestScript/TestDdf$SubMsg.class,3032,8678
editor/scene_cache__init,3252,8661
internal/node$fnk_argument_form.class,3284,8629
editor/os,4899,8624
lua-annotations/buffer.lua,2136,8611
_unpack/shared/lua-annotations/buffer.lua,2136,8611
internal/graph$query_successors.class,3738,8606
TestScript/TestDdf$RepeatedItem$Builder.class,2981,8591
walk.clj,2383,8564
riddley/walk.clj,2383,8564
_unpack/shared/luajit/jit/vmdef.lua,2905,8506
net/objecthunter/exp4j/tokenizer/Tokenizer.class,3742,8500
icons/scene/light_omni.png,8413,8471
editor/collision_groups,4467,8453
_unpack/x86_64-win32/bin/lsp/lua/meta/default utf8/System.Diagnostics.Contracts.lua,880,8437
potemkin/collections.clj,2485,8421
antlr/ANTLRTokdefLexer.class,3539,8416
com/cognitect/transit/TransitFactory.class,2478,8407
com/googlecode/javaewah32/IteratorAggregation32.class,3706,8395
_unpack/x86_64-win32/bin/lsp/lua/meta/default utf8/System.Runtime.Serialization.Configuration.lua,598,8389
TestScript/TestDdf$LuaDDFBufferOverflow$Builder.class,2944,8387
doc/dmsdk-dlib-webserver.h_doc.sdoc,1720,8374
_unpack/x86_64-win32/bin/lsp/lua/meta/LuaJIT zh-cn utf8/math.lua,1441,8374
editor/code/script_intelligence__init,3149,8365
_unpack/x86_64-win32/bin/lsp/lua/meta/default utf8/UnityEngine.TextCore.lua,1435,8327
editor/pipeline__init,3270,8326
net/objecthunter/exp4j/Expression.class,3881,8318
engine-profiler/remotery/vis/extern/BrowserLib/Core/Code/Convert.js,3136,8288
util/digest__init.class,2869,8283
_unpack/shared/lua-annotations/window.lua,1918,8280
lua-annotations/window.lua,1918,8280
com/cognitect/transit/impl/WriterFactory.class,2871,8278
editor/editor_tab__init,2725,8275
util/http_server$start_BANG_$reify__45704$fn$reify__45714$fn__45715.class,3844,8265
editor/fxui/combo_box__init,3364,8250
org/objectweb/asm/AnnotationWriter.class,3679,8250
engine-profiler/remotery/vis/extern/BrowserLib/WindowManager/Code/Window.js,1988,8216
com/googlecode/javaewah/IteratorAggregation.class,3650,8216
editor/protobuf_forms__init,3268,8205
editor/system__init,3097,8194
lua-annotations/liveupdate.lua,2143,8177
_unpack/shared/lua-annotations/liveupdate.lua,2143,8177
lua-annotations/bit.lua,1929,8105
_unpack/shared/lua-annotations/bit.lua,1929,8105
_unpack/x86_64-win32/bin/lsp/lua/script/pub/pub.lua,2371,8105
doc/script_crash.cpp_doc.sdoc,1796,8097
_unpack/x86_64-win32/bin/lsp/lua/meta/3rd/Defold/library/resource.lua,1871,8094
editor/resource_update__init,3260,8088
com/cognitect/transit/impl/AbstractEmitter.class,3624,8071
editor/launcher,4001,8068
cljs/core/async/impl/channels.cljs,1962,8062
_unpack/x86_64-win32/bin/lsp/lua/meta/3rd/Cocos4.0/library/cc/Physics3DSliderConstraint.lua,1018,8058
_unpack/x86_64-win32/bin/lsp/lua/meta/3rd/love2d/library/love/font.lua,1504,8050
org/objectweb/asm/MethodVisitor.class,3167,8050
TestScript/TestDdf$EmptyMsg.class,2637,8043
google/protobuf/field_mask.proto,3141,8041
plumbing/fnk/pfnk__init.class,3358,8033
_unpack/x86_64-win32/bin/lsp/lua/script/service/service.lua,2123,8021
doc/scripts-script_collection_factory.cpp_doc.sdoc,2181,8005
editor/gl/vertex/PersistentVertexBuffer,3536,7989
_unpack/x86_64-win32/bin/lsp/lua/meta/default utf8/System.Resources.lua,967,7972
plumbing/map.cljs,1712,7960
plumbing/map.clj,2397,7960
_unpack/x86_64-win32/bin/lsp/lua/meta/3rd/Cocos4.0/library/ccui/Button.lua,1524,7951
internal/java__init.class,3105,7946
util/crypto__init.class,2755,7937
_unpack/x86_64-win32/bin/lsp/lua/meta/default utf8/UnityEngine.Experimental.Playables.lua,994,7912
sponsors/king.png,7901,7896
_unpack/x86_64-win32/bin/lsp/lua/script/proto/proto.lua,2127,7892
antlr/CharScanner.class,3579,7891
builtins/manifests/web/dark_theme.css,2538,7853
com/googlecode/javaewah32/FastAggregation32.class,3017,7848
TestScript/TestDdf.class,2757,7833
_unpack/x86_64-win32/bin/lsp/lua/meta/default utf8/UnityEngine.ParticleSystemJobs.lua,1069,7826
builtins/manifests/web/light_theme.css,2513,7819
google/protobuf/type.proto,2609,7774
engine-profiler/remotery/vis/Code/WebGL.js,1938,7770
editor/scene_async__init,3050,7731
_unpack/x86_64-win32/bin/lsp/lua/meta/3rd/lfs/library/lfs.lua,2321,7719
_unpack/x86_64-win32/bin/lsp/lua/meta/default utf8/System.IO.Compression.lua,828,7697
_unpack/x86_64-win32/bin/lsp/lua/meta/3rd/Cocos4.0/library/cc/GLView.lua,1840,7695
doc/dmsdk-dlib-connection_pool.h_doc.sdoc,1148,7688
_unpack/x86_64-win32/bin/lsp/lua/meta/default utf8/UnityEngine.Apple.ReplayKit.lua,1515,7683
com/cognitect/transit/impl/JsonParser.class,2728,7680
antlr/Parser.class,2787,7671
_unpack/x86_64-win32/bin/lsp/lua/meta/Lua 5.4 zh-cn utf8/debug.lua,2027,7669
editor/code/script_annotations__init,3103,7664
doc/lua_os.doc_h_doc.sdoc,2455,7662
editor/texture/engine__init,3196,7655
doc/dmsdk-graphics-graphics_vulkan.h_doc.sdoc,1163,7652
editor/pipeline/tex_gen__init,2852,7618
org/objectweb/asm/Opcodes.class,2930,7579
antlr/TokenStreamRewriteEngine.class,3269,7569
util/task$scope.class,2750,7565
_unpack/shared/lua-annotations/collectionfactory.lua,2186,7546
lua-annotations/collectionfactory.lua,2186,7546
org/slf4j/helpers/MessageFormatter.class,3203,7545
com/cognitect/transit/impl/MsgpackParser.class,2713,7529
com/cognitect/transit/impl/WriteHandlerMap.class,2916,7506
editor/recent_files__init,2944,7497
editor/fuzzy_text__init,2791,7477
editor/protobuf_forms_util,3857,7472
_unpack/x86_64-win32/bin/lsp/lua/meta/3rd/love2d/library/love/thread.lua,2081,7463
editor/binary_file__init,2870,7437
editor/build__init,2898,7426
doc/dmsdk-dlib-log.h_doc.sdoc,1468,7419
util/http_client$request.class,3184,7416
_unpack/x86_64-win32/bin/lsp/lua/meta/LuaJIT zh-cn utf8/debug.lua,1955,7416
icons/scene/light_ambient.png,6705,7390
org/jvnet/mimepull/MIMEMessage.class,3543,7383
editor/gl/vertex/TransientVertexBuffer,3054,7296
doc/dmsdk-dlib-intersection.h_doc.sdoc,966,7285
editor/render_program_utils__init,2841,7282
antlr/debug/LLkDebuggingParser.class,3082,7272
_unpack/x86_64-win32/bin/lsp/lua/meta/3rd/Cocos4.0/library/ccui/Text.lua,1804,7261
util/diff__init.class,2924,7226
doc/dmsdk-dlib-dstrings.h_doc.sdoc,1859,7197
com/samskivert/mustache/Template.class,3053,7196
javax/xml/bind/DatatypeConverter.class,2216,7176
javax/vecmath/Quat4f.class,3409,7173
_unpack/x86_64-win32/bin/lsp/lua/script/core/signature.lua,1857,7154
editor/editor_extensions/prefs_functions__init,2928,7150
_unpack/x86_64-win32/bin/lsp/lua/script/config/config.lua,1456,7141
javax/vecmath/Tuple4d.class,3040,7137
javax/vecmath/Quat4d.class,3317,7116
_unpack/x86_64-win32/bin/lsp/lua/meta/3rd/Cocos4.0/library/cc/PhysicsWorld.lua,1767,7112
_unpack/x86_64-win32/bin/lsp/lua/meta/3rd/Cocos4.0/library/cc/SpriteBatchNode.lua,1631,7110
_unpack/x86_64-win32/bin/lsp/lua/meta/3rd/Cocos4.0/library/cc/Physics3DRigidBody.lua,1294,7105
_unpack/x86_64-win32/bin/lsp/lua/meta/3rd/Cocos4.0/library/cc/PhysicsShape.lua,1649,7094
icons/ios/ios_icon_114.png,7085,7080
editor/field_expression__init,2858,7075
_unpack/x86_64-win32/bin/lsp/lua/script/glob/gitignore.lua,1971,7055
editor/boot_open_project__init,2980,7050
util/net$download_BANG_.class,3349,7033
internal/node$parse_type_form.class,3084,7018
doc/src-script_liveupdate.h_doc.sdoc,2099,7017
_unpack/x86_64-win32/bin/lsp/lua/script/core/hover/label.lua,1621,7010
editor/lsp/jsonrpc__init,2829,7007
editor/pipeline/bob__init,2937,7004
editor/model_loader__init,2781,6996
icons/scene/light_sun.png,6949,6994
_unpack/x86_64-win32/bin/lsp/lua/meta/3rd/Cocos4.0/library/cc/DrawNode.lua,1368,6974
_unpack/x86_64-win32/bin/lsp/lua/meta/3rd/busted/library/busted.lua,1665,6971
editor/editor_extensions/tile_map__init,2721,6965
_unpack/x86_64-win32/bin/lsp/lua/meta/default utf8/System.Management.Instrumentation.lua,635,6959
_unpack/x86_64-win32/bin/lsp/lua/meta/default utf8/System.Diagnostics.PerformanceData.lua,643,6953
cljs/tools/reader/impl/errors.cljs,2007,6929
editor/volatile_cache/VolatileCache,2744,6918
plumbing/fnk/impl$letk_arg_bind_sym_and_body_form.class,3017,6867
editor/gl/pass__init,2952,6860
editor/sentry__init,2863,6853
editor/code/util__init,2795,6847
_unpack/x86_64-win32/bin/lsp/lua/script/workspace/loading.lua,1591,6847
_unpack/x86_64-win32/bin/lsp/lua/meta/Lua 5.4 zh-cn utf8/string.lua,1739,6831
TestScript/TestDdf$Uint64Msg$Builder.class,2365,6829
_unpack/x86_64-win32/bin/lsp/lua/meta/LuaJIT zh-cn utf8/string.lua,1746,6813
com/cognitect/transit/impl/JsonEmitter.class,2903,6807
_unpack/x86_64-win32/bin/lsp/lua/meta/Lua 5.4 zh-cn utf8/io.lua,1675,6792
_unpack/x86_64-win32/bin/lsp/lua/meta/LuaJIT zh-cn utf8/io.lua,1679,6792
_unpack/x86_64-win32/bin/lsp/lua/script/service/net.lua,1274,6777
TestScript/TestDdf$SubMsg$Builder.class,2343,6758
plumbing/fnk/impl$letk_input_schema_and_body_form.class,3068,6754
_unpack/shared/lua-annotations/crash.lua,1604,6751
lua-annotations/crash.lua,1604,6751
lua-annotations/particlefx.lua,1714,6746
_unpack/shared/lua-annotations/particlefx.lua,1714,6746
_unpack/x86_64-win32/bin/lsp/lua/meta/3rd/Cocos4.0/library/ccui/PageView.lua,1414,6744
editor/code/shader_compilation__init,2677,6645
_unpack/x86_64-win32/bin/lsp/lua/script/lclient.lua,1830,6643
org/objectweb/asm/Constants.class,2983,6624
doc/dmsdk-dlib-crypt.h_doc.sdoc,947,6621
util/http_server$response.class,2902,6620
internal/cache/NullCache.class,2534,6601
google/protobuf/timestamp.proto,2902,6595
_unpack/x86_64-win32/bin/lsp/lua/script/core/hover/table.lua,1490,6593
_unpack/x86_64-win32/bin/lsp/lua/meta/3rd/Cocos4.0/library/ccui/Slider.lua,1347,6588
editor/boot__init,3019,6571
doc/scripts-script_factory.cpp_doc.sdoc,1776,6555
editor/connection_properties,3245,6530
antlr/collections/impl/BitSet.class,3293,6527
builtins/manifests/web/engine_template.html,2823,6521
_unpack/x86_64-win32/bin/lsp/lua/script/core/definition.lua,1550,6516
_unpack/x86_64-win32/bin/lsp/lua/script/proto/diagnostic.lua,1527,6497
_unpack/x86_64-win32/bin/lsp/lua/meta/3rd/Cocos4.0/library/cc/SpriteFrame.lua,1138,6490
_unpack/x86_64-win32/bin/lsp/lua/meta/3rd/lovr/library/lovr/event.lua,1751,6489
doc/gamesys-camera_ddf.proto_doc.sdoc,1599,6485
doc/dmsdk-dlib-android.h_doc.sdoc,1135,6468
antlr/debug/DebuggingCharScanner.class,2707,6461
_unpack/x86_64-win32/bin/lsp/lua/meta/default utf8/System.Diagnostics.Eventing.lua,768,6453
antlr/BaseAST.class,3069,6450
editor/code/syntax__init,2587,6435
doc/dmsdk-ddf-ddf.h_doc.sdoc,1128,6424
_unpack/x86_64-win32/bin/lsp/lua/script/vm/value.lua,1110,6415
com/cognitect/transit/impl/MsgpackEmitter.class,2503,6406
profiler_template.html,2066,6393
util/id_vec__init.class,2445,6387
editor/util__init,2669,6387
doc/scripts-script_font.cpp_doc.sdoc,1846,6386
_unpack/x86_64-win32/bin/lsp/lua/script/proto/converter.lua,1277,6383
javax/vecmath/Tuple3d.class,2712,6380
_unpack/x86_64-win32/bin/lsp/lua/meta/3rd/lovr/library/lovr/thread.lua,2092,6379
internal/node$property_dynamics$iter__22098__22102$fn__22103.class,2691,6354
doc/dmsdk-dlib-sys.h_doc.sdoc,1144,6350
_unpack/x86_64-win32/bin/lsp/lua/meta/3rd/Cocos4.0/library/cc/RenderTexture.lua,1374,6340
editor/editor_extensions/actions__init,2797,6338
javax/vecmath/Tuple4f.class,2750,6332
engine-profiler/remotery/vis/Code/Console.js,2049,6325
doc/lua_package.doc_h_doc.sdoc,2271,6325
_unpack/x86_64-win32/bin/lsp/lua/script/await.lua,1752,6315
_unpack/x86_64-win32/bin/lsp/lua/meta/3rd/skynet/library/skynet/socketdriver.lua,1868,6289
_unpack/x86_64-win32/bin/lsp/lua/meta/3rd/luv/library/uv_udp_t.lua,1551,6287
_unpack/x86_64-win32/bin/lsp/lua/meta/default utf8/System.Security.Authentication.ExtendedProtection.lua,796,6254
editor/image_util__init,2747,6246
Lua.g4,2296,6243
_unpack/x86_64-win32/bin/lsp/lua/meta/3rd/OpenResty/library/resty/websocket/protocol.lua,1568,6227
editor/editor_localization_bundle__init,2475,6224
_unpack/x86_64-win32/bin/lsp/lua/meta/3rd/luv/library/uv_stream_t.lua,1888,6220
com/cognitect/transit/impl/ReaderFactory.class,2064,6217
javax/xml/bind/ServiceLoaderUtil.class,2676,6208
cljs/core/async/impl/timers.cljs,1634,6206
engine-profiler/remotery/vis/extern/BrowserLib/WindowManager/Code/ComboBox.js,1761,6199
doc/scripts-box2d-v3-script_box2d_chain_v3.cpp_doc.sdoc,1156,6186
editor/error_reporting__init,2641,6179
editor/rig__init,2402,6152
_unpack/x86_64-win32/bin/lsp/lua/script/vm/visible.lua,1244,6149
riddley/.DS_Store,178,6148
engine-profiler/remotery/vis/Code/TimelineMarkers.js,1850,6148
_unpack/x86_64-win32/bin/lsp/lua/meta/3rd/love2d/library/love/sound.lua,1420,6136
internal/util$into_multiple.class,2630,6117
editor/editor_extensions/prefs_docs__init,2636,6100
_unpack/x86_64-win32/bin/lsp/lua/meta/3rd/Cocos4.0/library/cc/Camera.lua,1487,6099
splash.css,1453,6096
editor/editor_extensions/error_handling__init,2344,6073
antlr/preprocessor/Grammar.class,2762,6068
util/pkid_vector__init.class,2568,6063
_unpack/x86_64-win32/bin/lsp/lua/meta/3rd/Cocos4.0/library/cc/PUParticleSystem3D.lua,1211,6062
icons/scene/light_spot.png,6046,6041
_unpack/x86_64-win32/bin/lsp/lua/script/core/diagnostics/param-type-mismatch.lua,1645,6031
doc/scripts-script_image.cpp_doc.sdoc,1358,6027
antlr/actions/python/CodeLexer.class,2912,6019
net/objecthunter/exp4j/ExpressionBuilder.class,2394,6009
editor/slice9__init,2506,6001
internal/system$update_cache_from_evaluation_context.class,2587,5996
editor/lsp/project__init,2540,5993
TestScript/TestDdf$EmptyMsg$Builder.class,1918,5990
doc/src-script_timer.cpp_doc.sdoc,1665,5989
internal/transaction$realize_set_property_impl.class,2716,5988
org/jvnet/mimepull/BASE64DecoderStream.class,3419,5965
_unpack/x86_64-win32/bin/lsp/lua/meta/default utf8/UnityEngineInternal.lua,783,5961
_unpack/x86_64-win32/bin/lsp/lua/meta/3rd/Cocos4.0/library/cc/AudioEngine.lua,1260,5951
util/array$of_type.class,2163,5951
_unpack/x86_64-win32/bin/lsp/lua/meta/3rd/Defold/library/sound.lua,1733,5944
editor/menu_items,2951,5940
service/log$log_expr.class,2437,5938
_unpack/x86_64-win32/bin/lsp/lua/meta/default utf8/System.Collections.ObjectModel.lua,711,5937
editor/ui/fuzzy_choices__init,2478,5936
internal/transaction$realize_clear_property.class,2727,5923
_unpack/shared/lua-annotations/factory.lua,1748,5920
lua-annotations/factory.lua,1748,5920
antlr/ASTFactory.class,2890,5916
javax/vecmath/AxisAngle4f.class,2722,5912
_unpack/x86_64-win32/bin/lsp/lua/meta/3rd/skynet/library/skynet/socket.lua,2306,5909
javax/vecmath/AxisAngle4d.class,2670,5900
editor/ui/updater__init,2387,5899
javax/ws/rs/core/MediaType.class,2587,5884
camel_snake_kebab$fn__4849.class,2720,5875
_unpack/shared/luajit/jit/v.lua,2159,5869
luajc.class,2972,5859
internal/node$extract_def_fns$fn__21971.class,2271,5854
_unpack/x86_64-win32/bin/lsp/lua/meta/default utf8/System.Runtime.Serialization.Formatters.lua,750,5841
_unpack/x86_64-win32/bin/lsp/lua/meta/Lua 5.4 zh-cn utf8/os.lua,1288,5832
_unpack/x86_64-win32/bin/lsp/lua/meta/LuaJIT zh-cn utf8/os.lua,1288,5832
com/googlecode/javaewah32/IteratingBufferedRunningLengthWord32.class,2467,5829
editor/future__init,2427,5811
_unpack/x86_64-win32/bin/lsp/lua/script/core/folding.lua,868,5805
builtins/manifests/ios/Info.plist,1263,5804
editor/editor_extensions/localization__init,2489,5799
_unpack/x86_64-win32/bin/lsp/lua/meta/template/debug.lua,1224,5796
plumbing/fnk/impl$fnk_form.class,2655,5775
_unpack/x86_64-win32/bin/lsp/lua/script/core/diagnostics/init.lua,1415,5769
editor/color_dropper__init,2465,5768
editor/collection_string_data__init,2176,5767
editor/defold_project_search__init,2389,5764
dynamo/graph$defnode.class,2592,5762
doc/src-script_msg.cpp_doc.sdoc,1669,5742
_unpack/x86_64-win32/bin/lsp/lua/script/core/completion/auto-require.lua,1536,5738
lua-annotations/http.editor_script,1441,5733
_unpack/shared/lua-annotations/http.editor_script,1441,5733
com/googlecode/javaewah/IteratingBufferedRunningLengthWord.class,2495,5730
editor/ui/fuzzy_combo_box__init,2506,5726
internal/node$node_type_merge.class,2274,5711
internal/node$fn__21836.class,2754,5710
doc/scripts-bullet3d-script_bullet3d.cpp_doc.sdoc,1535,5709
_unpack/x86_64-win32/bin/lsp/lua/meta/3rd/Cocos4.0/library/cc/Texture2D.lua,1500,5690
editor/diff_view__init,2362,5679
util/coll$pmapv.class,2656,5659
_unpack/x86_64-win32/bin/lsp/lua/meta/3rd/Cocos4.0/library/ccui/AbstractCheckButton.lua,970,5659
_unpack/x86_64-win32/bin/lsp/lua/meta/3rd/skynet/library/skynet/db/mongo.lua,1608,5652
_unpack/x86_64-win32/bin/lsp/lua/meta/3rd/Cocos4.0/library/cc/TMXLayer.lua,1326,5634
_unpack/x86_64-win32/bin/lsp/lua/meta/3rd/Cocos4.0/library/ccui/RichText.lua,1084,5633
_unpack/x86_64-win32/bin/lsp/lua/meta/3rd/OpenResty/library/ngx/balancer.lua,2196,5631
css-demo.fxml,984,5628
util/array$of.class,2118,5616
engine-profiler/remotery/vis/extern/BrowserLib/WindowManager/Code/Grid.js,1775,5599
antlr/Grammar.class,2701,5590
antlr/RuleBlock.class,2629,5589
_unpack/x86_64-win32/bin/lsp/lua/meta/default utf8/UnityEngine.SubsystemsImplementation.lua,1099,5583
editor/command_requests__init,2343,5583
org/objectweb/asm/Label.class,3031,5580
util/ensure$argument_satisfies.class,2430,5568
editor/model_util__init,2290,5568
service/log__init.class,2568,5557
google/protobuf/any.proto,2463,5552
_unpack/shared/luajit/jit/bc.lua,1994,5547
_unpack/x86_64-win32/bin/lsp/lua/script/cli/help.lua,1614,5522
dynamo/graph$node_property_dynamic.class,2433,5519
javax/vecmath/Tuple3f.class,2378,5510
internal/node$verify_inputs_for_outputs.class,2599,5506
internal/node$property_dynamics$iter__22098__22102$fn__22103$fn__22104.class,2392,5490
com/googlecode/javaewah/datastructure/ImmutableBitSet.class,2629,5487
engine-profiler/remotery/vis/Styles/Remotery.css,1654,5480
internal/util$group_into.class,2279,5443
_unpack/x86_64-win32/bin/lsp/lua/script/plugin.lua,1613,5440
editor/process__init,2263,5412
editor/doc__init,2535,5405
_unpack/x86_64-win32/bin/lsp/lua/meta/3rd/Cocos4.0/library/cc/EventDispatcher.lua,1187,5405
antlr/AlternativeBlock.class,2660,5403
google/protobuf/wrappers.proto,1762,5392
_unpack/x86_64-win32/bin/lsp/lua/meta/3rd/luv/library/uv_handle_t.lua,1612,5383
org/jvnet/mimepull/TempFiles.class,2337,5382
_unpack/x86_64-win32/bin/lsp/lua/script/timer.lua,1206,5377
editor/graph_util__init,2447,5369
editor/github__init,2541,5368
util/debug_util$log_time_and_memory.class,2140,5353
_unpack/x86_64-win32/bin/lsp/lua/meta/3rd/Cocos4.0/library/cc/ActionManager.lua,1097,5329
plumbing/fnk/impl$positional_arg_bind_sym_and_body.class,2440,5305
_unpack/x86_64-win32/bin/lsp/lua/meta/3rd/Cocos4.0/library/ccs/ActionTimeline.lua,1130,5304
editor/icons__init,2172,5303
util/http_server$router_handler$route_request__45750.class,2500,5299
lua.class,2669,5281
_unpack/x86_64-win32/bin/lsp/lua/meta/default utf8/System.Xml.Serialization.Configuration.lua,602,5266
engine-profiler/remotery/vis/Code/Shaders/Shared.glsl,1636,5255
_unpack/x86_64-win32/bin/lsp/lua/meta/3rd/Cocos4.0/library/cc/FastTMXLayer.lua,1179,5250
_unpack/x86_64-win32/bin/lsp/lua/script/core/fix-indent.lua,1377,5242
doc/scripts-script_compute.cpp_doc.sdoc,1138,5213
_unpack/x86_64-win32/bin/lsp/lua/meta/3rd/OpenResty/library/resty/lock.lua,1843,5208
editor/yaml__init,2351,5200
doc/scripts-script_sys_gamesys.cpp_doc.sdoc,1495,5195
editor/background__init,2224,5183
internal/node$declared_properties_function_form.class,2184,5157
_unpack/x86_64-win32/bin/lsp/lua/script/workspace/scope.lua,1191,5143
javax/vecmath/Tuple4i.class,2289,5136
javax/ws/rs/core/Response.class,1820,5102
org/jvnet/mimepull/MIMEPart.class,2248,5077
_unpack/x86_64-win32/bin/lsp/lua/meta/default utf8/UnityEngine.Networking.Types.lua,1074,5062
dynamo/graph$copy.class,2541,5057
editor/code/lang/json,2598,5050
engine-profiler/remotery/vis/Code/Shaders/Grid.glsl,1052,5041
about.fxml,1085,5032
internal/node/OverrideNode$fn__22163.class,2295,5028
tips.txt,2394,5018
engine-profiler/remotery/vis/Code/TraceDrop.js,1415,5010
org/slf4j/bridge/SLF4JBridgeHandler.class,2367,4983
_unpack/x86_64-win32/bin/lsp/lua/meta/default utf8/System.Runtime.Versioning.lua,666,4982
editor/scene_layout__init,2141,4971
editor/gui_attachment__init,2137,4964
potemkin/namespaces$import_fn.class,2147,4961
editor/ui/fuzzy_choices_popup__init,2205,4957
doc/scripts-box2d-v2-script_box2d_world_v2.cpp_doc.sdoc,727,4950
internal/node$validate_property_value_impl.class,2370,4949
dynamo/graph$paste.class,2403,4947
editor/game_project_core,2555,4934
potemkin/utils.clj,1715,4921
_unpack/x86_64-win32/bin/lsp/lua/meta/3rd/love2d/library/love/event.lua,1401,4917
dynamo/graph$override_predecessors.class,2350,4915
doc/dmsdk-graphics-graphics_native.h_doc.sdoc,655,4911
lua-annotations/collectionproxy.lua,1540,4904
_unpack/shared/lua-annotations/collectionproxy.lua,1540,4904
util/debug_util$inspect_impl.class,2347,4903
editor/buffers/BufferData,2464,4899
google/protobuf/java_features.proto,1547,4899
dynamo/graph$make_nodes.class,2200,4898
_unpack/x86_64-win32/bin/lsp/lua/meta/Lua 5.4 zh-cn utf8/table.lua,1531,4895
_unpack/x86_64-win32/bin/lsp/lua/meta/LuaJIT zh-cn utf8/table.lua,1531,4895
google/protobuf/duration.proto,2058,4892
internal/transaction$realize_populate_overrides.class,2347,4891
_unpack/x86_64-win32/bin/lsp/lua/script/json-beautify.lua,1123,4880
util/coll$ptree$parallel_child_results__4333$fn__4335.class,2224,4874
plumbing/fnk/schema$fn__20656$sequence_schemata__20661.class,2234,4865
editor/web_server__init,2185,4854
internal/node$fn__21829.class,2339,4852
_unpack/x86_64-win32/bin/lsp/lua/script/core/hover/init.lua,1212,4846
potemkin/namespaces$import_def.class,2094,4839
_unpack/x86_64-win32/bin/lsp/lua/script/core/workspace-symbol.lua,1057,4821
javax/vecmath/ExceptionStrings.properties,907,4816
org/jvnet/mimepull/WeakDataFile.class,2345,4809
icons/document.iconset/icon_32x32@2x.png,4804,4799
lua-annotations/sprite.lua,1446,4791
_unpack/shared/lua-annotations/sprite.lua,1446,4791
_unpack/x86_64-win32/bin/lsp/lua/meta/default utf8/UnityEngine.Scripting.lua,1006,4786
com/cognitect/transit/impl/ReadHandlerMap.class,1839,4781
org/slf4j/helpers/MarkerIgnoringBase.class,1343,4773
potemkin/namespaces$import_macro.class,2048,4768
org/objectweb/asm/ClassVisitor.class,1982,4749
_unpack/x86_64-win32/bin/lsp/lua/script/lazy-cacher.lua,1140,4742
_unpack/x86_64-win32/bin/lsp/lua/script/core/type-definition.lua,1290,4733
plumbing/fnk/schema$fn__20388$split_schema_keys__20393.class,2136,4728
_unpack/x86_64-win32/bin/lsp/lua/meta/3rd/Cocos4.0/library/cc/SpriteFrameCache.lua,1151,4726
org/objectweb/asm/FieldWriter.class,1941,4715
_unpack/x86_64-win32/bin/lsp/lua/meta/template/math.lua,760,4715
com/googlecode/javaewah/LongArray.class,2311,4713
util/ensure$argument.class,1995,4706
engine-profiler/remotery/vis/Code/GLCanvas.js,1297,4705
plumbing/fnk/schema$fn__20528$compose_schemata__20533.class,2156,4703
doc/gameobject-gameobject_ddf.proto_doc.sdoc,1458,4703
doc/dmsdk-dlib-sslsocket.h_doc.sdoc,1039,4701
engine-profiler/remotery/vis/patched.index.html,638,4693
com/googlecode/javaewah32/IntArray.class,2284,4690
util/http_server$start_BANG_.class,2346,4689
internal/cache$retaining_lru_cache_factory.class,2178,4685
_unpack/x86_64-win32/bin/lsp/lua/meta/3rd/OpenResty/library/ngx/errlog.lua,1817,4672
sponsors/poki.png,4668,4663
internal/low_memory__init.class,2219,4662
_unpack/x86_64-win32/bin/lsp/lua/script/linked-table.lua,920,4657
javax/ws/rs/core/CacheControl.class,1829,4654
_unpack/x86_64-win32/bin/lsp/lua/meta/3rd/Cocos4.0/library/cc/Animation.lua,956,4646
javax/vecmath/VecmathUtils.class,2392,4644
internal/paper_tape/PaperTape.class,2034,4643
editor/editor_extensions/zlib__init,2034,4639
javax/vecmath/Tuple2d.class,2013,4638
meta_merge/core__init.class,1970,4633
dynamo/graph$fnk.class,1929,4630
_unpack/shared/lua-annotations/zip.editor_script,1304,4622
lua-annotations/zip.editor_script,1304,4622
javax/vecmath/Tuple2f.class,1998,4619
_unpack/x86_64-win32/bin/lsp/lua/meta/default utf8/UnityEngine.Jobs.lua,854,4609
plumbing/fnk/schema$fn__20337$unwrap_schema_form_key__20342.class,2130,4606
org/jvnet/mimepull/DataHead.class,2304,4596
logo_small.png,4595,4590
plumbing/fnk/schema$fn__20528.class,2019,4586
_unpack/x86_64-win32/bin/lsp/lua/meta/3rd/Cocos4.0/library/cc/MotionStreak3D.lua,901,4581
_unpack/shared/lua-annotations/compute.lua,1148,4575
lua-annotations/compute.lua,1148,4575
_unpack/x86_64-win32/bin/lsp/lua/meta/default utf8/UnityEngine.Windows.lua,969,4573
util/coll$removing_update.class,1648,4566
_unpack/x86_64-win32/bin/lsp/lua/script/provider/build-meta.lua,1239,4560
doc/dmsdk-dlib-object_pool.h_doc.sdoc,1034,4559
icons/app.iconset/icon_32x32@2x.png,4557,4552
engine-profiler/remotery/vis/extern/BrowserLib/Core/Code/Keyboard.js,1836,4550
_unpack/x86_64-win32/bin/lsp/lua/script/core/command/autoRequire.lua,1354,4549
engine-profiler/remotery/vis/Code/WebGLFont.js,1611,4546
util/macro__init.class,1990,4543
internal/transaction$call_setter_fn.class,2044,4539
_unpack/x86_64-win32/bin/lsp/lua/meta/3rd/Cocos4.0/library/ccs/Bone.lua,1118,4533
util/array$hash_code.class,2297,4533
doc/dmsdk-dlib-thread.h_doc.sdoc,1168,4528
_unpack/x86_64-win32/bin/lsp/lua/meta/default utf8/System.Xml.Serialization.Advanced.lua,587,4526
org/objectweb/asm/ByteVector.class,2253,4523
editor/code/lang/java_properties,2399,4522
_unpack/x86_64-win32/bin/lsp/lua/meta/3rd/Cocos4.0/library/cc/TMXMapInfo.lua,852,4516
util/coll$gen_reduce_kv_form.class,1729,4510
org/jvnet/mimepull/UUDecoderStream.class,2458,4509
editor/resource_dialog__init,2018,4501
editor/debug__init,2037,4500
_unpack/x86_64-win32/bin/lsp/lua/script/provider/markdown.lua,1141,4493
_unpack/x86_64-win32/bin/lsp/lua/script/core/implementation.lua,1113,4487
_unpack/x86_64-win32/bin/lsp/lua/meta/3rd/Cocos4.0/library/cc/ParticleBatchNode.lua,1045,4486
templates/template.particlefx,658,4482
editor/luajit__init,1988,4475
javax/vecmath/Tuple3i.class,1989,4462
internal/transaction$realize_transfer_overrides$fn__22596.class,2233,4459
editor/code/lang/json__init,2223,4455
_unpack/x86_64-win32/bin/lsp/lua/script/encoder/utf16.lua,981,4454
_unpack/x86_64-win32/bin/lsp/lua/meta/3rd/luassert/library/luassert/spy.d.lua,992,4448
dynamo/graph$commit_tx_result_BANG_.class,2199,4445
_unpack/x86_64-win32/bin/lsp/lua/meta/default utf8/UnityEngine.TestTools.lua,871,4445
_unpack/x86_64-win32/bin/lsp/lua/script/core/diagnostics/missing-fields.lua,1220,4445
cljs/tools/reader/impl/commons.cljs,1562,4435
dynamo/graph$strict_evaluation_context_scope_reporting_variant.class,1790,4433
_unpack/x86_64-win32/bin/lsp/lua/script/proto/define.lua,1498,4433
_unpack/x86_64-win32/bin/lsp/lua/script/core/reference.lua,1122,4432
editor/texture/math__init,2023,4430
plumbing/fnk/impl$positional_fn.class,2190,4423
antlr/preprocessor/Hierarchy.class,2071,4423
_unpack/x86_64-win32/bin/lsp/lua/script/core/diagnostics/inject-field.lua,1027,4420
_unpack/shared/lua-annotations/timer.lua,1374,4417
lua-annotations/timer.lua,1374,4417
_unpack/x86_64-win32/bin/lsp/lua/meta/3rd/Defold/library/profiler.lua,1652,4414
plumbing/fnk/schema$fn__20424$union_input_schemata__20429.class,2003,4411
_unpack/shared/lua-annotations/font.lua,1549,4406
lua-annotations/font.lua,1549,4406
_unpack/x86_64-win32/bin/lsp/lua/script/plugins/ffi/c-parser/typed.lua,1236,4386
plumbing/fnk/schema$fn__20574$split_schema__20579.class,1994,4380
util/ensure__init.class,1925,4380
internal/node$collect_property_value_form.class,1804,4355
builtins/scripts/socket.lua,1061,4352
editor/editor_extensions/node_types__init,1942,4352
editor/code/lang/ini__init,2113,4338
_unpack/x86_64-win32/bin/lsp/lua/meta/default utf8/UnityEngine.Assertions.Must.lua,397,4324
google/protobuf/struct.proto,1954,4319
net/objecthunter/exp4j/function/Functions.class,1765,4319
_unpack/x86_64-win32/bin/lsp/lua/script/plugins/ffi/c-parser/cdefines.lua,1204,4318
internal/transaction$ctx_replace_arc.class,2013,4316
plumbing/fnk/schema$fn__20365$explicit_schema_key_map__20370.class,2005,4309
_unpack/x86_64-win32/bin/lsp/lua/script/string-merger.lua,1071,4308
internal/node$type_compatible_QMARK_.class,2040,4307
_unpack/x86_64-win32/bin/lsp/lua/script/progress.lua,1284,4304
internal/transaction$realize_transfer_overrides.class,1991,4303
util/coll$pmapv$fn__4312.class,2020,4303
editor/notifications_view__init,1899,4294
potemkin/namespaces__init.class,2025,4285
_unpack/x86_64-win32/bin/lsp/lua/script/core/diagnostics/undefined-doc-name.lua,1159,4283
plumbing/fnk/schema$fn__20454$required_toplevel_keys__20459.class,1999,4281
editor/menu_items__init,2079,4274
javax/xml/bind/util/JAXBSource$1.class,1717,4257
plumbing/fnk/schema$fn__20656.class,1895,4248
internal/transaction$realize_override.class,1897,4248
com/googlecode/javaewah/LongBufferWrapper.class,1924,4238
com/googlecode/javaewah32/IntBufferWrapper.class,1899,4217
com/samskivert/mustache/Mustache$Accumulator.class,1861,4216
org/objectweb/asm/ModuleWriter.class,1972,4212
util/coll$gen_reduce_form.class,1644,4204
util/net__init.class,1981,4204
editor/collision_groups__init,2024,4201
internal/transaction$new_transaction_context.class,1985,4193
dynamo/graph$loading__6812__auto____23238.class,1941,4190
util/debug_util$allocated_bytes.class,1717,4187
doc/scripts-script_http.cpp_doc.sdoc,1322,4186
editor/lsp/async__init,1927,4182
plumbing/fnk/schema$fn__20656$sequence_schemata__20661$fn__20682.class,1867,4182
plumbing/core$if_letk.class,1828,4181
util/http_client__init.class,1969,4178
_unpack/x86_64-win32/bin/lsp/lua/meta/default utf8/UnityEngine.Networking.PlayerConnection.lua,615,4178
editor/resource_io__init,1921,4176
editor/url,2303,4171
plumbing/fnk/impl$positional_fnk_form.class,1828,4164
meta_merge/core$meta_merge.class,1899,4159
_unpack/x86_64-win32/bin/lsp/lua/meta/3rd/bee/library/bee/filesystem.lua,802,4159
editor/ui/fuzzy_choices_popup/proxy,1584,4153
_unpack/x86_64-win32/bin/lsp/lua/meta/3rd/Cocos4.0/library/ccui/VideoPlayer.lua,1065,4152
editor/ui/settings_popup/proxy,1578,4148
internal/node$node_output_value_function_form.class,1716,4147
util/thread_util__init.class,1874,4137
_unpack/x86_64-win32/bin/lsp/lua/meta/3rd/Cocos4.0/library/cc/Sprite3D.lua,1289,4135
org/objectweb/asm/RecordComponentWriter.class,1566,4132
_unpack/x86_64-win32/bin/lsp/lua/meta/3rd/Cocos4.0/library/ccs/Armature.lua,993,4128
_unpack/x86_64-win32/bin/lsp/lua/meta/3rd/luv/library/uv_tcp_t.lua,1413,4128
plumbing/fnk/impl$extract_special_args.class,2071,4127
editor/id__init,1953,4126
dynamo/graph$let_ec_strict_form.class,1928,4126
com/googlecode/javaewah32/symmetric/ThresholdFuncBitmap32.class,2228,4112
internal/system$custom_evaluation_context.class,1948,4107
com/googlecode/javaewah/symmetric/ThresholdFuncBitmap.class,2299,4106
editor/code/lang/java_properties__init,1988,4102
editor/engine_profiler__init,1960,4094
antlr/ANTLRTokdefParser.class,2191,4093
com/samskivert/mustache/Mustache.class,1655,4082
com/cognitect/transit/impl/AbstractParser.class,1513,4076
_unpack/x86_64-win32/bin/lsp/lua/meta/3rd/Cocos4.0/library/cc/ProgressTimer.lua,1071,4066
util/debug_util$measuring.class,1602,4064
icons/ios/ios_icon_72.png,4067,4062
cljs/core/async/impl/buffers.cljs,1267,4060
_unpack/x86_64-win32/bin/lsp/lua/meta/3rd/Cocos4.0/library/cc/Physics3DHingeConstraint.lua,762,4059
_unpack/x86_64-win32/bin/lsp/lua/script/core/code-lens.lua,1138,4056
org/jvnet/mimepull/MIMEParser$MIMEEventIterator.class,1709,4049
editor/vcs_status__init,1906,4046
_unpack/x86_64-win32/bin/lsp/lua/meta/3rd/Cocos4.0/library/cc/ProtectedNode.lua,1067,4046
cljs/core/async.clj,1653,4045
util/http_server$loading__6812__auto____44450.class,1936,4045
editor/connection_properties__init,2018,4043
_unpack/x86_64-win32/bin/lsp/lua/meta/3rd/Cocos4.0/library/cc/TextureCache.lua,1224,4040
internal/node$call_production_function_form.class,1646,4030
com/samskivert/mustache/DefaultCollector.class,1693,4027
org/objectweb/asm/TypeReference.class,1536,4016
editor/http_server/prefs__init,1842,4013
util/digestable$digest_map_BANG_.class,1954,4008
_unpack/x86_64-win32/bin/lsp/lua/meta/3rd/Cocos4.0/library/cc/MotionStreak.lua,838,3997
org/apache/harmony/beans/BeansUtils.class,1991,3996
dynamo/graph$defnode$iter__23372__23376$fn__23377.class,1852,3984
internal/transaction$realize_disconnect.class,2016,3981
javax/ws/rs/core/NewCookie.class,1685,3974
org/objectweb/asm/Attribute.class,1912,3972
internal/graph$basis_plan_delete_nodes.class,1891,3970
doc/dmsdk-dlib-atomic.h_doc.sdoc,570,3969
editor/localization/Localization,1825,3967
doc/lua_table.doc_h_doc.sdoc,1263,3967
org/json/simple/JSONValue.class,2003,3964
internal/node$extract_def_fns.class,1704,3962
editor/library__init,1847,3960
javax/xml/bind/helpers/ValidationEventLocatorImpl.class,1598,3956
internal/node$loading__6812__auto____21112.class,1862,3953
sync-push.fxml,917,3951
_unpack/x86_64-win32/bin/lsp/lua/meta/default utf8/UnityEngine.Profiling.Memory.Experimental.lua,649,3950
plumbing/fnk/schema$fn__20574.class,1771,3949
_unpack/x86_64-win32/bin/lsp/lua/script/log.lua,1246,3949
org/json/simple/ItemList.class,1690,3939
plumbing/core$defnk.class,1922,3937
util/ensure$argument_type.class,1673,3921
internal/transaction$ctx_connect_arcs$fn__22694.class,2017,3914
internal/cache$make_cache.class,1865,3909
javax/COPYRIGHT.txt,1639,3908
internal/transaction$mark_property_state_changes.class,1914,3905
_unpack/x86_64-win32/bin/lsp/lua/meta/template/io.lua,874,3900
_unpack/x86_64-win32/bin/lsp/lua/meta/3rd/Cocos4.0/library/cc/TMXTiledMap.lua,811,3895
plumbing/fnk/schema$fn__20388.class,1779,3893
javax/ws/rs/core/Response$Status.class,2126,3892
util/fn$with_logged_calls.class,1549,3889
javax/xml/bind/JAXBContext.class,1538,3888
_unpack/x86_64-win32/bin/lsp/lua/meta/3rd/Cocos4.0/library/sp/SkeletonRenderer.lua,633,3883
com/samskivert/mustache/Mustache$Parser.class,1952,3883
internal/cache$miss_update_lru.class,1788,3878
_unpack/x86_64-win32/bin/lsp/lua/meta/default utf8/UnityEngine.tvOS.lua,1104,3870
util/time__init.class,1698,3870
util/coll$ptree$parallel_child_results__4333.class,1844,3866
internal/transaction$realize_transfer_overrides$fn__22582.class,1970,3865
_unpack/x86_64-win32/bin/lsp/lua/meta/3rd/Cocos4.0/library/cc/Pass.lua,801,3859
antlr/build/Tool.class,2004,3857
_unpack/x86_64-win32/bin/lsp/lua/meta/3rd/OpenResty/library/ngx/re.lua,1451,3853
util/fn$evict_memoized_BANG_.class,1955,3846
plumbing/fnk/schema$fn__20424.class,1698,3843
doc/dmsdk-dlib-endian.hpp_doc.sdoc,510,3843
_unpack/x86_64-win32/bin/lsp/lua/script/cli/check.lua,1221,3839
javax/ws/rs/ext/RuntimeDelegate.class,1764,3837
_unpack/x86_64-win32/bin/lsp/lua/meta/3rd/Cocos4.0/library/ccui/TabControl.lua,939,3834
_unpack/x86_64-win32/bin/lsp/lua/script/language.lua,1162,3832
lua-annotations/image.lua,1141,3817
_unpack/shared/lua-annotations/image.lua,1141,3817
_unpack/x86_64-win32/bin/lsp/lua/meta/3rd/Cocos4.0/library/cc/Terrain.lua,1150,3815
_unpack/x86_64-win32/bin/lsp/lua/meta/3rd/love2d/library/love/system.lua,1183,3805
doc/lua_coroutine.doc_h_doc.sdoc,1193,3802
editor/node_util__init,1722,3800
util/path$loading__6812__auto____6982.class,1681,3797
editor/lsp/base__init,1746,3793
_unpack/x86_64-win32/bin/lsp/lua/script/vm/def.lua,847,3790
_unpack/x86_64-win32/bin/lsp/lua/meta/default utf8/System.Runtime.Remoting.Metadata.lua,474,3788
_unpack/x86_64-win32/bin/lsp/lua/meta/Lua 5.4 zh-cn utf8/bit32.lua,774,3786
_unpack/x86_64-win32/bin/lsp/lua/meta/LuaJIT zh-cn utf8/bit32.lua,774,3786
javax/vecmath/Tuple2i.class,1677,3782
_unpack/x86_64-win32/bin/lsp/lua/meta/default utf8/UnityEngine.Experimental.Video.lua,727,3782
util/task$fork.class,1773,3782
internal/node$validate_evaluation_context_options.class,1722,3780
editor/disk_availability__init,1798,3780
editor/bootloader__init,1792,3779
doc/dmsdk-dlib-endian.h_doc.sdoc,499,3777
internal/node$check_caches_form.class,1595,3769
TestScript/TestDdf$Enum.class,1580,3767
antlr/PrintWriterWithSMAP.class,1881,3766
internal/transaction$assert_schema_type_compatible.class,1585,3765
internal/graph$cascade_delete_sources.class,1829,3760
util/murmur__init.class,1804,3754
_unpack/x86_64-win32/bin/lsp/lua/meta/3rd/Cocos4.0/library/cc/NavMeshAgent.lua,855,3754
_unpack/x86_64-win32/bin/lsp/lua/meta/3rd/Cocos4.0/library/ccs/ArmatureDataManager.lua,683,3754
editor/build_target__init,1763,3753
_unpack/x86_64-win32/bin/lsp/lua/script/config/loader.lua,892,3751
com/googlecode/javaewah32/ChunkIteratorImpl32.class,1783,3750
util/array$set_items_impl_BANG_.class,1655,3749
plumbing/graph/positional.clj,1284,3741
dynamo/graph$let_ec_relaxed_form.class,1657,3739
_unpack/x86_64-win32/bin/lsp/lua/script/glob/matcher.lua,866,3739
plumbing/core$memoized_fn.class,1458,3738
util/defonce__init.class,1697,3737
_unpack/x86_64-win32/bin/lsp/lua/meta/3rd/Cocos4.0/library/cc/ControlPotentiometer.lua,795,3737
_unpack/x86_64-win32/bin/lsp/lua/meta/3rd/Cocos4.0/library/ccb/Texture2DBackend.lua,568,3732
com/googlecode/javaewah/ChunkIteratorImpl.class,1803,3728
_unpack/x86_64-win32/bin/lsp/lua/meta/3rd/Cocos4.0/library/cc/Physics3DConeTwistConstraint.lua,887,3727
internal/node$node_type_deref_ordered_property_setter_infos_raw.class,1706,3727
internal/node$fn__21855$iter__21859__21863$fn__21864.class,1893,3724
_unpack/x86_64-win32/bin/lsp/lua/meta/default utf8/UnityEngine.SocialPlatforms.GameCenter.lua,610,3721
plumbing/fnk/schema$fn__20337.class,1744,3720
internal/graph$loading__6812__auto____19918.class,1726,3717
editor/lua__init,1789,3714
internal/util$intov.class,1491,3711
editor/scene_picking__init,1655,3710
util/coll$into__GT_.class,1442,3708
editor/hot_reload__init,1788,3708
antlr/preprocessor/Tool.class,2036,3704
dynamo/graph$make_tree_tracer$fn__23472.class,1744,3699
editor/gl/texture/TextureRequestData,1862,3689
internal/transaction$update_property.class,1647,3689
util/text_util$binary_QMARK_.class,1957,3686
org/slf4j/MDC.class,1721,3678
internal/transaction$realize_delete_nodes.class,1853,3678
_unpack/x86_64-win32/bin/lsp/lua/meta/default utf8/System.Runtime.Remoting.Lifetime.lua,490,3675
_unpack/x86_64-win32/bin/lsp/lua/meta/3rd/OpenResty/library/ngx/ssl/clienthello.lua,1068,3673
_unpack/x86_64-win32/bin/lsp/lua/script/provider/language-configuration.lua,868,3672
plumbing/fnk/schema$schema_diff$iter__20498__20502$fn__20503.class,1831,3669
net/objecthunter/exp4j/shuntingyard/ShuntingYard.class,1610,3659
internal/transaction$realize_transfer_overrides$fn__22570.class,1871,3647
dynamo/graph$endpoint_invalidated_pred.class,1692,3646
icons/64/Icons_04-Project-file.png,3649,3644
editor/ns_batch_builder__init,1677,3640
plumbing/core$keywordize_map.class,1802,3634
plumbing/fnk/schema$fn__20454.class,1685,3621
org/slf4j/helpers/BasicMarker.class,1868,3621
_unpack/x86_64-win32/bin/lsp/lua/meta/default utf8/System.Net.Cache.lua,415,3612
_unpack/x86_64-win32/bin/lsp/lua/meta/default utf8/System.Net.Mime.lua,580,3603
internal/transaction$realize_update_graph_value.class,1751,3599
_unpack/x86_64-win32/bin/lsp/lua/meta/template/string.lua,688,3596
internal/graph$dependencies.class,1720,3590
_unpack/x86_64-win32/bin/lsp/lua/meta/3rd/Cocos4.0/library/ccs/BoneNode.lua,762,3589
_unpack/x86_64-win32/bin/lsp/lua/meta/3rd/OpenResty/library/ngx/ocsp.lua,1134,3587
util/fn$memoize_details.class,1821,3582
antlr/MismatchedTokenException.class,1629,3580
_unpack/x86_64-win32/bin/lsp/lua/meta/3rd/Cocos4.0/library/cc/Follow.lua,620,3575
_unpack/x86_64-win32/bin/lsp/lua/script/glob/glob.lua,1107,3567
util/http_server$fn$reify__45685.class,1553,3565
_unpack/x86_64-win32/bin/lsp/lua/meta/3rd/Defold/library/tilemap.lua,1158,3564
engine-profiler/remotery/vis/index.html,616,3562
util/coll$assoc_in_ex.class,1709,3553
plumbing/fnk/schema$fn__20365.class,1679,3553
javax/ws/rs/ext/FactoryFinder.class,1791,3540
splash.fxml,853,3536
editor/os__init,1699,3535
_unpack/x86_64-win32/bin/lsp/lua/meta/default utf8/UnityEngine.Build.Pipeline.lua,502,3530
internal/node$canonicalize.class,1619,3529
util/debug_util$log_time.class,1558,3521
service/smoke_log__init.class,1758,3520
util/coll$loading__6812__auto____3925.class,1698,3516
util/task$with_open$expand__3639.class,1581,3514
internal/node$merge_display_order.class,1723,3503
editor/lua_parser__init,1725,3494
internal/low_memory$ensure_notification_listener_BANG___18755.class,1802,3487
_unpack/x86_64-win32/bin/lsp/lua/meta/3rd/Cocos4.0/library/cc/LayerGradient.lua,706,3487
plumbing/fnk/impl$efficient_call_forms.class,1648,3486
internal/transaction$ctx_revert_add_nodes.class,1630,3483
_unpack/x86_64-win32/bin/lsp/lua/meta/3rd/OpenResty/library/resty/lrucache.lua,1279,3483
javax/xml/bind/helpers/DefaultValidationEventHandler.class,1635,3479
luac.class,1855,3478
internal/node$update_fn_maps$fn__21899$fn__21901.class,1567,3477
_unpack/x86_64-win32/bin/lsp/lua/script/core/diagnostics/unused-function.lua,964,3476
internal/transaction$realize_add_override.class,1703,3471
dynamo/graph$tx_cached_value_BANG_.class,1452,3471
internal/node$validate_evaluation_context.class,1466,3471
plumbing/core$for_map.class,1378,3469
internal/transaction$ctx_add_nodes.class,1631,3467
potemkin/PersistentMapProxy.class,1450,3466
util/http_server$start_BANG_$reify__45704.class,1655,3464
service/log$logging_exceptions.class,1557,3463
com/cognitect/transit/impl/WriteHandlers$MapWriteHandler.class,1401,3460
com/googlecode/javaewah/RunningLengthWord.class,1476,3457
dynamo/graph$restore_overridden_properties$iter__23676__23680$fn__23681.class,1695,3454
_unpack/x86_64-win32/bin/lsp/lua/meta/3rd/Cocos4.0/library/ccs/ArmatureAnimation.lua,816,3447
dynamo/graph$collect_overridden_properties$fn__23667.class,1694,3444
util/bit_set$clear_bit.class,1472,3433
util/bit_set$set_bit.class,1463,3429
util/coll$pair_fn.class,1347,3426
plumbing/core$letk$fn__21079.class,1627,3423
_unpack/x86_64-win32/bin/lsp/lua/meta/3rd/Defold/library/collection_factory.lua,1172,3423
_unpack/x86_64-win32/bin/lsp/lua/script/core/diagnostics/unused-local.lua,909,3420
com/cognitect/transit/impl/ReaderFactory$ReaderImpl.class,1316,3415
com/samskivert/mustache/Mustache$Compiler.class,1175,3411
dynamo/graph$tx_cached_node_value_BANG_.class,1720,3408
_unpack/x86_64-win32/bin/lsp/lua/meta/3rd/Cocos4.0/library/sp/SkeletonAnimation.lua,507,3403
doc/dmsdk-dlib-file_descriptor.h_doc.sdoc,615,3401
internal/transaction$realize_make_override_nodes$fn__22486.class,1686,3399
potemkin/namespaces.clj,887,3396
doc/dmsdk-sound-sound.h_doc.sdoc,729,3388
internal/transaction$realize_add_nodes.class,1722,3385
internal/graph$arcs_by_target$fn__20070.class,1684,3382
_unpack/x86_64-win32/bin/lsp/lua/meta/3rd/Cocos4.0/library/cc/FastTMXTiledMap.lua,733,3382
editor/editor_extensions/server__init,1568,3379
_unpack/x86_64-win32/bin/lsp/lua/meta/3rd/lovr/library/lovr/system.lua,1075,3376
internal/node$default_evaluation_context.class,1562,3375
com/googlecode/javaewah32/RunningLengthWord32.class,1427,3370
antlr/LexerGrammar.class,1784,3370
util/time$vague_description.class,1687,3370
_unpack/x86_64-win32/bin/lsp/lua/script/filewatch.lua,974,3370
plumbing/core$map_vals.class,1755,3366
internal/transaction$realize_update_property.class,1490,3361
internal/node$fn__21846.class,1736,3358
internal/transaction$ctx_delete_nodes.class,1516,3357
util/fn$memoize_late_bound.class,1675,3353
editor/tile_map_common__init,1603,3352
_unpack/shared/lua-annotations/tilemap.editor_script,787,3343
lua-annotations/tilemap.editor_script,787,3343
sponsors/heroiclabs.png,3347,3342
doc/render-render_ddf.proto_doc.sdoc,883,3336
_unpack/x86_64-win32/bin/lsp/lua/script/encoder/init.lua,687,3335
internal/system$replay_changes.class,1637,3334
util/debug_util$metrics_time.class,1487,3333
_unpack/x86_64-win32/bin/lsp/lua/meta/default utf8/System.Security.Authentication.lua,390,3332
antlr/TreeParser.class,1544,3331
internal/node$register_type.class,1480,3330
com/googlecode/javaewah32/IteratorUtil32.class,1431,3329
engine-profiler/remotery/vis/Code/WebSocketConnection.js,886,3324
internal/node$property_value_exprs.class,1516,3321
templates/template.emitter,644,3314
local_extensions__init.class,1617,3308
_unpack/x86_64-win32/bin/lsp/lua/meta/whimsical/rule.lua,600,3303
doc/dmsdk-gamesys-property.h_doc.sdoc,678,3302
internal/transaction$assert_type_compatible.class,1529,3301
javax/xml/bind/DatatypeConverterImpl$CalendarFormatter.class,1760,3296
plumbing/graph_async.cljs,1049,3293
plumbing/graph_async.clj,1045,3293
_unpack/x86_64-win32/bin/lsp/lua/meta/3rd/Cocos4.0/library/cc/UserDefault.lua,644,3289
util/diff$make_diff_output_lines_impl.class,1552,3288
util/fn$constantly_fail.class,1334,3288
org/slf4j/impl/StaticLoggerBinder.class,1570,3288
doc/dmsdk-dlib-mutex.h_doc.sdoc,806,3286
_unpack/x86_64-win32/bin/lsp/lua/script/core/diagnostics/assign-type-mismatch.lua,1034,3285
_unpack/x86_64-win32/bin/lsp/lua/script/brave/work.lua,977,3283
potemkin/PersistentMapProxy.java,925,3279
editor/code/data/proxy,1393,3278
editor/resource/proxy,1381,3276
util/fn$loading__6812__auto____6837.class,1537,3275
org/slf4j/helpers/NOPLogger.class,855,3267
_unpack/x86_64-win32/bin/lsp/lua/meta/3rd/Cocos4.0/library/cc/EventMouse.lua,582,3265
util/num$ushort__16180.class,1452,3263
_unpack/x86_64-win32/bin/lsp/lua/meta/3rd/Cocos4.0/library/cc/Ripple3D.lua,611,3260
util/num$ubyte__16168.class,1450,3259
internal/node$call_with_error_checked_fnky_arguments_form.class,1416,3258
internal/transaction$loading__6812__auto____22312.class,1561,3255
util/num$uint__16192.class,1449,3255
util/debug_util$loading__6812__auto____18985.class,1553,3251
org/jvnet/mimepull/MIMEConfig.class,1551,3248
util/num$eval16172$fn__16173.class,1452,3241
com/googlecode/javaewah/IteratorUtil.class,1436,3241
util/digestable$fn__GT_symbol.class,1605,3239
util/num$eval16160$fn__16161.class,1450,3238
internal/node$node_type_deref_defaults_raw.class,1507,3236
dynamo/graph$transact.class,1650,3235
util/num$eval16184$fn__16185.class,1451,3235
internal/transaction$override_node_ids_removed_by_disconnect.class,1614,3233
util/coll$remove_from_associative.class,1395,3233
internal/util$name_index.class,1646,3229
util/digestable$loading__6812__auto____38738.class,1593,3229
util/bit_set$and_bits.class,1353,3227
_unpack/x86_64-win32/bin/lsp/lua/meta/3rd/Cocos4.0/library/ccs/ComAudio.lua,594,3226
util/bit_set$or_bits.class,1352,3225
_unpack/x86_64-win32/bin/lsp/lua/meta/3rd/Cocos4.0/library/cc/AtlasNode.lua,808,3223
org/jvnet/mimepull/MemoryData.class,1581,3223
editor/volatile_cache__init,1534,3221
_unpack/x86_64-win32/bin/lsp/lua/meta/3rd/Cocos4.0/library/ccui/RichElementText.lua,636,3218
editor/ui/MenuEventHandler,1587,3214
util/array$of_type_impl.class,1470,3214
builtins/materials/skinning.glsl,916,3212
org/jvnet/mimepull/FactoryFinder.class,1589,3211
javax/xml/bind/Messages.properties,1488,3211
dynamo/graph$maybe_node_value.class,1631,3210
internal/graph$collect_override_chains_PLUS_explicit_arcs.class,1561,3208
org/jvnet/mimepull/InternetHeaders.class,1614,3206
dynamo/graph$default_node_serializer.class,1582,3205
dynamo/graph$defnode$iter__23372__23376$fn__23377$fn__23378.class,1500,3204
internal/transaction$update_successors.class,1596,3201
_unpack/x86_64-win32/bin/lsp/lua/meta/3rd/Cocos4.0/library/cc/ControlSlider.lua,511,3198
com/googlecode/javaewah32/AndIt.class,1364,3198
antlr/preprocessor/Rule.class,1468,3197
internal/node$schema_check_result.class,1572,3194
internal/system$cancel_undo.class,1534,3194
internal/graph$pre_traverse.class,1520,3193
util/diff$insert_nop_edits.class,1515,3193
com/samskivert/mustache/Mustache$SectionSegment.class,1382,3190
_unpack/x86_64-win32/bin/lsp/lua/script/text-merger.lua,984,3188
_unpack/x86_64-win32/bin/lsp/lua/meta/3rd/Cocos4.0/library/cc/ClippingNode.lua,848,3184
util/coll$resize.class,1530,3176
internal/graph$basis_plan_replace_arc.class,1573,3170
_unpack/x86_64-win32/bin/lsp/lua/meta/default utf8/System.Runtime.Remoting.Proxies.lua,594,3168
dynamo/graph$with_auto_or_fake_evaluation_context.class,1382,3167
internal/system$loading__6812__auto____23000.class,1580,3164
_unpack/x86_64-win32/bin/lsp/lua/meta/3rd/luv/library/uv_pipe_t.lua,1027,3162
util/debug_util$stack_trace_impl.class,1486,3162
_unpack/shared/lua-annotations/localization.editor_script,833,3154
lua-annotations/localization.editor_script,833,3154
util/task__init.class,1527,3154
com/googlecode/javaewah/BufferedAndIterator.class,1347,3153
editor/protobuf_forms_util__init,1487,3152
internal/node$check_caches_BANG_.class,1521,3152
_unpack/x86_64-win32/bin/lsp/lua/meta/3rd/Cocos4.0/library/cc/Action.lua,929,3143
_unpack/x86_64-win32/bin/lsp/lua/meta/3rd/Cocos4.0/library/cc/Animate3D.lua,685,3138
_unpack/x86_64-win32/bin/lsp/lua/meta/3rd/luv/library/uv_signal_t.lua,1244,3137
_unpack/x86_64-win32/bin/lsp/lua/meta/3rd/Cocos4.0/library/ccui/ImageView.lua,946,3137
_unpack/x86_64-win32/bin/lsp/lua/script/gc.lua,1159,3127
dynamo/graph$valid_node_value.class,1588,3126
util/profiler__init.class,1525,3124
antlr/Lookahead.class,1508,3122
internal/util$count_where.class,1484,3117
internal/transaction$finalize_update.class,1549,3117
template-projects/welcome.new-project.empty-project.title.zip,1475,3116
com/googlecode/javaewah32/BufferedIterator32.class,1291,3116
util/bit_set$of.class,1342,3116
_unpack/x86_64-win32/bin/lsp/lua/meta/default utf8/System.Runtime.Remoting.Activation.lua,498,3115
util/diff$redundant_edit_QMARK_.class,1549,3114
internal/node/OverrideNode$fn__22163$fn__22168.class,1469,3114
internal/transaction$callback.class,1457,3111
internal/transaction$expand.class,1465,3108
util/path$tree_walker.class,1504,3104
internal/node$attach_declared_properties_output.class,1530,3100
doc/src-script_types.cpp_doc.sdoc,504,3099
plumbing/fnk/impl$process_schematized_map.class,1655,3096
doc/dmsdk-font-fontcollection.h_doc.sdoc,593,3093
util/path$tree_walker$reify$reify__7107.class,1440,3092
util/digestable$digest_map_BANG_$digest_map_entry_BANG___38785.class,1512,3087
com/googlecode/javaewah/BufferedIterator.class,1308,3086
icons/ios/ios_icon_57.png,3084,3079
com/cognitect/transit/impl/JsonVerboseEmitter.class,1325,3078
internal/transaction$mark_override_nodes_affected.class,1482,3077
javax/ws/rs/core/Cookie.class,1342,3077
dynamo/graph$log_evaluation_context_scope_violation_exception_BANG_.class,1625,3077
org/json/simple/JSONObject.class,1429,3076
javax/xml/bind/Unmarshaller.class,829,3074
internal/graph$basis_set_raw_property_state.class,1465,3073
internal/system$clone_system.class,1417,3073
local_extensions$handle_request.class,1600,3071
internal/node$construct.class,1516,3070
_unpack/x86_64-win32/bin/lsp/lua/meta/3rd/Cocos4.0/library/global.lua,816,3067
_unpack/x86_64-win32/bin/lsp/lua/script/core/diagnostics/duplicate-set-field.lua,886,3066
util/macro$claim_conformed_symbol_name_BANG_.class,1307,3061
meta_merge/core.cljc,883,3061
antlr/DefaultToolErrorHandler.class,1625,3059
doc/gamesys-gui_ddf.proto_doc.sdoc,638,3058
plumbing/fnk/schema$fn__20574$split_schema__20579$fn__20580$iter__20581__20585$fn__20586$fn__20587$iter__20588__20592$fn__20593.class,1504,3058
internal/node$gather_arguments_form.class,1416,3056
_unpack/x86_64-win32/bin/lsp/lua/script/core/diagnostics/incomplete-signature-doc.lua,796,3052
_unpack/x86_64-win32/bin/lsp/lua/meta/3rd/Cocos4.0/library/cc/Material.lua,905,3051
internal/node$parse_flags_and_options.class,1524,3051
doc/scripts-box2d-v2-script_box2d_shape_v2.cpp_doc.sdoc,1050,3044
util/digestable$fn__38797.class,1545,3042
_unpack/x86_64-win32/bin/lsp/lua/meta/default utf8/UnityEngine.LowLevel.lua,706,3041
plumbing/fnk/schema$fn__20574$split_schema__20579$fn__20580$iter__20581__20585$fn__20586$iter__20611__20615$fn__20616.class,1503,3038
internal/node$validate_property_labels_impl.class,1502,3033
util/coll$pair_map_by.class,1366,3032
util/coll$sort.class,1562,3029
javax/ws/rs/core/UriBuilder.class,1179,3028
internal/node$verify_property_defaults_impl.class,1553,3027
dynamo/graph$defnk.class,1441,3025
plumbing/fnk/impl$letk_input_schema_and_body_form$fn__20811.class,1473,3024
_unpack/x86_64-win32/bin/lsp/lua/meta/default utf8/UnityEngine.Diagnostics.lua,674,3022
_unpack/x86_64-win32/bin/lsp/lua/meta/3rd/Cocos4.0/library/cc/LayerRadialGradient.lua,534,3021
com/googlecode/javaewah/BufferedRunningLengthWord.class,1364,3021
internal/transaction$ctx_revert_delete_nodes.class,1359,3011
internal/util$input_annotations.class,1467,3010
_unpack/x86_64-win32/bin/lsp/lua/script/core/diagnostics/return-type-mismatch.lua,903,3005
internal/node$apply_default_property_shortcut_form.class,1377,3002
_unpack/x86_64-win32/bin/lsp/lua/meta/3rd/Cocos4.0/library/ccui/Helper.lua,920,3001
_unpack/x86_64-win32/bin/lsp/lua/meta/3rd/Cocos4.0/library/ccs/DisplayManager.lua,781,2996
internal/graph$basis_plan_add_nodes.class,1447,2994
_unpack/x86_64-win32/bin/lsp/lua/meta/3rd/Cocos4.0/library/cc/Twirl.lua,590,2993
doc/dmsdk-dlib-context_registry.h_doc.sdoc,496,2991
org/objectweb/asm/signature/SignatureWriter.class,1257,2990
_unpack/x86_64-win32/bin/lsp/lua/meta/3rd/Cocos4.0/library/cc/ControlStepper.lua,634,2987
internal/node$declared_properties_function_form$iter__22122__22126$fn__22127.class,1427,2987
dynamo/graph$fn__23245.class,1428,2983
antlr/build/ANTLR.class,1508,2983
com/googlecode/javaewah32/BufferedRunningLengthWord32.class,1312,2981
_unpack/x86_64-win32/bin/lsp/lua/script/without-check-nil.lua,512,2978
javax/ws/rs/core/Variant.class,1317,2976
_unpack/x86_64-win32/bin/lsp/lua/meta/default utf8/System.Security.Authentication.ExtendedProtection.Configuration.lua,364,2975
dynamo/graph$restore_overridden_properties.class,1515,2975
editor/gl/vertex2/VertexBuffer,1460,2975
internal/transaction$transact_STAR_.class,1457,2975
javax/ws/rs/core/GenericEntity.class,1365,2973
lua-annotations/msg.lua,1048,2971
_unpack/shared/lua-annotations/msg.lua,1048,2971
potemkin/template.clj,938,2970
_unpack/x86_64-win32/bin/lsp/lua/meta/template/os.lua,692,2967
org/slf4j/helpers/Util.class,1542,2966
org/apache/harmony/beans/internal/nls/Messages.class,1501,2966
internal/node$verify_labels.class,1479,2965
util/bit_set$of_capacity.class,1279,2962
util/eduction$loading__6812__auto____3767.class,1518,2962
dynamo/graph$collect_overridden_properties.class,1492,2961
doc/dmsdk-engine-extension.hpp_doc.sdoc,632,2958
internal/transaction$mark_input_activated.class,1464,2955
editor/code/lang/cish,1589,2952
internal/node$fn__21855$iter__21859__21863$fn__21864$fn__21865.class,1553,2951
dynamo/graph$clear_system_cache_BANG_.class,1431,2949
dynamo/graph$override.class,1421,2944
_unpack/x86_64-win32/bin/lsp/lua/meta/3rd/Defold/library/factory.lua,981,2944
antlr/SimpleTokenManager.class,1404,2942
_unpack/x86_64-win32/bin/lsp/lua/script/vm/vm.lua,886,2942
editor/code/lang/zig,1590,2941
editor/code/lang/ini,1583,2939
internal/transaction$realize_defaults.class,1420,2939
camel_snake_kebab$loading__6812__auto____4810.class,1405,2939
internal/node$defer_display_order_resolution.class,1307,2939
internal/transaction$successor_changes.class,1357,2938
_unpack/x86_64-win32/bin/lsp/lua/meta/3rd/Cocos4.0/library/ccui/RadioButtonGroup.lua,750,2936
com/googlecode/javaewah/BufferedORIterator.class,1375,2933
_unpack/x86_64-win32/bin/lsp/lua/meta/Lua 5.4 zh-cn utf8/package.lua,969,2927
util/repo__init.class,1475,2925
javax/xml/bind/annotation/W3CDomHandler.class,1178,2918
internal/transaction$ctx_revert_repoint_override_node.class,1302,2917
doc/src-script_json.cpp_doc.sdoc,857,2915
org/objectweb/asm/signature/SignatureReader.class,1575,2914
internal/low_memory$reify__18743.class,1540,2914
internal/graph$basis_perform_delete_nodes.class,1369,2912
com/googlecode/javaewah32/ORIt.class,1346,2902
internal/transaction$mark_all_outputs_activated.class,1426,2902
util/coll$merge_with_kv.class,1336,2900
engine-profiler/remotery/vis/extern/BrowserLib/WindowManager/Code/TreeviewItem.js,851,2897
local_extensions$loading__6812__auto____44448.class,1437,2894
_unpack/x86_64-win32/bin/lsp/lua/meta/3rd/Cocos4.0/library/ccui/LoadingBar.lua,796,2890
internal/system$invalidate_outputs.class,1387,2888
util/coll$merge_with.class,1326,2882
_unpack/x86_64-win32/bin/lsp/lua/script/file-uri.lua,918,2880
plumbing/fnk/schema$fn__20424$union_input_schemata__20429$fn__20430$fn__20433.class,1407,2878
_unpack/x86_64-win32/bin/lsp/lua/meta/3rd/Cocos4.0/library/ccui/WebView.lua,815,2877
util/debug_util$update_metrics.class,1191,2876
builtins/assets/gltf/cube.gltf,778,2865
internal/transaction$ctx_disconnect_arcs$fn__22708.class,1502,2864
util/fn$memoize_late_bound$memoized_fn__6909.class,1453,2863
internal/node$apply_dry_run_cache.class,1350,2862
util/eduction$concat.class,1145,2861
util/crypto$secret_bytes.class,1578,2860
_unpack/x86_64-win32/bin/lsp/lua/meta/3rd/Cocos4.0/library/cc/Control.lua,750,2857
util/diff$loading__6812__auto____32022.class,1399,2856
plumbing/fnk/schema$schema_diff$iter__20498__20502$fn__20503$fn__20504.class,1493,2851
_unpack/x86_64-win32/bin/lsp/lua/meta/default utf8/System.Runtime.Serialization.Formatters.Binary.lua,398,2850
editor/editor_extensions/image__init,1422,2849
_unpack/x86_64-win32/bin/lsp/lua/meta/3rd/OpenResty/library/resty/websocket/client.lua,1084,2849
_unpack/x86_64-win32/bin/lsp/lua/meta/3rd/Cocos4.0/library/cc/GridBase.lua,747,2847
internal/node/OverrideNode$fn__22163$fn__22174.class,1409,2847
_unpack/x86_64-win32/bin/lsp/lua/meta/3rd/Defold/library/buffer.lua,848,2845
dynamo/graph$defnode$iter__23387__23391$fn__23392.class,1424,2845
dynamo/graph$defective_QMARK_.class,1444,2844
_unpack/x86_64-win32/bin/lsp/lua/meta/3rd/Defold/library/particle_effects.lua,841,2834
internal/node$deduce_output_type_form.class,1343,2829
_unpack/x86_64-win32/bin/lsp/lua/script/core/hover/args.lua,648,2829
internal/node$call_with_error_checked_fnky_arguments_form$fn__22049.class,1360,2828
internal/graph$arcs_by_target$fn__20078.class,1434,2827
plumbing/core$letk.class,1367,2825
util/text_util$loading__6812__auto____4364.class,1392,2823
internal/node$fn__21181.class,1354,2818
internal/util$select_keys_deep.class,1315,2817
javax/ws/rs/core/Response$ResponseBuilder.class,979,2817
util/digestable$augment_throwable_with_path.class,1374,2815
internal/node$node_input_value_function_form.class,1324,2813
builtins/fonts/font-df-ms.fp,862,2810
_unpack/x86_64-win32/bin/lsp/lua/script/plugins/astHelper.lua,874,2806
util/text_util$guess_line_endings.class,1532,2804
internal/transaction$finalize_successors_changed.class,1395,2803
com/googlecode/javaewah/BufferedXORIterator.class,1318,2802
doc/dmsdk-dlib-double_linked_list.h_doc.sdoc,523,2801
com/googlecode/javaewah32/symmetric/UpdateableBitmapFunction32.class,1322,2800
javax/xml/bind/JAXBElement.class,1184,2799
com/googlecode/javaewah32/XORIt.class,1307,2799
antlr/debug/InputBufferEventSupport.class,1414,2797
_unpack/x86_64-win32/bin/lsp/lua/meta/3rd/Cocos4.0/library/cc/Waves.lua,577,2794
com/googlecode/javaewah32/symmetric/RunningBitmapMerge32.class,1242,2794
util/digestable$digest_tagged_BANG_.class,1307,2793
internal/transaction$realize_set_property.class,1301,2789
internal/graph$propagate_source_arcs$fn__20052$fn__20053.class,1318,2788
util/array$nth_fn.class,1405,2783
internal/transaction$realize_update_overrides$fn__22515.class,1385,2782
dynamo/graph$overridden_properties.class,1451,2778
doc/dmsdk-dlib-utf8.h_doc.sdoc,756,2777
_unpack/x86_64-win32/bin/lsp/lua/meta/Lua 5.4 zh-cn utf8/coroutine.lua,919,2777
internal/node$cache_result_form.class,1212,2773
_unpack/x86_64-win32/bin/lsp/lua/script/core/view/psi-view.lua,767,2772
_unpack/x86_64-win32/bin/lsp/lua/meta/LuaJIT zh-cn utf8/package.lua,889,2771
_unpack/x86_64-win32/bin/lsp/lua/meta/3rd/Cocos4.0/library/cc/ParticleSystem3D.lua,631,2770
_unpack/x86_64-win32/bin/lsp/lua/script/core/hover/name.lua,669,2769
_unpack/x86_64-win32/bin/lsp/lua/script/provider/formatting.lua,859,2768
doc/dmsdk-dlib-image.h_doc.sdoc,571,2767
_unpack/x86_64-win32/bin/lsp/lua/meta/3rd/luv/library/uv_poll_t.lua,1177,2765
internal/graph$lift_source_arc$fn__20028.class,1311,2764
util/coll$removing_assoc.class,1326,2760
dynamo/graph$defnode$iter__23351__23355$fn__23356.class,1416,2758
internal/node$pull_first_input_value.class,1421,2758
util/http_server$provide_header.class,1160,2757
plumbing/core$map_keys.class,1449,2756
com/googlecode/javaewah/symmetric/UpdateableBitmapFunction.class,1311,2754
plumbing/core$distinct_by$iter__21025__21029$fn__21030.class,1382,2753
internal/system$merge_into_top.class,1321,2750
internal/transaction$realize_expand.class,1262,2749
_unpack/x86_64-win32/bin/lsp/lua/meta/template/ffi.lua,723,2746
_unpack/x86_64-win32/bin/lsp/lua/script/core/command/solve.lua,780,2743
_unpack/x86_64-win32/bin/lsp/lua/meta/LuaJIT zh-cn utf8/coroutine.lua,902,2742
internal/transaction$ctx_perform_repoint_override_node.class,1246,2738
util/text_util$line_info_coll$reify__4394.class,1400,2735
_unpack/x86_64-win32/bin/lsp/lua/meta/3rd/skynet/library/skynet/socketchannel.lua,1182,2735
internal/java$get_declared_method_raw.class,1306,2734
util/bit_set$into.class,1353,2725
dynamo/graph$make_transaction_context.class,1347,2725
plumbing/fnk/impl$letk_input_schema_and_body_form$make_input_schema__20821.class,1331,2723
cljs/tools/reader/impl/inspect.cljs,1049,2723
plumbing/fnk/schema$fn__20337$unwrap_schema_form_key__20342$fn__20343.class,1387,2721
_unpack/x86_64-win32/bin/lsp/lua/script/cli/visualize.lua,1008,2721
util/coll$aggregate_into.class,1322,2720
util/diff$find_edits.class,1393,2720
_unpack/x86_64-win32/bin/lsp/lua/script/provider/completion.lua,739,2717
engine-profiler/remotery/vis/Code/MouseInteraction.js,783,2716
builtins/materials/lighting.glsl,774,2714
internal/node$check_jammed_form.class,1238,2710
_unpack/x86_64-win32/bin/lsp/lua/meta/default utf8/UnityEngine.Experimental.Animations.lua,552,2708
util/path$fn__7052.class,1326,2707
plumbing/core$loading__6812__auto____20312.class,1279,2706
com/googlecode/javaewah32/ReverseIntIterator32.class,1345,2706
com/googlecode/javaewah/symmetric/RunningBitmapMerge.class,1236,2704
_unpack/x86_64-win32/bin/lsp/lua/meta/default utf8/System.Runtime.lua,500,2703
_unpack/x86_64-win32/bin/lsp/lua/script/global.d.lua,1139,2703
dynamo/graph$deftype.class,1165,2700
internal/util$detect_renames_and_update_all.class,1249,2699
internal/node$cached_outputs_impl_raw.class,1287,2696
internal/node$extract_fn_arguments$fn__21923.class,1347,2694
engine-profiler/remotery/vis/extern/BrowserLib/WindowManager/Code/Button.js,819,2691
com/googlecode/javaewah/ReverseIntIterator.class,1377,2690
internal/node$fn__22147.class,1245,2687
util/digestable$digest_map_BANG_$fn__38789.class,1346,2686
internal/util$loading__6812__auto____4901.class,1298,2683
_unpack/x86_64-win32/bin/lsp/lua/meta/3rd/ffi-reflect/library/reflect.lua,622,2681
javax/xml/bind/helpers/Messages.properties,1215,2679
internal/low_memory$loading__6812__auto____18739.class,1314,2677
import.fxml,833,2676
sync-pull.fxml,863,2674
doc/dmsdk-dlib-math.h_doc.sdoc,526,2670
util/diff$make_diff_output_lines.class,1332,2669
dynamo/graph$mark_defective.class,1276,2668
_unpack/x86_64-win32/bin/lsp/lua/script/core/diagnostics/undefined-field.lua,719,2668
util/coll$merge.class,1309,2667
internal/transaction$realize_defaults$fn__22661.class,1282,2665
plumbing/fnk/schema$guess_expr_output_schema$iter__20474__20478$fn__20479.class,1363,2665
doc/dmsdk-gamesys-components-comp_collection_factory.h_doc.sdoc,740,2661
util/coll$run_BANG___GT_.class,1201,2656
internal/system$merge_or_push_undo.class,1319,2655
util/bit_set$into__GT_.class,1048,2654
cljs/tools/reader/impl/utils.cljs,1118,2653
internal/util$assert_form_kind.class,1296,2653
plumbing/fnk/schema$fn__20574$split_schema__20579$fn__20580$iter__20581__20585$fn__20586.class,1288,2651
internal/node$output_jammer.class,1311,2647
dynamo/graph$do_strict_evaluation_context_scope_body.class,1241,2647
util/path$resolve_proj_path.class,1429,2646
_unpack/x86_64-win32/bin/lsp/lua/meta/3rd/Cocos4.0/library/ccs/ActionObject.lua,591,2644
util/bit_set$seq.class,1178,2636
org/objectweb/asm/TypePath.class,1444,2634
util/bit_set$not_empty.class,1170,2634
internal/transaction$successor_changes$fn__22426$fn__22434.class,1306,2632
javax/xml/bind/helpers/ValidationEventImpl.class,1162,2631
util/bit_set$loading__6812__auto____63479.class,1334,2629
plumbing/core$assoc_when.class,1315,2628
internal/node$custom_evaluation_context.class,1281,2628
_unpack/x86_64-win32/bin/lsp/lua/meta/default utf8/System.Xml.Resolvers.lua,475,2626
internal/system$redo_action.class,1302,2623
internal/system$undo_action.class,1303,2623
internal/transaction$set_property.class,1247,2621
org/slf4j/helpers/BasicMDCAdapter.class,1136,2621
internal/system$make_system.class,1350,2617
internal/graph$basis_plan_repoint_override_node.class,1313,2615
org/slf4j/event/SubstituteLoggingEvent.class,876,2615
internal/system$fn__23006.class,1219,2611
doc/dmsdk-dlib-condition_variable.h_doc.sdoc,586,2609
internal/graph$basis_plan_set_raw_property.class,1317,2603
javax/xml/bind/WhiteSpaceProcessor.class,1432,2603
antlr/DefaultJavaCodeGeneratorPrintWriterManager.class,1207,2601
internal/node$process_property_forms.class,1304,2600
internal/graph$dependencies$fn__20144.class,1336,2600
internal/node$fn__21411.class,1220,2599
internal/node$pruned_evaluation_context.class,1199,2598
editor/url__init,1301,2597
com/cognitect/transit/impl/Util.class,1376,2597
internal/cache$loading__6812__auto____19494.class,1309,2596
editor/game_project_core__init,1307,2595
_unpack/x86_64-win32/bin/lsp/lua/meta/3rd/Cocos4.0/library/cc/AssetsManagerEx.lua,739,2594
internal/graph$basis_plan_delete_nodes$fn__20286.class,1334,2593
_unpack/x86_64-win32/bin/lsp/lua/meta/LuaJIT zh-cn utf8/ffi.lua,685,2590
util/task$loading__6812__auto____3632.class,1252,2590
_unpack/x86_64-win32/bin/lsp/lua/meta/Lua 5.4 zh-cn utf8/ffi.lua,685,2590
engine-profiler/remotery/vis/Code/TitleWindow.js,813,2589
dynamo/graph$restore_overridden_properties$iter__23676__23680$fn__23681$fn__23682.class,1358,2587
internal/java$get_declared_constructor_raw.class,1270,2586
com/googlecode/javaewah32/ClearIntIterator32.class,1297,2582
internal/transaction$realize_tx$fn__22370.class,1317,2580
internal/transaction$update_graph_value.class,1235,2577
dynamo/graph$restore_overridden_properties$iter__23676__23680$fn__23681$fn__23682$iter__23683__23687$fn__23688.class,1259,2564
_unpack/x86_64-win32/bin/lsp/lua/script/core/diagnostics/duplicate-doc-field.lua,753,2564
plumbing/core$frequencies_fast.class,1379,2562
antlr/ImportVocabTokenManager.class,1342,2561
sponsors/rive.png,2557,2560
_unpack/x86_64-win32/bin/lsp/lua/meta/default utf8/System.Media.lua,372,2557
_unpack/shared/lua-annotations/label.lua,1010,2556
lua-annotations/label.lua,1010,2556
com/googlecode/javaewah/ClearIntIterator.class,1312,2556
internal/node$fn__21363.class,1201,2555
internal/node$fn__21387.class,1198,2549
internal/system$cache_output_values.class,1227,2549
internal/system$merge_basis.class,1196,2548
util/fn$has_explicit_arity_QMARK_.class,1363,2548
org/objectweb/asm/ConstantDynamic.class,1165,2545
dynamo/graph$restore_overridden_properties$iter__23676__23680$fn__23681$iter__23706__23710$fn__23711.class,1257,2544
editor/launcher__init,1298,2544
util/profiler$profile.class,1106,2544
internal/node$fn__21493.class,1194,2543
util/http_server$json_response.class,1332,2541
util/array$primitive_type.class,1284,2540
doc/dmsdk-gameobject-script.h_doc.sdoc,653,2538
util/bit_set$last_set_bit.class,1140,2535
potemkin/namespaces$import_vars$fn__23145.class,1246,2534
org/nibor/autolink/internal/EmailScanner.class,1428,2532
internal/graph$lift_source_arc.class,1148,2531
internal/cache$miss_many_lru$fn__19639.class,1268,2531
javax/vecmath/Tuple4b.class,1222,2530
internal/graph$basis_plan_add_nodes$fn__20181.class,1321,2529
com/googlecode/javaewah32/symmetric/EWAHPointer32.class,1207,2529
internal/graph$basis_revert_delete_nodes.class,1222,2528
util/pkid_vector$find_pkids_by_value__18983.class,1138,2525
util/time$loading__6812__auto____127971.class,1284,2524
util/digestable$to_sorted_set.class,1285,2523
util/bit_set$empty_QMARK_.class,1135,2523
builtins/manifests/android/AndroidManifest.xml,871,2522
_unpack/x86_64-win32/bin/lsp/lua/meta/3rd/OpenResty/library/resty/shell.lua,1045,2521
internal/graph$override_node_id_table_include.class,1208,2519
internal/node/OverrideNode$fn__22163$fn__22172.class,1255,2519
plumbing/fnk/schema$loading__6812__auto____20314.class,1225,2516
util/id_vec$fn__43234.class,1190,2516
util/text_util$make_text_match.class,1276,2516
util/debug_util$inspect.class,1238,2512
_unpack/x86_64-win32/bin/lsp/lua/script/core/color.lua,707,2512
_unpack/x86_64-win32/bin/lsp/lua/meta/3rd/Cocos4.0/library/cc/JumpTiles3D.lua,545,2511
internal/transaction/AddNodesTXS.class,1218,2511
_unpack/x86_64-win32/bin/lsp/lua/script/core/diagnostics/deprecated.lua,774,2508
util/text_util$parse_comma_separated_string.class,1327,2507
internal/graph$basis_plan_clear_raw_property.class,1322,2506
_unpack/x86_64-win32/bin/lsp/lua/meta/3rd/bee/library/bee/socket.lua,660,2503
editor/resource_types__init,1240,2502
_unpack/x86_64-win32/bin/lsp/lua/meta/3rd/Cocos4.0/library/cc/WavesTiles3D.lua,552,2501
internal/transaction$disconnect_sources$iter__22916__22920$fn__22921.class,1229,2499
antlr/MismatchedCharException.class,1362,2498
local_extensions$inject_jvm_properties$fn__45778.class,1289,2498
editor/editor_extensions/docs__init,1231,2492
_unpack/x86_64-win32/bin/lsp/lua/meta/3rd/Cocos4.0/library/cc/Lens3D.lua,577,2491
_unpack/x86_64-win32/bin/lsp/lua/meta/3rd/love2d/library/love/video.lua,646,2490
doc/dmsdk-dlib-uri.h_doc.sdoc,745,2488
dynamo/graph$with_auto_evaluation_context.class,1119,2487
internal/node$abstract_function_form.class,1180,2486
internal/node$node_property_value_function_form.class,1126,2485
util/pkid_vector$eval18976$fn__18977.class,1121,2484
com/googlecode/javaewah/symmetric/EWAHPointer.class,1205,2484
_unpack/x86_64-win32/bin/lsp/lua/script/core/diagnostics/lowercase-global.lua,868,2484
com/cognitect/transit/impl/LinkImpl.class,1118,2482
_unpack/x86_64-win32/bin/lsp/lua/meta/3rd/skynet/library/skynet/cluster.lua,1112,2480
util/num$normalized__GT_short_double__16337.class,1119,2480
util/num$normalized__GT_byte_double__16321.class,1114,2479
doc/dmsdk-gamesys-components-comp_factory.h_doc.sdoc,724,2479
util/num$normalized__GT_int_double__16353.class,1122,2478
internal/transaction$ctx_callback.class,1180,2477
antlr/preprocessor/GrammarFile.class,1240,2476
util/coll$deep_merge.class,1197,2472
util/num$normalized__GT_long_double__16362.class,1106,2470
engine-profiler/remotery/vis/extern/BrowserLib/WindowManager/Code/EditBox.js,827,2466
util/text_util$consume_separator.class,1351,2465
_unpack/x86_64-win32/bin/lsp/lua/script/core/diagnostics/invisible.lua,608,2463
plumbing/fnk/impl$loading__6812__auto____20706.class,1239,2462
util/fn$max_arity.class,1360,2460
com/googlecode/javaewah/datastructure/PriorityQ.class,1242,2457
internal/node$schema_check_result_form.class,1127,2453
_unpack/x86_64-win32/bin/lsp/lua/meta/3rd/Defold/library/window.lua,847,2452
_unpack/x86_64-win32/bin/lsp/lua/meta/3rd/skynet/library/skynet/netpack.lua,1247,2452
internal/node$fn__21443.class,1162,2451
dynamo/graph$make_nodes$fn__23410.class,1165,2449
internal/node$fn__21158.class,1158,2446
com/cognitect/transit/impl/ReadHandlers$ListReadHandler$1.class,861,2445
internal/transaction$delete_nodes.class,1201,2445
util/coll$path_map__GT_nested_map.class,1202,2443
com/samskivert/mustache/Mustache$Accumulator$1.class,1034,2442
util/text_util$scan_line_endings.class,1298,2436
util/num$eval16331$fn__16332.class,1103,2434
com/cognitect/transit/impl/ReadHandlers$SetReadHandler$1.class,868,2434
util/num$eval16315$fn__16316.class,1097,2434
_unpack/x86_64-win32/bin/lsp/lua/meta/3rd/Cocos4.0/library/cc/TableView.lua,630,2434
util/num$eval16347$fn__16348.class,1101,2434
_unpack/x86_64-win32/bin/lsp/lua/script/core/look-backward.lua,616,2434
coronest.lua,974,2431
internal/node$group_node_type_forms$iter__21880__21884$fn__21885.class,1271,2429
_unpack/x86_64-win32/bin/lsp/lua/meta/Lua 5.4 zh-cn utf8/utf8.lua,865,2427
util/coll$removing_update_in$up__4208.class,1199,2427
cljs/core/async/impl/ioc_helpers.cljs,902,2427
internal/low_memory$add_callback_BANG_.class,1191,2426
internal/transaction$add_nodes.class,1187,2425
util/num$eval16356$fn__16357.class,1087,2425
util/repo$loading__6812__auto____131825.class,1241,2420
_unpack/x86_64-win32/bin/lsp/lua/script/core/diagnostics/redundant-parameter.lua,749,2420
util/repo$try_shell_command_BANG_.class,1253,2418
dynamo/graph$make_print_tracer$fn__23465.class,1213,2417
_unpack/x86_64-win32/bin/lsp/lua/meta/3rd/luassert/library/luassert/spy.lua,699,2414
plumbing/core$assoc_when$iter__20970__20974$fn__20975.class,1235,2414
util/coll$transform__GT_.class,1150,2413
_unpack/x86_64-win32/bin/lsp/lua/meta/default utf8/System.Web.lua,383,2412
internal/node$register_node_type.class,1153,2410
_unpack/x86_64-win32/bin/lsp/lua/meta/3rd/Cocos4.0/library/cc/SpotLight.lua,521,2406
internal/node$attach_cascade_deletes.class,1222,2401
javax/xml/bind/Marshaller.class,863,2401
_unpack/x86_64-win32/bin/lsp/lua/meta/3rd/Cocos4.0/library/cc/ControlSwitch.lua,418,2400
com/samskivert/mustache/Mustache$Accumulator$2.class,1019,2398
_unpack/x86_64-win32/bin/lsp/lua/script/core/diagnostics/ambiguity-1.lua,603,2397
doc/dmsdk-gamesys-components-comp_model.h_doc.sdoc,661,2396
plumbing/fnk/pfnk$input.class,1269,2394
internal/graph$make_successors.class,1181,2391
util/bit_set$transduce.class,994,2388
util/pkid_vector$assoc_pkids__18954.class,1081,2388
doc/engine_doc.h_doc.sdoc,902,2388
doc/gamesys-sprite_ddf.proto_doc.sdoc,857,2386
_unpack/x86_64-win32/bin/lsp/lua/meta/template/table.lua,604,2385
internal/transaction$mark_output_activated.class,1196,2384
internal/transaction$override_node_ids_removed_by_disconnect$fn__22852.class,1178,2384
internal/transaction$realize_tx$fn__22370$fn__22380.class,1182,2383
internal/java$combine_comparisons_syntax.class,1145,2383
com/googlecode/javaewah32/IntIteratorImpl32.class,1165,2383
util/text_util$line_infos__GT_text_matches$fn__4405.class,1183,2382
util/coll$search_with_path.class,1146,2379
_unpack/x86_64-win32/bin/lsp/lua/script/core/diagnostics/unreachable-code.lua,725,2379
util/array$from.class,1253,2376
internal/paper_tape$loading__6812__auto____18804.class,1206,2374
doc/gamesys-label_ddf.proto_doc.sdoc,419,2373
antlr/TokenStreamSelector.class,1092,2372
util/num$short_range__GT_normalized__16280.class,1070,2371
util/num$int_range__GT_normalized__16296.class,1068,2369
util/num$byte_range__GT_normalized__16264.class,1064,2368
service/log$spy.class,1086,2368
engine-profiler/remotery/vis/Code/DataViewReader.js,479,2367
internal/util$filter_vals$iter__6590__6594$fn__6595.class,1215,2365
engine-profiler/remotery/vis/extern/BrowserLib/Core/Code/Bind.js,792,2365
internal/node$check_local_temp_cache.class,1250,2365
_unpack/x86_64-win32/bin/lsp/lua/meta/3rd/Cocos4.0/library/cc/Physics3D6DofConstraint.lua,507,2364
google/protobuf/empty.proto,1206,2363
_unpack/x86_64-win32/bin/lsp/lua/meta/default utf8/System.Configuration.Assemblies.lua,351,2362
util/fn$memoize_late_bound$memoized_fn__6909$fn__6913.class,1181,2362
util/macro$claim_conformed_symbol_name_BANG_$fn__131843$fn__131844.class,1185,2361
util/num$long_range__GT_normalized__16312.class,1058,2361
internal/node$invert_map$iter__21692__21698$fn__21699$iter__21694__21703$fn__21704.class,1195,2360
_unpack/x86_64-win32/bin/lsp/lua/meta/3rd/Cocos4.0/library/cc/Mesh.lua,717,2359
util/array$from_type.class,1249,2358
_unpack/x86_64-win32/bin/lsp/lua/meta/3rd/Cocos4.0/library/cc/Waves3D.lua,518,2354
internal/node$attach_declared_property.class,1195,2351
internal/node$extract_def_fns$fn__21971$fn__21977.class,1195,2350
_unpack/x86_64-win32/bin/lsp/lua/meta/3rd/Cocos4.0/library/cc/Liquid.lua,519,2347
util/pkid_vector$eval18948$fn__18949.class,1058,2347
util/thread_util$thread_uninterrupted_predicate.class,1120,2347
_unpack/x86_64-win32/bin/lsp/lua/meta/LuaJIT zh-cn utf8/utf8.lua,846,2343
google/protobuf/source_context.proto,1194,2341
_unpack/x86_64-win32/bin/lsp/lua/meta/3rd/Cocos4.0/library/ccui/TabHeader.lua,606,2340
_unpack/x86_64-win32/bin/lsp/lua/script/core/diagnostics/global-element.lua,784,2340
internal/node$process_property_forms$iter__21809__21813$fn__21814.class,1221,2339
com/googlecode/javaewah/IntIteratorImpl.class,1171,2336
internal/node$update_local_temp_cache_BANG_.class,1216,2335
plumbing/core$map_from_vals.class,1277,2335
plumbing/core$map_from_keys.class,1274,2335
_unpack/x86_64-win32/bin/lsp/lua/meta/3rd/Cocos4.0/library/ccui/TextAtlas.lua,674,2334
_unpack/x86_64-win32/bin/lsp/lua/meta/3rd/OpenResty/library/ngx/semaphore.lua,873,2333
internal/cache$hit_many_lru$fn__19628.class,1165,2333
_unpack/x86_64-win32/bin/lsp/lua/main.lua,907,2331
_unpack/x86_64-win32/bin/lsp/lua/meta/3rd/Cocos4.0/library/cc/Touch.lua,463,2330
dynamo/graph$node_value.class,1197,2328
util/num$eval16290$fn__16291.class,1050,2326
util/num$eval16274$fn__16275.class,1048,2326
meta_merge/core$pick_prioritized.class,1126,2324
util/num$eval16258$fn__16259.class,1042,2324
org/objectweb/asm/signature/SignatureVisitor.class,911,2323
service/log$loading__6812__auto____7256.class,1205,2321
util/net$loading__6812__auto____74144.class,1196,2321
internal/graph$arcs_by_target.class,1060,2320
javax/xml/bind/Messages.class,1068,2319
internal/cache$evict_many_lru$fn__19655.class,1192,2319
internal/transaction$flag_successors_changed.class,1124,2318
util/coll$removing_assoc_in.class,1231,2318
util/debug_util$log_statistics_BANG_.class,1118,2317
util/num$eval16306$fn__16307.class,1038,2317
dynamo/graph$fn__23644$fn__23646.class,1225,2316
antlr/debug/ParseTreeDebugParser.class,1113,2315
plumbing/fnk/pfnk$loading__6812__auto____20708.class,1166,2314
util/http_client$loading__6812__auto____8344.class,1162,2311
com/cognitect/transit/impl/MapBuilderImpl.class,759,2307
internal/transaction$ctx_perform_append_arc.class,1206,2304
plumbing/fnk/schema$safe_get.class,1208,2302
util/debug_util$bytes__GT_string.class,1201,2301
org/nibor/autolink/internal/Scanners.class,1197,2301
javax/xml/bind/util/Messages.properties,1054,2299
_unpack/x86_64-win32/bin/lsp/lua/script/core/hover/return.lua,633,2295
internal/transaction$perform_and_conj_change__22363.class,1005,2294
internal/node$node_property_value.class,1191,2287
_unpack/x86_64-win32/bin/lsp/lua/meta/3rd/Cocos4.0/library/cc/CameraBackgroundBrush.lua,577,2286
antlr/debug/ParserMatchEvent.class,1086,2285
internal/transaction$realize_override$fn__22480.class,1157,2285
javax/xml/bind/helpers/Messages.class,1011,2285
internal/graph$basis_revert_repoint_override_node.class,1039,2276
_unpack/x86_64-win32/bin/lsp/lua/script/core/diagnostics/duplicate-index.lua,602,2276
org/objectweb/asm/ModuleVisitor.class,1052,2276
_unpack/x86_64-win32/bin/lsp/lua/meta/default utf8/System.Timers.lua,442,2273
util/pkid_vector$dissoc_pkids__18963.class,1048,2273
internal/low_memory$remove_callback_BANG_.class,1098,2272
com/cognitect/transit/impl/ReadHandlers.class,654,2271
util/digestable$sha1_hash.class,1185,2270
util/digestable$persistent_node_id_value.class,1162,2270
util/pkid_vector$find_pkids__18972.class,1049,2269
dynamo/graph$write_graph.class,1132,2269
editor/gl/vertex2/VertexBufferShaderLink,1020,2268
util/array$length.class,1179,2268
plumbing/fnk/pfnk$fn__20736.class,1123,2266
util/bit_set$reduce.class,968,2266
javax/vecmath/Tuple3b.class,1112,2264
_unpack/x86_64-win32/bin/lsp/lua/meta/default utf8/System.Runtime.Remoting.Services.lua,434,2264
internal/system$bump_invalidate_counters$fn__23053.class,1112,2261
plumbing/core$_unless_update.class,1073,2260
dynamo/graph$node_instance_match_STAR_.class,1170,2259
dynamo/graph$raw_property_value__23537.class,1016,2252
com/cognitect/transit/impl/WriteCache.class,1199,2249
internal/graph$input_deps.class,1170,2248
_unpack/x86_64-win32/bin/lsp/lua/script/core/diagnostics/helper/missing-doc-helper.lua,548,2247
internal/cache$miss_many_base$fn__19597.class,1115,2244
editor/fs/proxy,952,2244
internal/transaction$fn__22758.class,1062,2244
org/objectweb/asm/Handler.class,1120,2243
antlr/ANTLRTokenTypes.class,952,2242
internal/transaction$eval22355$fn__22356.class,983,2241
util/pkid_vector$eval18957$fn__18958.class,1036,2239
builtins/fonts/font-df.fp,686,2239
internal/node$error_checked_input_value.class,1109,2238
doc/src-script_hash.cpp_doc.sdoc,859,2238
util/pkid_vector$eval18966$fn__18967.class,1037,2237
org/nibor/autolink/LinkExtractor$Builder.class,1003,2237
org/nibor/autolink/LinkExtractor$SpanIterator.class,1105,2236
util/coll$update_vals_kv.class,1077,2235
internal/transaction$fn__22540.class,1036,2232
internal/graph$basis_revert_add_nodes.class,1122,2231
engine-profiler/remotery/vis/extern/BrowserLib/Core/Code/Mouse.js,782,2230
util/repo$detect_engine_sha1__131832.class,1149,2229
internal/transaction$mark_arc_targets_activated.class,1076,2229
util/coll$partition_all_primitives.class,985,2229
org/jvnet/mimepull/DataHead$ReadMultiStream.class,1210,2229
internal/node$process_node_type_forms.class,1042,2227
internal/transaction$fn__22843.class,1043,2226
internal/node$trace_expr.class,1089,2225
sync-dialog.fxml,683,2225
javax/xml/bind/TypeConstraintException.class,1003,2225
internal/cache$evict_many_base$fn__19608.class,1129,2221
util/pkid_vector$next_pkid__18945.class,1025,2221
dynamo/graph$let_ec_relaxed_form$fn__23493.class,1143,2220
util/coll$update_vals.class,1078,2220
util/diff$edit_type__GT_keyword.class,1160,2220
javax/xml/bind/JAXBException.class,939,2219
internal/transaction$fn__22776.class,1046,2217
util/path$of.class,1094,2217
util/digest/proxy$java/io/OutputStream$ff19274a.class,1018,2214
_unpack/x86_64-win32/bin/lsp/lua/bin/main.lua,784,2214
internal/cache$cache_info.class,1153,2214
internal/graph$basis_perform_repoint_override_node.class,1024,2214
internal/node$prop_type__GT_schema.class,1150,2213
org/json/simple/parser/ParseException.class,1008,2213
internal/node$pull_input_values.class,1101,2207
util/fn$with_memoize_info__6861.class,1007,2207
internal/transaction$fn__22794.class,1038,2207
internal/paper_tape$fn__18908.class,1042,2206
antlr/collections/impl/Vector.class,1182,2205
dynamo/graph$eval23530$fn__23531.class,1000,2204
antlr/TokenStreamHiddenTokenFilter.class,1031,2203
util/id_vec$loading__6812__auto____43229.class,1096,2201
internal/node$type_resolve.class,1131,2200
org/slf4j/helpers/SubstituteLoggerFactory.class,923,2199
internal/system$undo.class,1132,2197
util/pkid_vector$eval18939$fn__18940.class,1022,2193
util/digestable$digest_sequence_BANG_$digest_element_BANG___38778.class,1156,2192
internal/transaction$fn__22621.class,1033,2191
internal/node$prop_info_default.class,1117,2191
_unpack/x86_64-win32/bin/lsp/lua/meta/3rd/Cocos4.0/library/cc/AnimationCache.lua,608,2191
internal/graph$basis_plan_delete_nodes$fn__20293.class,1149,2190
dynamo/graph$update_property_BANG_.class,1021,2187
javax/xml/bind/util/JAXBSource.class,996,2187
dynamo/graph$read_graph.class,1082,2186
dynamo/graph$invalidate_output.class,1060,2186
_unpack/x86_64-win32/bin/lsp/lua/meta/template/jit.util.lua,581,2186
internal/graph$propagate_source_arcs.class,1125,2185
_unpack/x86_64-win32/bin/lsp/lua/script/core/modifyRequirePath.lua,769,2182
_unpack/x86_64-win32/bin/lsp/lua/meta/3rd/Cocos4.0/library/ccb/TextureBackend.lua,700,2181
org/nibor/autolink/LinkExtractor$LinkIterator.class,1143,2180
internal/node$node_type_deref_ordered_property_setter_infos_raw$fn__21486.class,1115,2179
internal/graph$basis_revert_clear_override_nodes.class,1052,2179
util/bit_set$ensure_counted.class,985,2178
util/crypto$loading__6812__auto____6954.class,1138,2177
_unpack/x86_64-win32/bin/lsp/lua/meta/3rd/Cocos4.0/library/cc/Controller.lua,659,2176
internal/util$deep_keep.class,1086,2173
internal/graph$find_connected_arc_pkids.class,1065,2170
util/coll$nested_map__GT_path_map.class,1069,2170
util/array$ensure_counted.class,981,2169
internal/util$deep_map.class,1098,2168
util/macro$loading__6812__auto____131839.class,1106,2168
internal/node$validate_property_labels.class,1034,2167
util/fn$memoize.class,1120,2167
internal/transaction$fn__22533.class,1017,2164
util/path$tree_walker$reify__7106.class,1049,2164
internal/graph$override_of.class,1113,2162
internal/transaction$ctx_revert_delete_nodes$fn__22750.class,1153,2161
internal/node$all_available_arguments.class,1063,2160
util/digest$loading__6812__auto____16877.class,1117,2157
util/debug_util$print_stack_trace_BANG_.class,1121,2156
util/fn$eval6856$fn__6857.class,986,2156
internal/transaction$fn__22807.class,1020,2155
internal/transaction$fn__22626.class,1025,2154
_unpack/x86_64-win32/bin/lsp/lua/script/brave/brave.lua,787,2153
dynamo/graph$comparable_exception_data.class,1098,2150
internal/transaction$fn__22818.class,1022,2150
internal/cache$fn__19659.class,1025,2150
plumbing/fnk/schema$fn__20574$split_schema__20579$fn__20580$iter__20581__20585$fn__20586$fn__20587$iter__20588__20592$fn__20593$fn__20594.class,1157,2149
internal/graph$basis_set_override_node_original.class,1079,2144
internal/transaction$fn__22526.class,1021,2142
org/nibor/autolink/LinkExtractor.class,886,2141
com/cognitect/transit/impl/SymbolImpl.class,1014,2140
plumbing/fnk/schema$fn__20574$split_schema__20579$fn__20580$iter__20581__20585$fn__20586$iter__20611__20615$fn__20616$fn__20617.class,1157,2139
internal/transaction$realize_update_overrides.class,1093,2138
doc/dmsdk-dlib-http_client.h_doc.sdoc,699,2137
internal/transaction$fn__22788.class,1021,2137
_unpack/x86_64-win32/bin/lsp/lua/meta/3rd/Cocos4.0/library/cc/Physics3DWorld.lua,523,2135
util/defonce$loading__6812__auto____6793.class,1101,2135
javax/ws/rs/core/EntityTag.class,1022,2134
internal/transaction/OverrideTXS.class,935,2133
antlr/LLkParser.class,1068,2133
TestScript/TestDdf$MsgOrBuilder.class,705,2132
_unpack/x86_64-win32/bin/lsp/lua/meta/default utf8/System.Runtime.ConstrainedExecution.lua,355,2129
liveupdate-meta.properties,539,2128
com/samskivert/mustache/Mustache$IncludedTemplateSegment.class,917,2127
antlr/ANTLRGrammarParseBehavior.class,843,2127
_unpack/x86_64-win32/bin/lsp/lua/meta/3rd/Cocos4.0/library/cc/PolygonInfo.lua,534,2126
com/googlecode/javaewah32/EWAHIterator32.class,929,2126
dynamo/graph$disconnect_sources.class,1058,2125
util/http_server$start_BANG_$reify__45704$fn__45713.class,1036,2124
internal/transaction/UpdatePropertyTXS.class,942,2123
_unpack/x86_64-win32/bin/lsp/lua/meta/3rd/Cocos4.0/library/cc/TMXObjectGroup.lua,516,2122
internal/transaction$fn__22725.class,1017,2121
util/coll$search.class,1064,2120
plumbing/core$lazy_get.class,967,2118
internal/transaction$fn__22836.class,1010,2118
com/cognitect/transit/impl/WriteHandlers.class,626,2117
dynamo/graph$own_property_values.class,1116,2117
internal/transaction$fn__22824.class,1007,2117
internal/node$extract_def_fns$fn__21992.class,1126,2115
_unpack/x86_64-win32/bin/lsp/lua/meta/3rd/Cocos4.0/library/cc/LayerColor.lua,580,2115
_unpack/x86_64-win32/bin/lsp/lua/meta/3rd/Cocos4.0/library/cc/Menu.lua,619,2115
util/coll$fn__4284.class,1088,2113
internal/transaction$fn__22967.class,1004,2111
internal/transaction$fn__22903.class,1007,2111
internal/transaction$fn__22958.class,1005,2110
internal/transaction$fn__22831.class,1009,2109
_unpack/x86_64-win32/bin/lsp/lua/meta/3rd/OpenResty/library/ngx/ssl/session.lua,735,2108
_unpack/x86_64-win32/bin/lsp/lua/meta/3rd/Cocos4.0/library/cc/PhysicsJointSpring.lua,492,2107
com/cognitect/transit/impl/KeywordImpl.class,1035,2107
_unpack/x86_64-win32/bin/lsp/lua/meta/default utf8/UnityEngine.Apple.lua,482,2107
doc/src-script_html5_js.cpp_doc.sdoc,881,2105
internal/transaction$fn__22801.class,1000,2104
_unpack/x86_64-win32/bin/lsp/lua/meta/3rd/Cocos4.0/library/cc/Image.lua,651,2103
internal/node$extract_def_fns$fn__21985.class,1120,2102
_unpack/x86_64-win32/bin/lsp/lua/meta/3rd/luv/library/uv_timer_t.lua,763,2101
engine-profiler/remotery/vis/extern/BrowserLib/Core/Code/MurmurHash3.js,727,2100
internal/transaction$successor_changes$fn__22426.class,988,2100
util/http_server/types$loading__6812__auto____23757.class,1079,2100
javax/ws/rs/core/HttpHeaders.class,927,2099
internal/transaction/UpdateGraphValueTXC.class,921,2099
compiler.clj,888,2098
riddley/compiler.clj,888,2098
util/coll$partition_all_primitives$fn__4129$fn__4130.class,1121,2098
util/path$fn__7010.class,1084,2097
internal/graph$basis_perform_clear_raw_property.class,1080,2095
internal/transaction$fn__22463.class,995,2094
internal/node$collect_raw_property_value_form.class,958,2093
internal/system$make_cache.class,1069,2093
lua-annotations/image.editor_script,741,2093
_unpack/shared/lua-annotations/image.editor_script,741,2093
util/debug_util$update_subtask_metrics.class,1024,2092
clj_tuple.clj,587,2092
internal/node$extract_def_fns$fn__21964.class,1115,2091
internal/system$_EQ__STAR_.class,1034,2088
util/coll$partition_all_float_arrays$fn__4121$fn__4122.class,1165,2087
util/text_util$lines__GT_text_matches$fn__4409.class,1084,2086
util/coll$pmapv$fn__4312$run_task__3653__auto____4313.class,1093,2086
util/path$fn__7007.class,1071,2083
meta_merge/core$loading__6812__auto____44501.class,1063,2080
internal/node$check_argument_errors.class,1034,2080
internal/transaction$fn__22782.class,992,2079
org/json/simple/JSONArray.class,1052,2077
util/http_server$fn__45666.class,990,2076
icons/64/Icons_27-AT-Mesh.png,2080,2075
_unpack/x86_64-win32/bin/lsp/lua/script/core/matchkey.lua,606,2075
_unpack/x86_64-win32/bin/lsp/lua/script/provider/capability.lua,725,2074
internal/java$loading__6812__auto____6802.class,1082,2073
util/fn$memoize_any.class,1050,2072
internal/graph$basis_perform_append_arc.class,1078,2070
util/path$fn__7058.class,1043,2069
_unpack/x86_64-win32/bin/lsp/lua/meta/3rd/OpenResty/library/resty/redis.lua,403,2069
dynamo/graph$defnode$iter__23387__23391$fn__23392$fn__23393.class,1093,2067
internal/transaction$fn__22937.class,986,2067
dynamo/graph$flag_nodes_as_migrated_BANG_.class,1027,2067
org/nibor/autolink/Autolink.class,989,2066
_unpack/x86_64-win32/bin/lsp/lua/script/core/jump-source.lua,577,2066
_unpack/x86_64-win32/bin/lsp/lua/script/meta/bee/filesystem.lua,538,2066
_unpack/shared/lua-annotations/json.lua,706,2064
lua-annotations/json.lua,706,2064
util/path$fn__6989.class,1069,2063
internal/graph$invalidate_graph_successors$fn__20105.class,1076,2063
com/googlecode/javaewah/EWAHIterator.class,917,2060
org/objectweb/asm/Handle.class,1005,2059
_unpack/x86_64-win32/bin/lsp/lua/meta/3rd/Cocos4.0/library/cc/Scene.lua,567,2057
dynamo/graph$fn__23257.class,1068,2056
internal/transaction$fn__22769.class,982,2055
org/objectweb/asm/RecordComponentVisitor.class,992,2054
about.html,1001,2052
internal/transaction$fn__22952.class,980,2051
internal/transaction$fn__22943.class,980,2050
plumbing/fnk/schema$fn__20528$compose_schemata__20533$fn__20548.class,1067,2049
internal/transaction$fn__22742.class,982,2049
icons/tabs/ic_breakpoints-grey.png,2054,2049
internal/transaction$fn__22910.class,979,2047
_unpack/x86_64-win32/bin/lsp/lua/meta/3rd/Cocos4.0/library/cc/AnimationFrame.lua,490,2047
antlr/StringLiteralElement.class,1143,2046
util/array$of_floats.class,1036,2046
util/debug_util$inspect_impl$fn__19066$fn__19068.class,1069,2046
internal/node$throw_clear_property_disallowed_exception_BANG_.class,1063,2045
dynamo/graph$override_id.class,1060,2041
icons/32/Icons_04-Project-file.png,2046,2041
internal/transaction$fn__22320.class,975,2040
internal/transaction$fn__22896.class,977,2038
lua-annotations/builtins.lua,878,2038
_unpack/shared/lua-annotations/builtins.lua,878,2038
util/path$fn__7048.class,1057,2035
internal/node$with_tracer_calls_form.class,957,2034
internal/transaction$fn__22931.class,976,2034
internal/node$dependency_seq$fn__21720.class,1044,2033
_unpack/x86_64-win32/bin/lsp/lua/meta/Lua 5.4 zh-cn utf8/jit/util.lua,537,2032
_unpack/x86_64-win32/bin/lsp/lua/meta/LuaJIT zh-cn utf8/jit/util.lua,537,2032
internal/system$endpoint_invalidated_since_QMARK___23103.class,911,2031
com/samskivert/mustache/Mustache$InvertedSectionSegment.class,877,2030
util/fn$defamong.class,955,2030
util/text_util$search_string__GT_re_pattern.class,1065,2027
com/cognitect/transit/impl/ListBuilderImpl.class,728,2024
antlr/ParserGrammar.class,1128,2022
_unpack/x86_64-win32/bin/lsp/lua/meta/3rd/skynet/library/skynet/sharedata.lua,982,2022
internal/util$parse_fnk_arguments.class,1112,2022
com/googlecode/javaewah32/IntIteratorOverIteratingRLW32.class,1081,2022
doc/dmsdk-gameobject-res_collection.h_doc.sdoc,759,2021
_unpack/x86_64-win32/bin/lsp/lua/script/core/diagnostics/missing-return.lua,656,2019
_unpack/shared/lua-annotations/types.lua,420,2017
lua-annotations/types.lua,420,2017
plumbing/core$distinct_id.class,1174,2016
util/path$fn__6992.class,1054,2016
internal/node$update_local_cache_BANG_.class,1038,2015
internal/node$argument_error_check_form.class,939,2015
internal/transaction$mark_outputs_activated.class,1019,2015
internal/transaction$txerrstr.class,906,2013
com/googlecode/javaewah/IntIteratorOverIteratingRLW.class,1086,2013
builtins/assets/gltf/quad.gltf,682,2012
plumbing/core$swap_pair_BANG_.class,996,2011
util/coll$partition_all_float_arrays.class,943,2011
internal/graph$arc_table_find_pkids_by_arc.class,1070,2010
builtins/assets/gltf/quad_2x2.gltf,683,2008
com/googlecode/javaewah32/IteratorAggregation32$1.class,846,2007
_unpack/x86_64-win32/bin/lsp/lua/meta/3rd/Cocos4.0/library/cc/TransitionPageTurn.lua,507,2004
util/fn$fn__6933.class,985,2004
org/jvnet/mimepull/ChunkInputStream.class,1076,2004
dynamo/graph$initialize_BANG_$low_memory_callback_BANG___23736.class,1126,2003
plumbing/core$fn__GT__GT_.class,949,2001
javax/ws/rs/WebApplicationException.class,797,2001
antlr/debug/misc/JTreeASTModel.class,1076,2001
internal/graph$basis_revert_clear_override_nodes$fn__20200.class,1075,2000
com/cognitect/transit/impl/ReadHandlers$CmapReadHandler$1.class,818,2000
_unpack/x86_64-win32/bin/lsp/lua/meta/3rd/Defold/library/model.lua,751,1999
_unpack/x86_64-win32/bin/lsp/lua/meta/3rd/OpenResty/library/resty/aes.lua,601,1997
plumbing/fnk/pfnk.cljs,777,1997
plumbing/fnk/pfnk.clj,804,1997
internal/node$declared_properties_function_form$iter__22122__22126$fn__22127$fn__22128.class,1050,1997
util/path$fn__7004.class,1042,1997
_unpack/x86_64-win32/bin/lsp/lua/script/plugins/nodeHelper.lua,692,1997
com/cognitect/transit/impl/ReaderFactory$JsonReaderImpl.class,815,1996
plumbing/core$fn__GT_.class,946,1996
internal/node$check_dry_run_form.class,900,1996
com/samskivert/mustache/Mustache$VariableSegment.class,911,1996
TestScript/TestDdf$OptionalNoDefaultValue$1.class,831,1995
internal/graph$basis_plan_update_graph_value.class,1033,1993
com/googlecode/javaewah/IteratorAggregation$1.class,864,1990
service/log$without_logging.class,966,1989
internal/graph$fn__19970.class,974,1989
_unpack/x86_64-win32/bin/lsp/lua/script/core/diagnostics/circle-doc-class.lua,570,1989
internal/node$mark_in_production_form.class,927,1988
internal/node$property_statics$fn__21285.class,1030,1986
internal/cache$fn__19591.class,965,1985
org/objectweb/asm/FieldVisitor.class,1023,1985
lua-annotations/html5.lua,868,1984
editor/editor_extensions/tile_map/Tiles,895,1984
_unpack/shared/lua-annotations/html5.lua,868,1984
_unpack/x86_64-win32/bin/lsp/lua/meta/3rd/skynet/library/skynet/db/redis.lua,869,1983
_unpack/x86_64-win32/bin/lsp/lua/meta/3rd/Defold/library/message.lua,747,1982
net/objecthunter/exp4j/operator/Operators.class,947,1980
TestScript/TestDdf$LuaDDFBufferOverflow$1.class,839,1977
_unpack/x86_64-win32/bin/lsp/lua/script/core/diagnostics/redundant-return-value.lua,499,1977
util/coll$lazy_QMARK___3989.class,938,1976
dynamo/graph$constantly.class,924,1975
icons/64/Icons_19-ParicleFX-Modifier.png,1979,1974
org/objectweb/asm/AnnotationVisitor.class,936,1974
internal/node$node_type_name.class,1036,1973
internal/transaction$mark_nodes_outputs_activated.class,981,1971
internal/node$register_value_type.class,967,1970
plumbing/core$distinct_by$iter__21025__21029$fn__21030$fn__21031.class,1081,1970
editor/scene_async/PixelWriteCallback,994,1968
internal/system$eval23098$fn__23099.class,887,1968
replace.fxml,552,1967
internal/transaction/TransferOverridesTXS.class,956,1964
dynamo/graph$copy$fn__23592.class,1060,1963
internal/transaction$realize_transfer_overrides$fn__22567.class,1006,1963
util/fn$clear_memoized_BANG_.class,1072,1962
_unpack/x86_64-win32/bin/lsp/lua/meta/3rd/luassert/library/luassert/stub.lua,593,1960
util/digestable$digest_tagged_bytes_BANG_.class,1099,1959
internal/util$into_multiple$fn__6731.class,1092,1956
javax/xml/bind/util/ValidationEventCollector.class,983,1955
internal/transaction$mark_successor_nodes_changed.class,974,1955
internal/node$trace_expr_result.class,990,1954
internal/util$with_sorted_keys.class,1020,1953
_unpack/x86_64-win32/bin/lsp/lua/meta/3rd/OpenResty/library/ngx/process.lua,821,1953
editor/localization/LocalizationState,913,1952
_unpack/x86_64-win32/bin/lsp/lua/meta/template/utf8.lua,403,1952
TestScript/TestDdf$RepeatedContainer$1.class,824,1950
icons/document.iconset/icon_16x16@2x.png,1955,1950
doc/gamesys-collectionproxy_ddf.proto_doc.sdoc,556,1948
internal/graph$basis_perform_replace_arc.class,942,1946
internal/transaction$mark_successor_arcs_changed.class,967,1946
util/coll$eval3982$fn__3983.class,928,1945
doc/dmsdk-dlib-spinlock.h_doc.sdoc,490,1944
net/objecthunter/exp4j/function/Function.class,1139,1942
org/jvnet/mimepull/QPDecoderStream.class,1180,1941
antlr/PreservingFileWriter.class,1166,1941
util/id_vec$iv_filter_ids.class,990,1939
com/cognitect/transit/impl/WriteHandlers$TimeWriteHandler$1.class,722,1939
internal/node$warn_property_schema.class,984,1939
internal/transaction/SetPropertyTXS.class,886,1934
util/debug_util$inspect_impl$fn__19074.class,1039,1933
util/path$fn__6995.class,1009,1928
internal/graph$basis_plan_connect_arc.class,1041,1926
internal/node$description__GT_input_dependencies.class,1029,1924
internal/transaction$flag_successors_changed$fn__22414.class,1047,1924
util/eduction$conj.class,896,1923
util/array$loading__6812__auto____3655.class,1038,1922
util/coll$find_values$fn__4257$xf__4258.class,1012,1922
internal/node$error_checked_array_input_value.class,954,1921
internal/util$inputs_needed.class,1011,1920
util/http_client$request$fn__8353.class,1007,1919
plumbing/fnk/schema$schema_diff.class,987,1917
internal/graph$lift_target_arcs$fn__20060.class,984,1916
internal/node$wrap_constant_fn.class,953,1915
com/googlecode/javaewah32/symmetric/UpdateableBitmapFunction32$1$1.class,816,1915
templates/template.appmanifest,200,1913
doc/dmsdk-dlib-memory.h_doc.sdoc,609,1913
javax/xml/bind/annotation/adapters/CollapsedStringAdapter.class,1060,1911
util/coll$partition_all_primitives$fn__4133.class,1015,1909
internal/transaction/DeleteNodesTXS.class,933,1909
util/digestable$fn__38813.class,956,1908
_unpack/x86_64-win32/bin/lsp/lua/meta/3rd/Defold/library/base.lua,593,1908
internal/node$assemble_properties_map_form.class,916,1908
icons/app.iconset/icon_16x16@2x.png,1912,1907
icons/app.iconset/icon_32x32.png,1912,1907
internal/transaction/UpdateGraphValueTXS.class,853,1906
doc/src-script.cpp_doc.sdoc,880,1906
TestScript/TestDdf$DefaultValue$1.class,828,1905
TestScript/TestDdf$RepeatedItem$1.class,821,1905
util/pkid_vector$loading__6812__auto____18927.class,1020,1905
_unpack/x86_64-win32/bin/lsp/lua/meta/3rd/Cocos4.0/library/cc/Physics3DPointToPointConstraint.lua,320,1904
internal/graph$arcs_by_source.class,956,1903
_unpack/x86_64-win32/bin/lsp/lua/meta/3rd/Cocos4.0/library/cc/ParticleSystemQuad.lua,592,1902
_unpack/x86_64-win32/bin/lsp/lua/meta/3rd/Cocos4.0/library/ccui/RichElementImage.lua,499,1902
util/path$fn__7001.class,1007,1901
internal/transaction/RepointOverrideNodeTXC.class,786,1901
internal/transaction$conj_change__22352.class,903,1901
_unpack/x86_64-win32/bin/lsp/lua/script/core/diagnostics/not-yieldable.lua,578,1901
plumbing/core$dissoc_in.class,1040,1899
util/path$fn__6986.class,1007,1899
dynamo/graph$eager_tx_data$eager_tx_data_into__23294$fn__23295.class,1008,1896
util/coll$mapcat.class,889,1896
internal/node$when_check_schemas.class,952,1893
editor/updater/proxy,902,1893
internal/node$error_substituted_input_value.class,985,1892
_unpack/x86_64-win32/bin/lsp/lua/meta/default utf8/System.Deployment.Internal.lua,281,1892
javax/xml/bind/DatatypeConverterInterface.class,635,1891
internal/util$into_multiple$fn__6741$fn__6746.class,1024,1891
service/smoke_log$loading__6812__auto____25063.class,1022,1890
internal/graph$lift_source_arcs$fn__20040.class,957,1889
antlr/debug/ParserReporter.class,649,1889
internal/node$validate_property_value.class,896,1888
_unpack/x86_64-win32/bin/lsp/lua/meta/3rd/Cocos4.0/library/ccs/ActionFrame.lua,440,1888
editor/code/view/proxy,858,1888
editor/font/NativeVertexBufferRequest,999,1886
_unpack/x86_64-win32/bin/lsp/lua/meta/3rd/Cocos4.0/library/ccui/RelativeLayoutParameter.lua,465,1885
util/path$atomic_replace_BANG_.class,950,1885
util/bit_set$assign_BANG_.class,879,1883
templates/template.script,525,1882
_unpack/x86_64-win32/bin/lsp/lua/meta/3rd/bee/library/bee/subprocess.lua,542,1882
dynamo/graph$defnode$iter__23351__23355$fn__23356$fn__23357.class,1050,1880
plumbing/core$fnk.class,964,1879
builtins/manifests/osx/Info.plist,637,1878
TestScript/TestDdf$Uint64Msg$1.class,817,1878
util/http_server$invoke_handler.class,936,1878
util/path$fn__6998.class,992,1878
internal/transaction$mark_nodes_outputs_activated$fn__22402.class,949,1878
TestScript/TestDdf$Transform$1.class,825,1878
_unpack/x86_64-win32/bin/lsp/lua/debugger.lua,782,1876
dynamo/graph$node_type_kw.class,934,1875
_unpack/x86_64-win32/bin/lsp/lua/script/core/diagnostics/count-down-loop.lua,515,1875
internal/transaction$flag_successors_changed$fn__22411.class,1024,1872
dynamo/graph$construct_node_with_id.class,909,1870
_unpack/x86_64-win32/bin/lsp/lua/meta/3rd/skynet/library/skynet/crypt.lua,560,1870
TestScript/TestDdf$EmptyMsg$1.class,818,1869
internal/transaction$eval22345$fn__22346.class,892,1868
_unpack/x86_64-win32/bin/lsp/lua/meta/3rd/Cocos4.0/library/cc/FadeOutTRTiles.lua,500,1868
PropertyList-1.0.dtd,928,1867
util/fn$make_case_fn$key__GT_value__6930.class,1014,1867
dynamo/graph$make_node.class,995,1865
_unpack/x86_64-win32/bin/lsp/lua/meta/3rd/Cocos4.0/library/cc/Physics3DShape.lua,416,1864
javax/xml/bind/util/Messages.class,815,1864
util/num$normalized__GT_long__16484.class,942,1862
util/coll$eager_seqable_QMARK_.class,1002,1861
internal/node$argument_error_aggregate_form.class,935,1860
util/digestable$sha1s__GT_unordered_sha1_hex.class,1087,1860
org/nibor/autolink/internal/WwwScanner.class,1013,1858
com/googlecode/javaewah/symmetric/UpdateableBitmapFunction$1$1.class,804,1857
internal/graph$cascade_delete_sources$fn__20099.class,1011,1855
internal/transaction/DeleteNodesTXC.class,815,1855
util/http_server$start_BANG_$reify__45704$fn$reify__45714.class,861,1855
internal/graph$basis_perform_connect_arcs.class,952,1855
javax/vecmath/Vector4f.class,900,1855
lua-annotations/http.lua,845,1854
_unpack/shared/lua-annotations/http.lua,845,1854
internal/transaction/CallbackTXS.class,857,1853
internal/cache$miss_many_lru.class,926,1852
internal/graph$basis_revert_connect_arcs.class,947,1852
TestScript/TestDdf$SubMsg$1.class,816,1851
_unpack/x86_64-win32/bin/lsp/lua/script/plugins/ffi/searchCode.lua,521,1851
javax/vecmath/Vector4d.class,885,1848
_unpack/x86_64-win32/bin/lsp/lua/meta/3rd/Defold/library/timer.lua,726,1842
com/cognitect/transit/impl/WriteHandlers$TimeWriteHandler.class,684,1840
util/profiler$loading__6812__auto____25557.class,1003,1840
util/coll$ptree$parallel_child_results__4333$fn__4335$run_task__3653__auto____4336.class,945,1839
antlr/Utils.class,969,1837
internal/transaction/ReplaceArcTXC.class,779,1837
internal/transaction/InvalidateOutputTXS.class,851,1836
util/murmur$loading__6812__auto____42600.class,1009,1836
_unpack/x86_64-win32/bin/lsp/lua/meta/3rd/love2d/library/love/timer.lua,536,1836
_unpack/x86_64-win32/bin/lsp/lua/meta/3rd/OpenResty/library/resty/core/regex.lua,475,1836
antlr/CharRangeElement.class,975,1836
plumbing/fnk/schema$guess_expr_output_schema$iter__20474__20478$fn__20479$fn__20480.class,1011,1835
com/cognitect/transit/impl/ReadCache.class,927,1834
util/bit_set$from.class,1005,1834
dynamo/graph$node_type_STAR_.class,1033,1834
internal/transaction/ExpandTXS.class,827,1834
_unpack/x86_64-win32/bin/lsp/lua/script/jsonrpc.lua,674,1830
potemkin/namespaces$link_vars$fn__23130.class,893,1829
_unpack/x86_64-win32/bin/lsp/lua/meta/3rd/lovr/library/lovr/timer.lua,660,1828
internal/transaction/ClearPropertyTXS.class,856,1828
_unpack/x86_64-win32/bin/lsp/lua/script/core/command/jsonToLua.lua,683,1828
antlr/collections/impl/LList.class,962,1827
dynamo/graph$tick.class,1018,1827
antlr/ASTNULLType.class,630,1827
util/num$eval16478$fn__16479.class,931,1827
util/coll$separate_by.class,972,1826
TestScript/TestDdf$Msg$1.class,817,1824
local_extensions$handle_request$fn__45765$fn__45766.class,1001,1823
_unpack/x86_64-win32/bin/lsp/lua/meta/3rd/Cocos4.0/library/cc/PhysicsShapeCircle.lua,518,1823
_unpack/x86_64-win32/bin/lsp/lua/script/core/diagnostics/duplicate-doc-alias.lua,554,1823
plumbing/core$_QMARK__GT__GT_.class,870,1821
util/defonce$protocol.class,923,1821
internal/node$validate_property_values.class,875,1820
_unpack/x86_64-win32/bin/lsp/lua/meta/3rd/Cocos4.0/library/ccb/Program.lua,552,1819
internal/util$deep_keep_kv_helper.class,928,1816
_unpack/x86_64-win32/bin/lsp/lua/script/core/command/removeSpace.lua,642,1812
internal/util$deep_map_kv_helper.class,934,1811
potemkin/namespaces$import_vars.class,866,1811
plumbing/core$conj_when.class,914,1810
internal/transaction$trace_dependencies.class,901,1808
plumbing/fnk/schema$guess_expr_output_schema.class,965,1806
plumbing/fnk/schema$merge_on_with$fn__20407.class,973,1805
org/objectweb/asm/Symbol.class,904,1803
dynamo/graph$make_evaluation_context_scope_violation_exception.class,896,1802
util/fn$declared_symbol.class,1002,1802
_unpack/x86_64-win32/bin/lsp/lua/meta/3rd/Cocos4.0/library/ccs/Tween.lua,553,1800
plumbing/fnk/schema$fn__20574$split_schema__20579$fn__20580$iter__20581__20585$fn__20586$fn__20587.class,950,1800
_unpack/x86_64-win32/bin/lsp/lua/meta/3rd/OpenResty/library/tablepool.lua,773,1800
plumbing/core$_QMARK__GT_.class,845,1796
com/samskivert/mustache/Mustache$Delims.class,957,1793
internal/graph$transform_node.class,904,1793
internal/graph$basis_plan_clear_override_nodes.class,958,1792
internal/node$warn_output_schema.class,922,1791
com/cognitect/transit/impl/ReaderFactory$MsgPackReaderImpl.class,719,1790
internal/graph$arc_table_find_arc_pkids.class,954,1790
internal/graph$basis_revert_update_graph_value.class,908,1789
_unpack/x86_64-win32/bin/lsp/lua/script/core/diagnostics/trailing-space.lua,576,1787
util/bit_set$clear_bit_BANG_.class,842,1786
util/fn$memoize_two.class,973,1785
cljs/core/async/impl/protocols.cljs,861,1784
util/fn$or_fn.class,849,1783
util/bit_set$set_bit_BANG_.class,839,1782
antlr/TreeWalkerGrammar.class,1019,1781
util/bit_set$and_bits_BANG_.class,833,1780
util/bit_set$or_bits_BANG_.class,830,1778
internal/graph$replace_target_arc_at.class,872,1774
javax/vecmath/Point4d.class,856,1773
_unpack/x86_64-win32/bin/lsp/lua/script/core/diagnostics/cast-local-type.lua,681,1773
javax/vecmath/Point4f.class,859,1773
com/googlecode/javaewah32/ReverseEWAHIterator32.class,911,1772
util/bit_set$indices.class,837,1771
util/fn$memoize_one.class,965,1770
builtins/input/README.md,889,1770
com/googlecode/javaewah32/NonEmptyVirtualStorage32.class,811,1770
plumbing/core$update_in_when.class,899,1770
plumbing/fnk/schema$merge_on_with.class,811,1769
_unpack/x86_64-win32/bin/lsp/lua/meta/3rd/Cocos4.0/library/ccs/ActionTimelineCache.lua,348,1768
dynamo/graph$default_node_deserializer.class,976,1766
util/path$fn__7013.class,949,1766
util/fn$and_fn.class,846,1765
dynamo/graph$let_ec.class,901,1764
plumbing/core$when_letk.class,818,1763
dynamo/graph$flattened_tx_data_into$fn__23308.class,962,1762
util/digestable$fn__38809.class,900,1762
util/fn$demunged_symbol.class,975,1760
internal/transaction$realize_tx.class,933,1760
_unpack/x86_64-win32/bin/lsp/lua/meta/default utf8/UnityEngine.Assertions.Comparers.lua,440,1759
antlr/TokenRangeElement.class,874,1758
internal/node$invert_map$iter__21692__21698$fn__21699.class,968,1757
util/array$fn__3687.class,935,1756
com/googlecode/javaewah/NonEmptyVirtualStorage.class,836,1755
internal/node$property_dynamics.class,853,1753
internal/graph$update_existing_arc_table.class,898,1752
dynamo/graph$connect_BANG_.class,881,1751
internal/node$node_type.class,921,1749
_unpack/x86_64-win32/bin/lsp/lua/meta/3rd/Cocos4.0/library/cc/ActionTween.lua,445,1748
util/digestable$digest_resource_BANG_.class,883,1746
util/array$fn__3663.class,933,1745
util/array$fn__3666.class,934,1744
org/nibor/autolink/internal/UrlScanner.class,986,1743
util/array$fn__3684.class,932,1743
Defold/config,1742,1742
util/array$fn__3681.class,932,1741
internal/node$check_single_type.class,965,1741
util/array$fn__3675.class,933,1741
util/array$fn__3672.class,933,1741
util/coll$sort$reify__4292.class,897,1740
util/array$fn__3669.class,933,1739
util/array$fn__3678.class,932,1739
_unpack/x86_64-win32/bin/lsp/lua/meta/3rd/OpenResty/library/resty/signal.lua,654,1739
_unpack/x86_64-win32/bin/lsp/lua/meta/3rd/Cocos4.0/library/ccb/VertexLayout.lua,577,1737
util/coll$unanimous_value.class,877,1737
javax/vecmath/Vector3f.class,855,1735
_unpack/x86_64-win32/bin/lsp/lua/meta/3rd/Cocos4.0/library/cc/ShatteredTiles3D.lua,445,1732
_unpack/x86_64-win32/bin/lsp/lua/meta/3rd/Cocos4.0/library/cc/MenuItemSprite.lua,426,1732
internal/node$warn_declared_schema_impl.class,917,1731
com/googlecode/javaewah/ReverseEWAHIterator.class,900,1730
javax/vecmath/Vector3d.class,848,1728
internal/graph$basis_perform_add_nodes.class,940,1726
_unpack/x86_64-win32/bin/lsp/lua/meta/3rd/Cocos4.0/library/cc/Bundle3D.lua,509,1726
net/objecthunter/exp4j/operator/Operator.class,963,1726
_unpack/x86_64-win32/bin/lsp/lua/meta/3rd/Cocos4.0/library/cc/ProgressFromTo.lua,409,1725
internal/low_memory$ensure_notification_listener_BANG___18755$fn__18758.class,996,1724
util/coll$tree_xf$fn__4251$xf__4252.class,927,1723
_unpack/x86_64-win32/bin/lsp/lua/script/core/diagnostics/cast-type-mismatch.lua,527,1723
util/http_server$start_BANG_$reify__45704$fn__45710.class,956,1722
_unpack/x86_64-win32/bin/lsp/lua/meta/spell/lua_dict.txt,762,1722
_unpack/x86_64-win32/bin/lsp/lua/meta/3rd/Defold/library/sprite.lua,558,1720
_unpack/x86_64-win32/bin/lsp/lua/meta/3rd/Cocos4.0/library/cc/PhysicsJointLimit.lua,379,1720
dynamo/graph$node_feeding_into.class,919,1719
internal/transaction$realize_invalidate_output.class,910,1718
_unpack/x86_64-win32/bin/lsp/lua/meta/template/bit32.lua,343,1718
icons/64/Icons_18-ParticleFX-emitter.png,1722,1717
console-view.fxml,523,1716
internal/transaction/SequenceLabelTXS.class,819,1714
util/bit_set$previous_set_bit.class,823,1714
_unpack/x86_64-win32/bin/lsp/lua/meta/3rd/Cocos4.0/library/ccb/ProgramState.lua,570,1714
internal/system$commit_transaction_effects.class,857,1714
internal/util$deep_keep_kv_helper$fn__6711.class,917,1713
util/text_util$guess_line_separator.class,942,1712
internal/graph$basis_revert_connect_arcs$fn__20262.class,973,1711
internal/graph$basis_revert_connect_arcs$fn__20269.class,972,1711
internal/node$output_schema__GT_declared_schema.class,923,1710
util/coll$flatten_xf$xf__4248.class,914,1710
icons/64/Icons_17-ParticleFX.png,1714,1709
plumbing/core$as__GT__GT_.class,821,1708
meta_merge/core$different_priority_QMARK_.class,913,1708
util/coll$lazy_QMARK_.class,925,1708
internal/transaction/SetRawPropertyTXC.class,753,1707
internal/node$make_value_type.class,908,1706
util/bit_set$next_set_bit.class,818,1706
util/fn$make_call_logger.class,881,1705
util/coll$empty_QMARK_.class,984,1704
plumbing/fnk/schema$schema_diff$fn__20496.class,906,1704
internal/node$fn__21768.class,939,1703
util/digestable$fn__38747$G__38742__38756.class,894,1702
org/jvnet/mimepull/ASCIIUtility.class,1083,1702
util/coll$bounded_count.class,988,1702
dynamo/graph$strip_alias.class,921,1701
internal/node$fn__21773.class,911,1701
internal/system$cache_output_values$fn__23058.class,931,1700
_unpack/x86_64-win32/bin/lsp/lua/script/core/diagnostics/different-requires.lua,556,1700
com/samskivert/mustache/BasicCollector.java,647,1700
antlr/debug/DebuggingInputBuffer.class,886,1700
local_extensions$local_extension_path.class,902,1699
_unpack/x86_64-win32/bin/lsp/lua/meta/3rd/Cocos4.0/library/cc/ParallaxNode.lua,540,1699
util/coll$transform_non_empty__GT_.class,776,1699
util/coll$reduce_partitioned.class,896,1697
editor/console/ConsoleGutterView,745,1696
icons/64/Icons_49-Collision-object.png,1692,1694
internal/system$update_user_data.class,775,1694
internal/node$fn__21824.class,927,1692
internal/transaction/ClearRawPropertyTXC.class,749,1692
internal/cache$fn__19541$G__19498__19550.class,898,1692
internal/cache$fn__19526$G__19506__19535.class,895,1691
com/googlecode/javaewah/BitCounter.class,858,1691
internal/cache$seed_lru.class,908,1690
internal/node$mark_in_production.class,837,1690
util/fn$as_late_bound_fn$late_fn__6904.class,948,1689
com/samskivert/mustache/BasicCollector.class,768,1688
org/jvnet/mimepull/MIMEParser$LineInputStream.class,939,1687
util/bit_set$bit.class,802,1685
util/fn$ifn_class_max_arity_raw$fn__6892.class,964,1685
com/googlecode/javaewah32/BitCounter32.class,831,1684
util/coll$partition_all_float_arrays$fn__4125.class,958,1683
internal/util$select_keys_deep_value_helper.class,919,1683
icons/64/Icons_48-Tilemap.png,1688,1683
antlr/GrammarAtom.class,884,1683
internal/transaction$perform_change__22335.class,813,1682
internal/node$pull_input_values$fn__22011.class,906,1680
com/cognitect/transit/impl/WriteHandlers$ListWriteHandler.class,660,1680
internal/transaction$revert_change__22342.class,811,1680
_unpack/x86_64-win32/bin/lsp/lua/meta/3rd/Cocos4.0/library/cc/Speed.lua,434,1679
internal/node$group_node_type_forms$iter__21880__21884$fn__21885$fn__21886.class,975,1679
dynamo/graph$disconnect.class,867,1678
_unpack/x86_64-win32/bin/lsp/lua/meta/3rd/Cocos4.0/library/cc/TurnOffTiles.lua,498,1678
util/num$normalized__GT_ushort.class,972,1677
util/num$normalized__GT_uint.class,970,1675
internal/node$fn__21438.class,898,1673
internal/node$behavior.class,881,1672
internal/node$fn__21312.class,896,1672
util/num$normalized__GT_ubyte.class,965,1672
internal/transaction/LabelTXS.class,801,1672
dynamo/graph$connect.class,862,1672
local_extensions$fn__45772.class,863,1672
_unpack/x86_64-win32/bin/lsp/lua/meta/3rd/Cocos4.0/library/cc/MenuItemFont.lua,447,1671
internal/graph$assoc_source_arcs_at.class,833,1670
internal/graph$assoc_target_arcs_at.class,833,1670
antlr/RuleRefElement.class,823,1668
com/cognitect/transit/impl/WriterFactory$2.class,769,1667
util/http_server/types$fn__23862$G__23857__23869.class,898,1666
internal/system$evaluation_context_invalidate_counters.class,906,1665
internal/system$ensure_no_concurrent_modifications_BANG_.class,909,1661
plumbing/core$safe_get.class,925,1660
util/coll$ptree$visit__4354.class,941,1660
dynamo/graph$fn__23644.class,901,1659
com/cognitect/transit/impl/RatioImpl.class,794,1658
_unpack/x86_64-win32/bin/lsp/lua/meta/3rd/Cocos4.0/library/cc/CSLoader.lua,402,1656
_unpack/x86_64-win32/bin/lsp/lua/meta/3rd/Cocos4.0/library/cc/CameraBackgroundSkyBoxBrush.lua,408,1656
com/cognitect/transit/impl/WriterFactory$1.class,766,1656
_unpack/x86_64-win32/bin/lsp/lua/meta/3rd/Cocos4.0/library/cc/Physics3DConstraint.lua,458,1655
util/bit_set$first_set_bit.class,808,1655
camel_snake_kebab$fn__4825$G__4820__4832.class,854,1655
org/jvnet/mimepull/LineInputStream.class,1064,1655
util/path$atomic_replace_BANG_$fn__7102.class,909,1654
internal/node$make_protocol_value_type.class,827,1653
doc/script-script_engine.cpp_doc.sdoc,638,1653
net/objecthunter/exp4j/tokenizer/UnknownFunctionOrVariableException.class,839,1652
internal/graph$arc_table_next_pkid.class,929,1651
internal/transaction/InvalidateTXS.class,772,1651
util/debug_util$nanos__GT_string.class,896,1651
internal/node$dependency_seq.class,823,1650
internal/transaction$realize_invalidate.class,882,1648
com/cognitect/transit/impl/WriteHandlers$DoubleWriteHandler.class,716,1646
internal/transaction$eval22330$fn__22331.class,804,1646
internal/util$detect_renames_and_update_all$fn__6775.class,902,1646
org/apache/harmony/beans/Argument.class,713,1646
util/diff$cut_edit.class,772,1646
_unpack/x86_64-win32/bin/lsp/lua/meta/3rd/skynet/library/skynet/sharemap.lua,686,1646
editor/http_server/prefs/JsonParseError,828,1645
internal/graph$dissoc_source_arcs_at.class,817,1645
internal/graph$dissoc_target_arcs_at.class,818,1645
internal/transaction$eval22337$fn__22338.class,802,1645
internal/node$property_setter.class,871,1644
dynamo/graph$deep_arcs_by_source.class,847,1643
doc/src-script_zlib.cpp_doc.sdoc,584,1643
internal/graph$lift_source_arcs.class,793,1643
icons/64/Icons_08-Collection-factory.png,1646,1641
internal/system$register_undoable_changes.class,778,1641
internal/transaction$ctx_perform_clear_override_nodes.class,795,1641
internal/transaction$ctx_revert_clear_override_nodes.class,793,1639
internal/node$value_type_dispatch_value.class,927,1639
find.fxml,493,1638
internal/transaction/DisconnectTXS.class,764,1637
util/debug_util$update_task_metrics.class,859,1637
_unpack/x86_64-win32/bin/lsp/lua/meta/3rd/Cocos4.0/library/cc/ShakyTiles3D.lua,432,1637
dynamo/graph$property_overridden_QMARK_.class,878,1636
internal/node$prop_PLUS_args.class,872,1634
org/slf4j/helpers/BasicMarkerFactory.class,793,1634
com/google/errorprone/annotations/Modifier.class,862,1632
internal/transaction$realize_transfer_overrides$fn__22562.class,874,1632
antlr/TokenRefElement.class,862,1632
plumbing/fnk/schema$assert_iae.class,778,1630
dynamo/graph$override_root.class,885,1630
com/cognitect/transit/impl/WriteHandlers$FloatWriteHandler.class,710,1627
util/debug_util$fn__19019.class,879,1627
javax/xml/bind/Binder.class,620,1625
internal/transaction/ConnectTXS.class,760,1625
internal/cache$fn__19513$G__19504__19520.class,862,1625
internal/cache$fn__19567$G__19508__19574.class,857,1625
icons/64/Icons_31-Material.png,1629,1624
internal/graph$arc_table_append.class,868,1622
util/coll$fn__4222$path_entries__4224.class,877,1622
dynamo/graph$fn__23242.class,872,1622
org/slf4j/MarkerFactory.class,815,1621
antlr/Token.class,790,1621
internal/transaction$disconnect_sources$iter__22916__22920$fn__22921$fn__22922.class,890,1620
camel_snake_kebab$convert_case.class,860,1619
doc/dmsdk-gamesys-gui.h_doc.sdoc,466,1617
_unpack/x86_64-win32/bin/lsp/lua/script/core/diagnostics/missing-return-value.lua,464,1617
internal/util$distinct_by$step__6533$fn__6534$fn__6536.class,943,1616
internal/graph$basis_perform_clear_override_nodes.class,813,1615
editor/lsp/server/RawRequest,835,1614
doc/dmsdk-gamesys-components-comp_gui.h_doc.sdoc,434,1613
_unpack/x86_64-win32/bin/lsp/lua/meta/3rd/Cocos4.0/library/cc/AssetsManager.lua,377,1613
util/eduction$mapcat_indexed__3867.class,775,1609
internal/util$group_into$fn__6557.class,868,1609
dynamo/graph$evaluation_context_QMARK_.class,856,1607
util/path$actual_cased.class,810,1607
dynamo/graph$tx_result_QMARK_.class,863,1607
camel_snake_kebab$fn__4812.class,787,1606
internal/node$value_type_schema.class,915,1606
util/http_server/types$fn__23846$G__23841__23851.class,865,1605
_unpack/x86_64-win32/bin/lsp/lua/meta/3rd/Cocos4.0/library/cc/ShuffleTiles.lua,434,1604
dynamo/graph$restore_overridden_properties$iter__23676__23680$fn__23681$fn__23682$iter__23683__23687$fn__23688$fn__23689.class,890,1604
antlr/ANTLRHashString.class,943,1604
util/http_server/types$fn__23830$G__23825__23835.class,869,1603
internal/transaction/ReplaceOverrideRootTXC.class,714,1602
org/jvnet/mimepull/PropUtil.class,881,1602
internal/node$value_type_form.class,915,1602
potemkin/namespaces$loading__6812__auto____23126.class,886,1601
dynamo/graph$node_instance_STAR__QMARK_.class,917,1600
util/thread_util$loading__6812__auto____25807.class,881,1598
internal/transaction$fn__22314.class,783,1598
internal/node$ordinary_output_labels.class,847,1597
_unpack/x86_64-win32/bin/lsp/lua/meta/whimsical/basic.lua,506,1597
util/diff$nop_edit_QMARK___32035.class,778,1596
util/path$real.class,800,1596
internal/system$invalidate_counters.class,879,1595
scene/images/perspective_icon.svg,642,1595
dynamo/graph$restore_overridden_properties$iter__23676__23680$fn__23681$iter__23706__23710$fn__23711$fn__23712.class,888,1594
internal/transaction$ctx_revert_clear_raw_property.class,749,1594
antlr/InputBuffer.class,913,1594
_unpack/x86_64-win32/bin/lsp/lua/script/plugins/ffi/c-parser/cdriver.lua,407,1594
antlr/TokenBuffer.class,893,1593
potemkin/namespaces$fn__23128.class,783,1592
internal/transaction$ctx_perform_set_raw_property.class,750,1592
_unpack/x86_64-win32/bin/lsp/lua/meta/3rd/Cocos4.0/library/cc/Shaky3D.lua,435,1591
util/http_server/types$fn__23814$G__23809__23819.class,862,1591
_unpack/x86_64-win32/bin/lsp/lua/meta/3rd/Cocos4.0/library/ccui/TextBMFont.lua,524,1591
util/macro$conform_gensym_name_BANG_.class,841,1591
internal/paper_tape$fn__18821$G__18814__18826.class,847,1590
internal/paper_tape$fn__18832$G__18816__18837.class,854,1590
internal/paper_tape$fn__18843$G__18808__18848.class,854,1590
internal/paper_tape$fn__18854$G__18810__18859.class,854,1590
internal/paper_tape$fn__18865$G__18812__18870.class,855,1590
internal/paper_tape$fn__18881$G__18876__18886.class,845,1590
internal/transaction$ctx_revert_set_raw_property.class,747,1590
util/http_server/types$fn__23782$G__23777__23787.class,861,1589
util/num$normalized__GT_ushort_double__16344.class,794,1589
util/http_server/types$fn__23766$G__23761__23771.class,859,1588
internal/node$fn__21779.class,849,1588
util/num$normalized__GT_ubyte_double__16328.class,792,1587
org/jvnet/mimepull/Hdr.class,936,1587
_unpack/x86_64-win32/bin/lsp/lua/meta/3rd/Cocos4.0/library/cc/ControlHuePicker.lua,357,1586
internal/paper_tape$fn__18897$G__18892__18902.class,843,1586
util/pkid_vector$fn__18929.class,789,1586
_unpack/x86_64-win32/bin/lsp/lua/meta/3rd/skynet/library/skynet/stm.lua,836,1586
util/http_client$fn__8346.class,786,1585
util/num$normalized__GT_uint_double__16369.class,791,1585
dynamo/graph$construct.class,873,1585
internal/graph$override_node_id_table_locate.class,840,1585
util/http_server/types$fn__23798$G__23793__23803.class,859,1585
internal/util$into_multiple$fn__6741.class,852,1584
util/fn$among_values_case_expr.class,799,1583
service/smoke_log$fn__25065.class,783,1583
internal/util$filter_vals$iter__6590__6594$fn__6595$fn__6596.class,895,1582
_unpack/x86_64-win32/bin/lsp/lua/meta/3rd/Cocos4.0/library/ccs/ActionManagerEx.lua,414,1582
_unpack/x86_64-win32/bin/lsp/lua/meta/3rd/Cocos4.0/library/cc/Physics3DComponent.lua,433,1581
plumbing/fnk/schema$fn__20316.class,787,1580
internal/util$detect_renames.class,785,1579
_unpack/x86_64-win32/bin/lsp/lua/meta/3rd/OpenResty/library/resty/string.lua,621,1579
dynamo/graph$property_value_origin_QMARK_.class,837,1579
internal/graph$lift_source_arc$fn__20022.class,896,1578
internal/graph$basis_perform_connect_arcs$fn__20255.class,900,1577
builtins/fonts/font.fp,472,1577
internal/graph$basis_perform_connect_arcs$fn__20249.class,901,1577
icons/64/Icons_38-GUI.png,1581,1576
internal/system$undo_stack_revisions.class,822,1575
_unpack/x86_64-win32/bin/lsp/lua/meta/3rd/Cocos4.0/library/cc/TextureCube.lua,515,1574
plumbing/core$assoc_when$iter__20970__20974$fn__20975$fn__20976.class,898,1573
_unpack/x86_64-win32/bin/lsp/lua/script/core/diagnostics/newline-call.lua,579,1573
util/ensure$loading__6812__auto____6780.class,878,1572
util/http_server$start_BANG_$fn__45742.class,870,1572
util/eduction$eval3862$fn__3863.class,768,1572
util/fn$with_logged_calls$fn__6949.class,814,1571
internal/graph$dependencies$fn__20144$make_task_BANG___20145$fn__20146$fn__20147.class,849,1568
com/cognitect/transit/impl/WriteHandlers$RatioWriteHandler.class,671,1568
plumbing/fnk/impl$fn__20746.class,781,1568
internal/cache$fn__19556$G__19500__19561.class,841,1567
internal/cache$fn__19580$G__19502__19585.class,839,1567
plumbing/fnk/pfnk$fn__20710.class,778,1567
_unpack/x86_64-win32/bin/lsp/lua/script/core/diagnostics/newfield-call.lua,521,1566
util/crypto$decrypt_bytes.class,882,1565
_unpack/x86_64-win32/bin/lsp/lua/script/core/diagnostics/empty-block.lua,469,1564
dynamo/graph$user_data_swap_BANG_.class,729,1563
_unpack/x86_64-win32/bin/lsp/lua/script/vm/field.lua,536,1563
util/diff$eval32030$fn__32031.class,762,1562
org/jvnet/mimepull/MimeUtility.class,844,1562
plumbing/fnk/pfnk$fn__20717$G__20712__20722.class,846,1562
internal/node$node_value.class,820,1559
internal/transaction/DisconnectArcsTXC.class,723,1559
util/num$loading__6812__auto____16133.class,877,1558
internal/node$fn__21351$G__21320__21356.class,841,1557
internal/node$fn__21329$G__21322__21334.class,841,1557
internal/node$fn__21340$G__21324__21345.class,843,1557
dynamo/graph$fn__23240.class,778,1556
plumbing/core$fn__20880.class,770,1556
com/cognitect/transit/impl/WriteHandlers$SetWriteHandler.class,587,1555
internal/util$fn__6511.class,776,1555
_unpack/x86_64-win32/bin/lsp/lua/script/parser/tokens.lua,469,1554
internal/node$node_type_deref_ordered_property_setter_infos_raw$fn__21484.class,805,1553
dynamo/graph$migrated_node_ids.class,825,1553
internal/cache$evict_many_lru.class,835,1552
util/id_vec$iv_remove_ids.class,836,1552
antlr/preprocessor/PreprocessorTokenTypes.class,705,1552
_unpack/x86_64-win32/bin/lsp/lua/meta/template/coroutine.lua,430,1551
util/http_server/ServerWithHandler.class,801,1550
internal/node$error_substituted_array_input_value.class,791,1550
internal/transaction$override_node_ids_removed_by_disconnect$fn__22852$fn__22853.class,861,1550
_unpack/x86_64-win32/bin/lsp/lua/meta/3rd/Cocos4.0/library/cc/OrbitCamera.lua,375,1549
internal/node$fn__21133$G__21128__21138.class,834,1549
internal/transaction/ClearOverrideNodesTXC.class,713,1549
util/diff$edit__GT_map.class,862,1548
javax/xml/bind/util/JAXBResult.class,748,1548
internal/transaction/ConnectArcsTXC.class,721,1547
com/cognitect/transit/impl/WriteHandlers$KeywordWriteHandler.class,573,1546
dynamo/graph$raw_property_value.class,860,1546
service/log$fn__7258.class,776,1546
dynamo/graph$mark_defective_BANG_.class,815,1544
internal/node/OverrideNode$fn__22163$fn__22164.class,828,1543
_unpack/x86_64-win32/bin/lsp/lua/meta/3rd/Cocos4.0/library/cc/TargetedAction.lua,398,1543
internal/node$process_property_forms$iter__21809__21813$fn__21814$fn__21815.class,889,1543
internal/node$inherits_QMARK_.class,803,1542
internal/graph$basis_plan_disconnect_arc.class,863,1542
util/num$eval16339$fn__16340.class,777,1542
util/num$eval16323$fn__16324.class,775,1541
util/text_util$includes_ignore_case_QMARK_.class,898,1540
util/num$eval16364$fn__16365.class,773,1540
util/num$ushort.class,877,1538
dynamo/graph$overridden_properties$fn__23658.class,809,1537
_unpack/x86_64-win32/bin/lsp/lua/script/core/diagnostics/undefined-doc-class.lua,464,1537
util/path$fn__7021$G__7016__7026.class,837,1536
util/num$uint.class,880,1536
javax/vecmath/Point3f.class,742,1535
internal/graph$basis_plan_replace_override.class,834,1534
internal/transaction$ctx_invalidate.class,818,1534
_unpack/x86_64-win32/bin/lsp/lua/meta/3rd/Cocos4.0/library/cc/PhysicsJointRotarySpring.lua,405,1533
util/diff$make_snip_line_string_raw.class,889,1533
util/num$ubyte.class,878,1533
util/id_vec$iv_into.class,860,1533
javax/vecmath/Point3d.class,737,1533
plumbing/core$mapply.class,741,1532
internal/node$original_root.class,838,1532
internal/node$substitute_for.class,810,1531
plumbing/core$_LT__.class,771,1531
_unpack/x86_64-win32/bin/lsp/lua/meta/3rd/love2d/library/love/touch.lua,451,1531
internal/util$deep_keep$fn__6702.class,827,1531
util/debug_util$inspect_impl$fn__19066.class,786,1531
builtins/fonts/font-df-ms-singlelayer.fp,508,1530
org/nibor/autolink/internal/LinkSpanImpl.class,709,1528
_unpack/x86_64-win32/bin/lsp/lua/meta/3rd/Cocos4.0/library/cc/PhysicsJoint.lua,430,1527
util/defonce$interface.class,770,1527
internal/node$merge_supertypes.class,770,1526
internal/node$ordinary_input_labels.class,803,1526
internal/system$take_node_ids.class,880,1526
internal/transaction/AddNodesTXC.class,710,1526
dynamo/graph$eager_tx_data.class,823,1525
dynamo/graph$node_instance_match_STAR_$fn__23553.class,840,1525
icons/64/Icons_43-Tilesource-Collgroup.png,1530,1525
icons/64/Icons_23-Cubemap.png,1301,1524
dynamo/graph$explicit_outputs.class,771,1523
util/defonce$record.class,767,1521
util/id_vec$iv_update_ids.class,782,1521
dynamo/graph$explicit_inputs.class,774,1521
_unpack/x86_64-win32/bin/lsp/lua/meta/3rd/Cocos4.0/library/cc/ControlColourPicker.lua,347,1520
meta_merge/core$remove_top_displace.class,797,1520
util/fn$memoize_late_bound$memoized_fn__6909$fn__6917.class,823,1519
dynamo/graph$set_graph_value.class,803,1519
util/defonce$type.class,767,1517
internal/graph$override_original.class,868,1516
internal/graph$fn__19922.class,830,1516
com/samskivert/mustache/Template$1.class,625,1516
util/debug_util$make_metrics_collector.class,789,1514
com/cognitect/transit/impl/TaggedValueImpl.class,735,1514
_unpack/x86_64-win32/bin/lsp/lua/script/core/command/reloadFFIMeta.lua,574,1514
com/cognitect/transit/impl/WriteHandlers$UUIDWriteHandler.class,654,1513
util/debug_util$stack_trace.class,787,1512
dynamo/graph$tx_data_QMARK_.class,838,1512
internal/transaction/AddOverrideTXC.class,690,1511
internal/util$distinct_by$fn__6529$fn__6530.class,839,1511
antlr/PythonCharFormatter.class,829,1510
internal/node$all_labels.class,797,1509
dynamo/graph$default_node_serializer$fn__23576.class,816,1509
internal/system$commit_basis.class,813,1509
antlr/debug/misc/ASTFrame.class,841,1508
com/googlecode/javaewah32/EWAHCompressedBitmap32$1.class,722,1507
internal/node$property_display_order.class,829,1506
_unpack/x86_64-win32/bin/lsp/lua/script/config/env.lua,519,1506
_unpack/x86_64-win32/bin/lsp/lua/script/core/diagnostics/missing-local-export-doc.lua,505,1504
_unpack/x86_64-win32/bin/lsp/lua/meta/3rd/Cocos4.0/library/cc/Animate.lua,428,1503
internal/node$wrap_constant_fn_QMARK_.class,832,1503
internal/node$declared_property_labels.class,825,1503
util/num$ushort__GT_long__16206.class,760,1501
_unpack/x86_64-win32/bin/lsp/lua/meta/3rd/lovr/library/lovr.lua,705,1500
util/num$ubyte__GT_long__16199.class,760,1500
_unpack/x86_64-win32/bin/lsp/lua/meta/3rd/skynet/library/skynet/sharetable.lua,684,1500
org/objectweb/asm/Attribute$Set.class,824,1499
internal/paper_tape$paper_tape.class,730,1499
util/num$uint__GT_long__16213.class,760,1499
internal/node$input_dependencies.class,822,1498
com/cognitect/transit/impl/ReadHandlers$CmapReadHandler.class,563,1497
com/googlecode/javaewah32/symmetric/RunningBitmapMerge32$1.class,597,1497
util/macro$conform_gensyms.class,776,1496
dynamo/graph$outputs.class,761,1495
dynamo/graph$inputs.class,763,1494
util/diff$nop_edit_QMARK_.class,814,1494
internal/node$cascade_deletes.class,820,1492
internal/node$update_in_production.class,858,1491
internal/transaction$fn__22978.class,851,1491
local_extensions$handle_request$fn__45765.class,827,1491
plumbing/fnk/schema$assert_satisfies_schema.class,832,1490
internal/node$apply_property_dependencies_to_outputs$fn__21953.class,761,1488
plumbing/fnk/schema$non_map_union.class,794,1487
dynamo/graph$defnode$fn__23370.class,771,1487
com/googlecode/javaewah/EWAHCompressedBitmap$1.class,717,1485
internal/node$declared_outputs.class,814,1484
internal/node$all_properties.class,816,1484
internal/node$verify_property_defaults.class,764,1483
com/cognitect/transit/impl/ReadHandlers$ListReadHandler.class,561,1483
internal/cache$evict_many_base.class,782,1482
internal/node$declared_inputs.class,815,1482
_unpack/x86_64-win32/bin/lsp/lua/meta/3rd/Cocos4.0/library/cc/PhysicsJointGroove.lua,369,1482
internal/node$supertypes.class,812,1482
icons/64/Icons_12-Script-type.png,1486,1481
util/num$ushort_range__GT_normalized__16287.class,750,1481
internal/graph$propagate_source_arcs$fn__20052.class,739,1480
util/text_util$join_comma_separated_string.class,794,1480
util/num$ubyte_range__GT_normalized__16271.class,749,1479
engine-profiler/remotery/vis/extern/BrowserLib/WindowManager/Code/WindowManager.js,606,1478
util/num$uint_range__GT_normalized__16303.class,749,1477
internal/node$invert_map$iter__21692__21698$fn__21699$iter__21694__21703$fn__21704$fn__21705.class,836,1476
internal/node$type_name.class,809,1475
icons/64/Icons_25-AT-Image.png,1480,1475
dynamo/graph$make_tree_tracer.class,763,1473
javax/xml/bind/annotation/adapters/NormalizedStringAdapter.class,790,1473
com/cognitect/transit/impl/ReadHandlers$SetReadHandler.class,563,1472
internal/system$default_evaluation_context.class,756,1472
internal/graph$basis_perform_disconnect_arc_pkids.class,789,1471
_unpack/x86_64-win32/bin/lsp/lua/meta/3rd/Cocos4.0/library/cc/NavMesh.lua,437,1469
util/num$eval16208$fn__16209.class,749,1467
util/num$eval16201$fn__16202.class,749,1467
util/http_server$stop_BANG_.class,792,1467
util/num$eval16194$fn__16195.class,749,1467
internal/graph$basis_perform_connect_arc_pkids.class,791,1466
internal/graph$node_id__GT_node__19987.class,735,1461
org/jvnet/mimepull/FileData.class,738,1460
plumbing/fnk/schema$assert_distinct.class,814,1459
internal/system$undo_stack.class,829,1459
internal/node$attach_declared_properties_behavior.class,752,1458
util/bit_set$bit_set_QMARK_.class,737,1458
internal/node$output_arguments.class,782,1458
internal/node$property_type.class,786,1458
internal/system$redo_stack.class,830,1458
util/bit_set$hinted.class,778,1458
internal/util$deep_map_kv_helper$fn__6692.class,784,1456
internal/util$select_keys_deep$fn__6670.class,786,1456
util/macro$claim_conformed_symbol_name_BANG_$fn__131843.class,773,1456
util/path$to_path.class,835,1455
org/slf4j/event/Level.class,753,1454
internal/node$output_type.class,783,1454
_unpack/x86_64-win32/bin/lsp/lua/script/core/type-formatting.lua,460,1454
util/path$absolute.class,737,1453
internal/node$input_type.class,782,1452
dynamo/graph$make_tree_tracer$fn__23472$fn__23474.class,739,1451
builtins/fonts/font-df.vp,433,1451
dynamo/graph$make_tree_tracer$fn__23472$fn__23476.class,739,1451
util/path$normalized.class,735,1450
dynamo/graph$clear_property.class,790,1450
internal/graph$basis_revert_delete_nodes$fn__20307.class,777,1449
com/cognitect/transit/impl/WriteHandlers$ObjectWriteHandler.class,637,1449
util/eduction$random_sample__3888.class,724,1449
internal/java$public_implementation_QMARK_.class,841,1448
_unpack/x86_64-win32/bin/lsp/lua/script/meta/bee/socket.lua,387,1448
antlr/CSharpCharFormatter.class,799,1448
util/fn$memoize_any$memoized_fn__6885.class,782,1447
_unpack/x86_64-win32/bin/lsp/lua/meta/3rd/Cocos4.0/library/cc/MenuItemLabel.lua,409,1447
internal/node$apply_property_dependencies_to_outputs.class,761,1447
_unpack/x86_64-win32/bin/lsp/lua/meta/3rd/Cocos4.0/library/cc/NavMeshObstacle.lua,399,1447
internal/graph$basis_perform_add_nodes$fn__20186.class,780,1447
antlr/CppCharFormatter.class,816,1446
util/eduction$partition_all__3874.class,720,1446
javax/vecmath/Vector2f.class,730,1445
internal/util$detect_deletions.class,728,1445
camel_snake_kebab$fn__4840.class,791,1445
internal/transaction$ctx_delete_nodes$fn__22453.class,851,1445
util/eduction$keep_indexed__3839.class,719,1444
util/eduction$partition_by__3881.class,719,1444
internal/transaction$ctx_perform_clear_raw_property.class,718,1444
_unpack/x86_64-win32/bin/lsp/lua/script/core/diagnostics/need-check-nil.lua,514,1444
camel_snake_kebab$fn__4842.class,796,1443
util/eduction$take_while__3923.class,722,1443
util/bit_set$cardinality.class,730,1442
util/eduction$map_indexed__3853.class,718,1442
icons/tabs/ic_breakpoints-white.png,1447,1442
util/eduction$drop_while__3811.class,719,1441
internal/node$first_input_value_form.class,730,1440
com/googlecode/javaewah/datastructure/ImmutableBitSet$2.class,730,1440
com/googlecode/javaewah/symmetric/RunningBitmapMerge$1.class,589,1439
dynamo/graph$delete_node_BANG_.class,771,1438
internal/util$first_index_where.class,724,1438
util/eduction$interpose__3825.class,714,1438
_unpack/x86_64-win32/bin/lsp/lua/meta/3rd/Cocos4.0/library/cc/Repeat.lua,414,1437
util/diff$make_diff_output_lines_impl$unmodified_line__32058.class,771,1437
javax/vecmath/Vector2d.class,714,1437
util/eduction$replace__3902.class,715,1437
_unpack/shared/lua-annotations/zlib.lua,580,1436
lua-annotations/zlib.lua,580,1436
util/eduction$take_nth__3916.class,716,1436
internal/node$input_cardinality.class,789,1436
util/eduction$remove__3895.class,714,1435
util/num$eval16282$fn__16283.class,730,1435
com/googlecode/javaewah32/IteratorUtil32$1.class,645,1435
util/num$eval16266$fn__16267.class,729,1434
util/eduction$filter__3818.class,712,1433
util/num$eval16298$fn__16299.class,729,1433
internal/node$merge_property_dependencies$fn__21945$fn__21946.class,730,1433
antlr/NameSpace.class,820,1433
internal/node$check_argument_errors$fn__22039.class,845,1433
internal/java$combine_hashes.class,702,1432
doc/gamesys-model_ddf.proto_doc.sdoc,591,1432
util/eduction$mapcat__3860.class,712,1432
internal/graph$basis_perform_replace_override.class,752,1430
dynamo/graph$raw_property_value_STAR___23526.class,732,1430
internal/graph$basis_revert_replace_override.class,749,1429
internal/node$input_value_form.class,726,1429
util/eduction$take__3909.class,710,1428
util/eduction$keep__3832.class,709,1428
org/json/simple/parser/Yytoken.class,810,1427
internal/util$first_where.class,716,1426
util/eduction$map__3846.class,707,1426
util/eduction$drop__3804.class,708,1426
antlr/JavaCharFormatter.class,784,1425
_unpack/x86_64-win32/bin/lsp/lua/meta/3rd/Cocos4.0/library/cc/TileMapAtlas.lua,418,1424
util/debug_util$inspect_impl$fn__19059.class,757,1424
search-in-files-dialog.fxml,573,1424
internal/graph$eval19982$fn__19983.class,725,1423
builtins/materials/model_skinned_instanced.vp,597,1422
dynamo/graph$initialize_BANG_$low_memory_callback_BANG___23736$fn__23739.class,837,1421
util/debug_util$when_metrics.class,740,1418
icons/64/Icons_05-Project-info.png,1422,1417
antlr/TreeElement.class,742,1417
internal/util$deep_map$fn__6681.class,765,1417
engine-profiler/remotery/vis/extern/BrowserLib/Core/Code/Animation.js,565,1417
internal/transaction/InvalidateOutputTXC.class,664,1415
_unpack/x86_64-win32/bin/lsp/lua/script/meta/bee/select.lua,479,1415
util/eduction$eval3883$fn__3884.class,715,1413
internal/util$map_vals.class,711,1413
dynamo/graph$node_instance_match.class,741,1411
dynamo/graph$raw_property_value_STAR_.class,775,1411
internal/cache$fn__19612.class,759,1411
util/eduction$eval3869$fn__3870.class,713,1410
builtins/fonts/font.vp,437,1410
util/eduction$eval3918$fn__3919.class,712,1410
potemkin/namespaces$import_vars$unravel__23140$fn__23141.class,759,1410
util/digest$make_digest_output_stream.class,724,1409
util/eduction$eval3834$fn__3835.class,710,1409
util/eduction$eval3876$fn__3877.class,711,1409
icons/64/Icons_30-Render.png,1414,1409
util/eduction$eval3848$fn__3849.class,710,1408
util/eduction$eval3806$fn__3807.class,709,1408
net/objecthunter/exp4j/ArrayStack.class,804,1408
util/eduction$eval3897$fn__3898.class,709,1407
internal/java$invoke_class_method.class,726,1407
internal/node$apply_property_dependencies_to_outputs$fn__21953$fn__21954.class,763,1406
internal/util$count_where$fn__6659.class,802,1406
util/eduction$eval3820$fn__3821.class,706,1406
util/eduction$eval3890$fn__3891.class,709,1406
dynamo/graph$invalidate.class,763,1405
com/cognitect/transit/impl/WriteHandlers$IntegerWriteHandler.class,551,1405
com/googlecode/javaewah/IteratorUtil$1.class,635,1405
dynamo/graph$delete_node.class,763,1405
util/eduction$eval3911$fn__3912.class,706,1405
_unpack/x86_64-win32/bin/lsp/lua/meta/3rd/Cocos4.0/library/cc/PhysicsJointRatchet.lua,383,1404
internal/node$all_subtree_dependencies.class,727,1404
util/eduction$eval3813$fn__3814.class,706,1404
internal/transaction$node_id__GT_override_id.class,763,1403
util/eduction$eval3855$fn__3856.class,706,1403
internal/node$description__GT_input_dependencies$fn__21727.class,754,1403
internal/util$only_or_throw.class,812,1403
dynamo/graph$node_instance_QMARK_.class,742,1402
internal/transaction$next_override_id.class,749,1401
util/eduction$eval3827$fn__3828.class,703,1401
util/eduction$eval3904$fn__3905.class,703,1401
util/http_server$start_BANG_$reify__45704$fn__45706.class,784,1400
javax/ws/rs/core/Response$Status$Family.class,707,1400
util/digestable$digest_sequence_BANG_.class,694,1400
javax/xml/bind/PropertyException.class,568,1400
camel_snake_kebab$fn__4849$make_name__4858.class,734,1400
camel_snake_kebab$fn__4849$make_name__4880.class,733,1400
icons/64/Icons_11-Script-general.png,1405,1400
util/eduction$eval3841$fn__3842.class,703,1400
util/eduction$eval3799$fn__3800.class,704,1399
util/fn$memoize_two$memoized_fn__6879.class,764,1399
util/coll$search_with_path$fn__4184.class,750,1398
_unpack/x86_64-win32/bin/lsp/lua/meta/3rd/Cocos4.0/library/ccs/ComAttribute.lua,295,1397
internal/node$macro_expression_QMARK_.class,815,1396
internal/system$system_cache.class,758,1396
util/http_server$fn__45684.class,748,1395
util/id_vec/IdVec$reify__43238.class,742,1394
internal/node$property_behavior.class,758,1393
internal/node$update_fn_maps.class,723,1393
dynamo/graph$paste$fn__23613.class,776,1392
_unpack/x86_64-win32/bin/lsp/lua/meta/3rd/OpenResty/library/thread/exdata.lua,665,1392
util/crypto$secret_string.class,705,1392
plumbing/fnk/schema$fn__20424$union_input_schemata__20429$fn__20430$fn__20435.class,773,1391
internal/graph$override_traverse_fn.class,753,1391
util/http_server$allowed_methods.class,807,1390
dynamo/graph$update_property_ec.class,685,1390
internal/transaction$next_node_id.class,744,1389
util/coll$sort_by.class,720,1389
internal/cache$cache_encache.class,746,1389
com/cognitect/transit/impl/WriteHandlers$BooleanWriteHandler.class,542,1388
dynamo/graph$flattened_tx_data.class,761,1388
_unpack/x86_64-win32/bin/lsp/lua/meta/3rd/bee/library/bee/epoll.lua,321,1387
dynamo/graph$log_evaluation_context_scope_violation_exception_BANG_$fn__23266.class,793,1387
internal/system$full_invalidation_since_QMARK_.class,730,1385
util/text_util$character_count.class,812,1384
local_extensions$fn__45758.class,694,1384
_unpack/x86_64-win32/bin/lsp/lua/meta/template/bit.lua,238,1384
internal/transaction$ctx_perform_replace_override_root.class,684,1383
plumbing/core$interleave_all$fn__21047$helper__21048.class,735,1382
internal/transaction$ctx_revert_replace_override_root.class,681,1381
com/cognitect/transit/impl/URIImpl.class,647,1380
plumbing/fnk/impl$positional_fnk_form$fn__20868.class,790,1380
com/samskivert/mustache/Mustache$BlockSegment.class,633,1378
dynamo/graph$eval23521$fn__23522.class,708,1376
internal/low_memory$fn__18741.class,706,1375
antlr/debug/ParserAdapter.class,494,1375
org/slf4j/Logger.class,494,1375
internal/paper_tape$fn__18806.class,704,1375
_unpack/x86_64-win32/bin/lsp/lua/meta/3rd/Cocos4.0/library/cc/FlipX3D.lua,356,1374
org/jvnet/mimepull/MIMEParser$STATE.class,705,1374
_unpack/x86_64-win32/bin/lsp/lua/meta/3rd/Cocos4.0/library/cc/LabelAtlas.lua,360,1373
icons/64/Icons_32-Vertex-shader.png,1377,1372
internal/node$has_property_QMARK_.class,755,1372
_unpack/x86_64-win32/bin/lsp/lua/script/provider/spell.lua,487,1372
_unpack/x86_64-win32/bin/lsp/lua/meta/3rd/Cocos4.0/library/cc/Skybox.lua,387,1371
dynamo/graph$user_data_swap_BANG_$fn__23456.class,717,1370
internal/transaction$disconnect.class,724,1369
_unpack/x86_64-win32/bin/lsp/lua/meta/default utf8/UnityEngine.CrashReportHandler.lua,492,1369
util/http_server/types$fn__23759.class,711,1369
util/http_server$fn__45606.class,705,1369
util/thread_util$fn__25809.class,700,1369
builtins/manifests/ios/PrivacyInfo.xcprivacy,368,1368
builtins/manifests/osx/PrivacyInfo.xcprivacy,368,1368
internal/node$has_output_QMARK_.class,754,1368
internal/node$has_input_QMARK_.class,754,1366
_unpack/x86_64-win32/bin/lsp/lua/meta/3rd/Cocos4.0/library/cc/ClippingRectangleNode.lua,394,1366
camel_snake_kebab$fn__4849$fn__4860.class,744,1366
dynamo/graph$node_property_overridden_QMARK_.class,758,1366
internal/transaction$ctx_perform_add_override.class,675,1366
camel_snake_kebab$fn__4849$fn__4882.class,743,1366
antlr/RecognitionException.class,655,1365
internal/cache$cache_clear.class,748,1365
_unpack/x86_64-win32/bin/lsp/lua/meta/3rd/Cocos4.0/library/cc/ProgressTo.lua,373,1364
util/coll$reduce_partitioned$fn__4137.class,774,1364
util/digestable$fn__38740.class,700,1363
util/debug_util$fn__18987.class,700,1363
internal/transaction$connect.class,717,1363
internal/transaction$ctx_connect_arcs.class,730,1363
util/coll$sorted_assoc_in_empty_fn.class,767,1362
internal/java$invoke_no_arg_class_method.class,711,1361
internal/node/NodeTypeImpl$reify__21199.class,729,1361
util/path$last_modified_ms.class,750,1360
internal/system/UndoState$reify__23010.class,715,1358
util/fn$ifn_class_max_arity_raw.class,749,1357
plumbing/fnk/impl$positional_arg_bind_syms_and_body$fn__20836.class,729,1357
internal/node/NodeTypeImpl$reify__21197.class,723,1357
util/coll$remove_index.class,717,1356
util/text_util$fn__4366.class,699,1356
internal/node/NodeTypeImpl$reify__21201.class,722,1356
internal/node/NodeTypeImpl$reify__21205.class,723,1356
internal/system/UndoState$reify__23012.class,718,1356
internal/util$map_diff$fn__6575.class,760,1355
internal/node/NodeTypeImpl$reify__21195.class,722,1354
_unpack/x86_64-win32/bin/lsp/lua/meta/3rd/Cocos4.0/library/cc/ControlSaturationBrightnessPicker.lua,289,1354
internal/node/OverrideNode$reify__22153.class,717,1354
internal/node/OverrideNode$reify__22157.class,716,1354
antlr/debug/InputBufferEvent.class,726,1354
internal/node/OverrideNode$reify__22159.class,718,1353
internal/util$detect_and_apply_renames$fn__6770.class,697,1353
internal/node/ProtocolType$reify__21415.class,723,1353
internal/util$map__GT_sort_key.class,693,1353
internal/util$wrap_enum.class,752,1353
internal/node$gather_arguments_form$fn__22081.class,669,1352
dynamo/graph$make_node_BANG_.class,697,1352
internal/node/OverrideNode$reify__22151.class,716,1352
internal/node$trace_expr$fn__21120.class,733,1352
internal/system$fn__23002.class,697,1351
dynamo/graph$user_data_BANG_.class,719,1351
util/profiler$fn__25559.class,697,1351
internal/node$desc_has_property_QMARK_.class,728,1350
internal/cache$hit_many_lru.class,732,1350
internal/node/OverrideNode$reify__22155.class,715,1350
util/eduction$fn__3769.class,694,1350
util/crypto$encrypt_bytes.class,730,1349
internal/node/NodeTypeImpl$reify__21185.class,717,1349
dynamo/graph$node_property_dynamic$fn__23640.class,738,1348
internal/util$protocol_symbol_QMARK_.class,758,1348
internal/node/NodeTypeImpl$reify__21191.class,715,1347
util/http_server$fn__45688.class,766,1347
internal/node/SchemaType$reify__21369.class,722,1347
internal/node/NodeTypeImpl$reify__21189.class,715,1347
internal/system/UndoState$reify__23014.class,711,1347
meta_merge/core$fn__44503.class,697,1347
org/jvnet/mimepull/MIMEEvent$EVENT_TYPE.class,676,1346
internal/node$desc_has_output_QMARK_.class,725,1346
internal/cache$fn__19496.class,698,1345
internal/node/NodeTypeImpl$reify__21203.class,715,1345
util/bit_set$fn__63481.class,700,1345
internal/graph$fn__19920.class,699,1345
internal/node/ProtocolType$reify__21419.class,716,1345
internal/node$transform_properties_plumbing_map$fn__21731.class,727,1344
util/defonce$fn__6795.class,696,1344
internal/node$desc_has_input_QMARK_.class,725,1344
com/cognitect/transit/impl/WriteHandlers$TaggedValueWriteHandler.class,503,1344
internal/node/ClassType$reify__21393.class,722,1344
internal/node/NodeTypeImpl$reify__21193.class,714,1344
internal/node/NodeTypeImpl$reify__21187.class,713,1343
internal/node/ProtocolType$reify__21417.class,714,1343
plumbing/fnk/schema$fn__20388$split_schema_keys__20393$fn__20394.class,744,1343
plumbing/fnk/impl$schema_override.class,691,1343
util/http_server$fn__45694.class,745,1342
internal/graph$arcs_for_node.class,736,1341
util/diff$make_diff_output_lines_impl$inserted_line__32062.class,741,1341
com/samskivert/mustache/MustacheException.java,464,1341
internal/node/ValueTypeRef$reify__21447.class,712,1340
util/id_vec$fn__43231.class,698,1339
internal/node/SchemaType$reify__21367.class,715,1339
internal/node$fn__21114.class,693,1339
internal/node$transform_outputs_plumbing_map$fn__21735.class,722,1339
util/digest$fn__16879.class,696,1339
util/murmur$fn__42602.class,696,1339
antlr/LexerSharedInputState.class,643,1338
util/crypto$fn__6956.class,696,1338
internal/java$fn__6804.class,692,1338
util/ensure$fn__6782.class,692,1338
internal/node$fn__21855.class,784,1338
util/eduction$distinct__3797.class,687,1337
util/num$normalized__GT_unchecked_short__16392.class,717,1337
internal/node$transform_inputs_plumbing_map$fn__21739.class,723,1337
org/jvnet/mimepull/WeakDataFile$1.class,720,1337
internal/node/NodeImpl$reify__21497.class,715,1337
internal/node/NodeTypeRef$reify__21162.class,710,1337
util/diff$make_diff_output_lines_impl$deleted_line__32060.class,740,1337
internal/node/NodeImpl$reify__21499.class,714,1336
internal/node$maybe_inject_intrinsics.class,730,1336
icons/64/Icons_42-Layers.png,1341,1336
org/objectweb/asm/SymbolTable$Entry.class,580,1335
internal/node/ClassType$reify__21391.class,711,1335
potemkin/namespaces$import_vars$unravel__23140.class,704,1334
util/macro$fn__131841.class,696,1334
util/num$normalized__GT_unchecked_long__16422.class,712,1334
internal/node$fnk_expression_QMARK_.class,781,1334
util/num$normalized__GT_unchecked_byte__16377.class,714,1334
_unpack/x86_64-win32/bin/lsp/lua/meta/3rd/Cocos4.0/library/cc/NodeGrid.lua,398,1333
internal/graph$basis_plan_add_override.class,687,1333
util/coll$last_index_of__4153.class,685,1333
util/eduction$dedupe__3790.class,684,1333
util/array$fn__3657.class,693,1332
internal/system$replay_changes$fn__23070.class,710,1332
internal/transaction$perform_and_conj_change.class,704,1332
util/num$normalized__GT_unchecked_int__16407.class,710,1331
_unpack/x86_64-win32/bin/lsp/lua/meta/3rd/Cocos4.0/library/cc/SplitCols.lua,394,1329
internal/util$key_set.class,688,1329
util/repo$fn__131827.class,695,1328
util/time$fn__127973.class,695,1328
internal/node$annotations__GT_checked_arguments.class,680,1328
internal/node$has_flag_QMARK_.class,715,1327
util/coll$join_to_string.class,679,1327
util/diff$fn__32024.class,695,1327
util/task$fn__3634.class,693,1326
util/coll$fn__3927.class,692,1326
util/path$fn__6984.class,693,1326
com/googlecode/javaewah/datastructure/BitSet$2.class,682,1326
util/coll$merge_with$merged_value__4087.class,736,1325
antlr/debug/TraceEvent.class,731,1325
util/diff$lines__GT_edit_end.class,764,1325
util/coll$index_of__4146.class,677,1324
_unpack/x86_64-win32/bin/lsp/lua/meta/3rd/Cocos4.0/library/ccui/RichElementCustomNode.lua,368,1324
util/fn$with_memoize_info.class,712,1324
antlr/ParseTreeRule.class,781,1323
util/num$normalized__GT_unchecked_ushort__16399.class,706,1322
com/cognitect/transit/impl/ReadHandlers$VerboseTimeReadHandler.class,614,1322
util/coll$merge_with_kv$merged_value__4103.class,740,1322
internal/cache$cache_invalidate.class,725,1321
util/id_vec/IdVec$reify__43240.class,708,1321
editor/editor_extensions/coerce/RegexMatch,677,1321
internal/util$wrap_protocol.class,733,1321
util/num$fn__16135.class,692,1321
util/net$fn__74146.class,692,1321
com/cognitect/transit/impl/ReadHandlers$TimeReadHandler.class,660,1319
icons/64/Icons_14-Sprite.png,1324,1319
util/num$normalized__GT_unchecked_ubyte__16384.class,707,1319
plumbing/fnk/pfnk$fn__GT_fnk.class,740,1318
_unpack/x86_64-win32/bin/lsp/lua/meta/template/package.lua,422,1318
util/bit_set$of_capacity__inliner__63503.class,696,1317
util/digestable$fn__38815.class,722,1317
util/num$normalized__GT_short__16448.class,703,1317
util/num$normalized__GT_unchecked_uint__16414.class,703,1316
dynamo/graph$node_type.class,757,1315
internal/node$error_substituted_array_input_value$fn__22035.class,747,1315
internal/util$deep_keep_kv.class,642,1315
util/fn$fn__6839.class,690,1314
util/num$normalized__GT_byte__16430.class,702,1314
util/coll$aggregate_into$lookup_fn__4161.class,729,1314
util/path$attributes.class,710,1313
internal/util$deep_map_kv.class,644,1313
util/fn$memoize_one$memoized_fn__6873.class,709,1313
_unpack/x86_64-win32/bin/lsp/lua/meta/default utf8/UnityEngine.Serialization.lua,345,1312
cljs/core/async/impl/dispatch.cljs,625,1312
dynamo/graph$cache_output_values_BANG_.class,755,1311
internal/node$error_checked_array_input_value$fn__22025.class,743,1311
util/num$normalized__GT_int__16466.class,701,1311
internal/system$maybe_undo.class,699,1311
internal/cache$cache_hit.class,718,1310
internal/transaction$ctx_disconnect_arcs.class,709,1310
editor/defold_project/ProjectResourceListener,632,1310
antlr/LLkGrammarAnalyzer.class,463,1310
service/smoke_log$smoke_log.class,748,1310
util/eduction$eval3792$fn__3793.class,684,1309
plumbing/fnk/schema$fn__20424$union_input_schemata__20429$fn__20430.class,619,1309
util/text_util$search_string_numeric_QMARK_.class,784,1307
_unpack/x86_64-win32/bin/lsp/lua/meta/3rd/Cocos4.0/library/cc/MenuItemToggle.lua,353,1307
util/coll$first_index_where$fn__4265.class,738,1307
_unpack/x86_64-win32/bin/lsp/lua/meta/3rd/Cocos4.0/library/cc/BillBoard.lua,460,1307
internal/graph$lift_source_arcs$fn__20040$fn__20044$fn__20045.class,756,1307
plumbing/fnk/schema$fn__20574$split_schema__20579$fn__20580.class,731,1307
util/eduction$eval3785$fn__3786.class,681,1307
util/path$create_symlink_BANG_.class,701,1307
dynamo/graph$node_exists_QMARK_.class,716,1306
internal/node$fn__21181$__GT_NodeTypeImpl__21226.class,586,1306
util/http_server$start_BANG_$reify__45704$fn$reify__45714$fn__45715$fn__45722.class,731,1306
internal/java$fn__6809.class,744,1305
internal/transaction$realize_populate_overrides$fn__22496.class,692,1304
util/text_util$line_info_coll.class,699,1304
dynamo/graph$override_QMARK_.class,703,1304
internal/java$fn__6806.class,745,1303
util/eduction$cat__3780.class,671,1303
util/path$elements.class,760,1302
util/id_vec$iv_conj.class,769,1302
util/num$normalized__GT_ushort__16458.class,697,1302
util/num$ushort__GT_double__16248.class,695,1301
internal/transaction$ctx_revert_add_override.class,662,1301
util/coll$ptree.class,728,1301
engine-profiler/remotery/vis/Code/NameMap.js,420,1301
antlr/debug/ParserTokenEvent.class,680,1300
internal/util$maybe_expand_macros.class,787,1300
util/digestable$digest_map_BANG_$put_key_in_array_BANG___38787.class,704,1300
util/num$normalized__GT_ubyte__16440.class,695,1299
_unpack/x86_64-win32/bin/lsp/lua/meta/3rd/Cocos4.0/library/cc/Physics3DObject.lua,362,1299
_unpack/x86_64-win32/bin/lsp/lua/meta/3rd/Cocos4.0/library/ccs/InnerActionFrame.lua,268,1299
util/num$ubyte__GT_double__16241.class,693,1299
util/num$ushort__GT_float__16227.class,694,1299
internal/java$invoke_no_arg_constructor.class,697,1299
antlr/collections/impl/IndexedVector.class,646,1298
dynamo/graph$graph_value.class,716,1298
internal/node$declared_properties.class,664,1297
util/num$uint__GT_double__16255.class,692,1297
util/num$ubyte__GT_float__16220.class,695,1297
antlr/debug/SemanticPredicateEvent.class,679,1297
util/num$normalized__GT_uint__16476.class,693,1296
util/num$unchecked_ubyte__16142.class,688,1296
util/num$unchecked_ushort__16149.class,685,1296
util/num$uint__GT_float__16234.class,692,1295
_unpack/x86_64-win32/bin/lsp/lua/meta/3rd/Cocos4.0/library/cc/SplitRows.lua,382,1295
_unpack/x86_64-win32/bin/lsp/lua/script/SDBMHash.lua,511,1295
_unpack/x86_64-win32/bin/lsp/lua/meta/3rd/Cocos4.0/library/cc/TransitionScene.lua,405,1294
internal/graph$override_node_id_table_exclude.class,736,1293
util/num$unchecked_uint__16156.class,684,1293
scene/images/2d-mode.svg,609,1293
dynamo/graph$invalidate_outputs_BANG_.class,736,1292
util/coll$eval4148$fn__4149.class,672,1292
dynamo/graph$set_properties.class,655,1292
potemkin/macros.clj,522,1292
com/cognitect/transit/impl/WriteHandlers$LinkWriteHandler.class,508,1291
internal/graph$empty_graph.class,681,1291
antlr/debug/misc/ASTFrame$MyTreeSelectionListener.class,689,1291
_unpack/x86_64-win32/bin/lsp/lua/meta/3rd/Cocos4.0/library/ccs/Timeline.lua,296,1289
util/num$eval16386$fn__16387.class,706,1288
util/coll$eval4141$fn__4142.class,668,1288
internal/graph$arc_table__GT_pkid_vector.class,747,1287
_unpack/x86_64-win32/bin/lsp/lua/meta/3rd/Cocos4.0/library/cc/CardinalSplineTo.lua,431,1286
util/num$eval16416$fn__16417.class,703,1286
com/cognitect/transit/impl/ReadHandlers$RatioReadHandler.class,547,1286
util/num$eval16371$fn__16372.class,705,1286
util/coll$mapcat_indexed.class,694,1285
util/num$eval16401$fn__16402.class,702,1284
util/coll$primitive_vector_type.class,765,1284
util/coll$unanimous_value$fn__4280.class,726,1283
dynamo/graph$override_originals.class,689,1282
internal/node$should_def_fn_QMARK_.class,716,1281
util/diff$histogram_diff_strings.class,666,1280
dynamo/graph$set_properties_BANG_.class,661,1280
internal/node$attach_property_behaviors.class,670,1280
util/eduction$eval3775$fn__3776.class,669,1280
doc/dmsdk-graphics-graphics_opengl.h_doc.sdoc,378,1280
javax/vecmath/Color4f.class,678,1278
antlr/TokenStreamBasicFilter.class,656,1278
engine-profiler/remotery/vis/Code/SampleGlobals.js,287,1278
dynamo/graph$override_original.class,687,1278
util/num$eval16442$fn__16443.class,697,1278
util/num$eval16424$fn__16425.class,695,1276
antlr/DumpASTVisitor.class,776,1276
plumbing/fnk/impl$positional_arg_bind_syms_and_body.class,660,1275
util/fn$call_logger_calls.class,717,1275
util/num$eval16460$fn__16461.class,696,1274
templates/template.gui_script,375,1273
_unpack/x86_64-win32/bin/lsp/lua/meta/Lua 5.4 zh-cn utf8/bit.lua,206,1273
_unpack/x86_64-win32/bin/lsp/lua/meta/LuaJIT zh-cn utf8/bit.lua,206,1273
util/text_util$lines__GT_text_matches.class,669,1272
internal/graph$update_successors.class,649,1272
org/nibor/autolink/LinkExtractor$2.class,558,1272
internal/transaction/InvalidateTXC.class,610,1272
util/num$eval16394$fn__16395.class,694,1272
internal/transaction$override.class,683,1271
_unpack/x86_64-win32/bin/lsp/lua/meta/3rd/Cocos4.0/library/cc/Grid3D.lua,396,1271
util/num$eval16379$fn__16380.class,697,1270
_unpack/x86_64-win32/bin/lsp/lua/meta/3rd/Cocos4.0/library/ccs/Skin.lua,358,1270
icons/64/Icons_06-Game-object.png,1275,1270
util/coll$vals$reify__3950.class,636,1269
util/coll$keys$reify__3945.class,637,1269
util/macro$conform_gensym_BANG_.class,680,1268
util/num$eval16409$fn__16410.class,694,1268
com/cognitect/transit/impl/JsonParser$1.class,703,1267
internal/system$update_cache_from_evaluation_context$invalidated_during_node_value_QMARK___23107.class,677,1267
internal/util$fnk_arguments.class,704,1267
internal/node$attach_output_behaviors.class,663,1266
util/num$eval16243$fn__16244.class,689,1265
plumbing/fnk/impl$assert_unschematized.class,740,1265
internal/graph$dependencies$fn__20144$make_task_BANG___20145$fn__20146.class,624,1265
internal/node$attach_input_behaviors.class,664,1264
internal/util$seq_starts_with_QMARK_.class,729,1264
util/num$eval16222$fn__16223.class,691,1264
util/num$eval16236$fn__16237.class,689,1264
internal/java$combine_comparisons.class,656,1264
util/fn$ifn_class_arities_raw$fn__6888.class,759,1263
util/thread_util$swap_rest_BANG_.class,615,1263
util/num$eval16215$fn__16216.class,690,1263
util/num$eval16250$fn__16251.class,687,1263
util/num$eval16137$fn__16138.class,683,1262
org/slf4j/helpers/BasicMDCAdapter$1.class,573,1262
util/num$eval16229$fn__16230.class,689,1262
util/num$eval16450$fn__16451.class,690,1262
_unpack/x86_64-win32/bin/lsp/lua/meta/3rd/Cocos4.0/library/cc/RepeatForever.lua,331,1261
util/num$eval16144$fn__16145.class,682,1261
org/objectweb/asm/MethodTooLargeException.class,643,1261
internal/graph$basis_revert_add_override.class,651,1260
plumbing/fnk/pfnk$output_schema.class,727,1260
util/num$eval16432$fn__16433.class,687,1260
util/num$eval16151$fn__16152.class,681,1260
merge.fxml,450,1259
camel_snake_kebab$capitalize_http_header.class,729,1258
plumbing/fnk/pfnk$input_schema.class,724,1258
util/num$eval16468$fn__16469.class,686,1258
javax/ws/rs/ext/Providers.class,346,1258
dynamo/graph$node_override_QMARK_.class,737,1258
dynamo/graph$overrides.class,682,1258
internal/node$localize.class,640,1258
util/fn$partial.class,642,1257
dynamo/graph$take_node_ids.class,714,1257
util/http_server$url.class,706,1256
meta_merge/core$top_displace_QMARK_.class,696,1256
javax/vecmath/Point2f.class,615,1256
util/thread_util$swap_rest_BANG_$fn__25820.class,682,1255
org/jvnet/mimepull/MIMEEvent.class,574,1254
internal/node$cached_outputs_impl_raw$fn__21232.class,733,1254
javax/vecmath/Point2d.class,606,1253
_unpack/x86_64-win32/bin/lsp/lua/meta/3rd/Cocos4.0/library/cc/Application.lua,460,1253
com/cognitect/transit/impl/ReadHandlers$IntegerReadHandler.class,608,1252
internal/node$dollar_name.class,658,1252
builtins/manifests/android/dmengine.keep,591,1250
org/slf4j/helpers/NOPMDCAdapter.class,520,1249
internal/node$ordinary_property_labels.class,699,1249
com/cognitect/transit/impl/ReadHandlers$SpecialNumberReadHandler.class,624,1249
doc/dmsdk-gamesys-resources-res_data.h_doc.sdoc,551,1249
meta_merge/core$displace_QMARK_.class,689,1248
antlr/WildcardElement.class,656,1248
com/cognitect/transit/impl/ReaderFactory$1.class,529,1248
meta_merge/core$replace_QMARK_.class,687,1246
util/coll$fn__3998.class,722,1246
_unpack/x86_64-win32/bin/lsp/lua/meta/3rd/OpenResty/library/resty/memcached.lua,296,1246
util/coll$fn__4004.class,721,1246
internal/node$jammable_output_labels$fn__21299.class,730,1245
util/coll$fn__4001.class,723,1245
util/coll$fn__3995.class,718,1245
util/http_client$request$fn__8353$fn__8356.class,708,1244
internal/node$cached_outputs.class,717,1243
internal/node$node_type_deref_defaults_raw$fn__21477.class,729,1243
internal/node$abstract_output_labels$fn__21292.class,726,1243
internal/graph$override_originals.class,694,1243
com/samskivert/mustache/DefaultCollector$2.class,545,1242
internal/node$annotations__GT_checked_arguments$fn__22046.class,704,1241
_unpack/x86_64-win32/bin/lsp/lua/meta/3rd/Cocos4.0/library/cc/EventController.lua,342,1241
util/coll$aggregate_into$fn__4168.class,693,1240
dynamo/graph$endpoint_invalidated_pred$endpoint_invalidated_QMARK___23285.class,657,1238
_unpack/x86_64-win32/bin/lsp/lua/meta/3rd/Cocos4.0/library/cc/ActionFloat.lua,372,1237
util/fn$memoize_details$limited_assoc__6866.class,718,1236
_unpack/x86_64-win32/bin/lsp/lua/meta/3rd/OpenResty/library/resty/core/base.lua,386,1236
antlr/ActionElement.class,685,1235
icons/64/Icons_10-Collisiongroup.png,1240,1235
internal/node$group_node_type_forms.class,685,1235
internal/system$override_id_generator.class,678,1235
icons/64/Icons_26-AT-Sound.png,1239,1234
builtins/scripts/LICENSE,694,1234
internal/node$property_schema__GT_declared_schema.class,678,1233
internal/graph$arc_table_arcs.class,715,1233
util/text_util$lf__GT_crlf.class,696,1233
internal/node$fn__21797.class,702,1232
internal/java$fn__6812.class,723,1231
util/coll$keys.class,667,1231
internal/node$fn__21791.class,701,1231
util/coll$vals.class,669,1231
internal/node$fn__21785.class,702,1230
internal/util$detect_and_apply_renames.class,615,1230
dynamo/graph$callback_ec.class,646,1230
util/path$set_last_modified_ms_BANG_.class,655,1230
dynamo/graph$copy$serializer__23589.class,668,1229
internal/node$desc_input_substitute.class,658,1229
plumbing/fnk/schema$fn__20365$explicit_schema_key_map__20370$fn__20371.class,676,1228
antlr/CharLiteralElement.class,683,1228
internal/system$node_id_generator.class,673,1227
util/coll$first_index_where.class,671,1226
_unpack/x86_64-win32/bin/lsp/lua/meta/3rd/Cocos4.0/library/cc/Technique.lua,420,1225
internal/node$declared_properties_function_form$iter__22122__22126.class,606,1225
_unpack/x86_64-win32/bin/lsp/lua/meta/3rd/Cocos4.0/library/cc/LayerMultiplex.lua,442,1224
internal/util$parse_number.class,681,1224
dynamo/graph$deserialize_arc.class,668,1223
_unpack/x86_64-win32/bin/lsp/lua/meta/3rd/OpenResty/library/cjson/safe.lua,475,1221
javax/ws/rs/ext/MessageBodyWriter.class,378,1220
internal/util$parse_int.class,682,1219
com/googlecode/javaewah32/symmetric/UpdateableBitmapFunction32$1.class,496,1218
util/coll$find_values.class,659,1218
util/fn$ifn_class_arities_raw.class,678,1217
_unpack/x86_64-win32/bin/lsp/lua/meta/3rd/Cocos4.0/library/ccs/Frame.lua,320,1217
antlr/CommonToken.class,609,1217
dynamo/graph$expand_ec.class,643,1217
com/cognitect/transit/TransitFactory$Format.class,593,1216
antlr/NoViableAltForCharException.class,660,1214
_unpack/x86_64-win32/bin/lsp/lua/meta/3rd/skynet/library/skynet/db/mysql.lua,407,1213
internal/graph$find_arc_pkids_by_endpoint$fn__20163.class,679,1213
internal/system$assoc_user_data.class,616,1213
util/digestable$fn__38811.class,625,1213
util/murmur$hash32__42609.class,659,1212
dynamo/graph$tx_nodes_added.class,673,1212
internal/node$desc_has_multivalued_input_QMARK_.class,668,1212
util/murmur$hash64__42616.class,658,1212
util/coll$map_vals_kv.class,661,1211
internal/transaction$mark_nodes_outputs_activated$fn__22402$fn__22403.class,681,1210
dynamo/graph$transaction_basis.class,668,1209
internal/util$quoted_var_QMARK_.class,712,1209
util/coll$reduce_kv_EQ__GT_.class,582,1209
internal/node$desc_has_explicit_output_QMARK_.class,663,1208
util/path$fn__7056.class,675,1207
plumbing/fnk/schema$schema_key.class,679,1207
com/samskivert/mustache/DefaultCollector$3.class,531,1207
_unpack/x86_64-win32/bin/lsp/lua/meta/3rd/luassert/library/luassert/mock.lua,361,1206
util/coll$reduce_kv__GT_.class,577,1206
_unpack/x86_64-win32/bin/lsp/lua/meta/3rd/luv/library/uv_tty_t.lua,581,1205
util/path$directory_QMARK_.class,703,1205
util/path$move_BANG_.class,657,1205
internal/paper_tape$make_limiter.class,692,1204
com/cognitect/transit/impl/ReadHandlers$LinkReadHandler.class,501,1204
_unpack/x86_64-win32/bin/lsp/lua/script/core/diagnostics/close-non-object.lua,385,1204
_unpack/x86_64-win32/bin/lsp/lua/meta/3rd/Cocos4.0/library/cc/EventAssetsManagerEx.lua,303,1203
util/coll$reduce_EQ__GT_.class,578,1203
_unpack/x86_64-win32/bin/lsp/lua/meta/default utf8/UnityEngine.SearchService.lua,368,1203
internal/system$basis.class,660,1203
util/path$file_QMARK_.class,701,1202
builtins/materials/model_skinned.vp,472,1202
util/coll$map_vals.class,654,1202
_unpack/x86_64-win32/bin/lsp/lua/meta/3rd/luv/library/uv_fs_poll_t.lua,475,1201
internal/node$property_dynamics$iter__22098__22102.class,603,1201
util/coll$reduce__GT_.class,571,1200
util/coll$empty_with_meta.class,697,1200
util/fn$make_call_logger$fn__6941.class,654,1200
internal/transaction$mark_all_outputs_activated$fn__22398.class,678,1198
dynamo/graph$undo_stack_count.class,672,1198
icons/64/Icons_22-Model.png,1203,1198
util/http_server$json_response$fn__45657.class,676,1197
internal/util$group_into$fn__6547.class,618,1197
util/path$exists_QMARK_.class,697,1197
javax/vecmath/Color3f.class,642,1197
util/http_server$fn__45623.class,696,1197
internal/graph$lift_source_arcs$fn__20040$fn__20044.class,608,1196
internal/node$fn__21116.class,712,1196
local_extensions$fn__45772$fn__45773.class,685,1196
dynamo/graph$copy$fn__23600.class,706,1195
dynamo/graph$input_traverse.class,663,1195
internal/transaction$mark_outputs_activated$fn__22391.class,675,1194
_unpack/x86_64-win32/bin/lsp/lua/meta/3rd/Cocos4.0/library/ccs/SkeletonNode.lua,394,1194
internal/transaction$mark_input_activated$fn__22386.class,673,1192
internal/graph$find_arc_pkids_by_endpoint.class,613,1192
engine-profiler/remotery/vis/Code/PixelTimeRange.js,343,1190
util/coll$filterv__GT_.class,587,1189
internal/node$property_has_default_getter_QMARK_.class,648,1189
util/bit_set$empty_seq_or_bit_set_QMARK_.class,709,1188
util/murmur$eval42611$fn__42612.class,654,1187
util/murmur$eval42604$fn__42605.class,655,1187
builtins/manifests/ios/LaunchScreen.storyboardc/01J-lp-oVM-view-Ze5-6b-2t3.nib,744,1186
_unpack/x86_64-win32/bin/lsp/lua/meta/3rd/Cocos4.0/library/cc/ActionInterval.lua,354,1186
_unpack/x86_64-win32/bin/lsp/lua/meta/3rd/Cocos4.0/library/cc/TintBy.lua,357,1186
antlr/ANTLRStringBuffer.class,688,1186
_unpack/x86_64-win32/bin/lsp/lua/script/core/diagnostics/undefined-env-child.lua,453,1186
internal/node$invert_map.class,661,1185
internal/node$type_QMARK_.class,675,1184
internal/transaction$realize_make_override_nodes.class,584,1184
dynamo/graph$make_evaluation_context.class,626,1184
internal/graph$basis_revert_clear_raw_property.class,657,1184
icons/64/Icons_34-Gamepad.png,1189,1184
internal/graph$basis_perform_set_raw_property.class,654,1183
com/googlecode/javaewah32/FastAggregation32$2.class,534,1183
util/crypto$random_bytes.class,687,1183
doc/dmsdk-dlib-time.h_doc.sdoc,401,1183
internal/node$ref_QMARK_.class,673,1182
internal/graph$basis_revert_set_raw_property.class,653,1182
_unpack/x86_64-win32/bin/lsp/lua/meta/3rd/skynet/library/skynet/habor.lua,613,1182
cljs/core/async/interop.cljs,579,1182
com/googlecode/javaewah32/FastAggregation32$1.class,534,1182
com/googlecode/javaewah32/FastAggregation32$8.class,537,1181
_unpack/x86_64-win32/bin/lsp/lua/meta/3rd/Cocos4.0/library/cc/PhysicsShapeEdgeSegment.lua,380,1180
_unpack/x86_64-win32/bin/lsp/lua/meta/3rd/OpenResty/library/jit.lua,550,1180
com/googlecode/javaewah/symmetric/UpdateableBitmapFunction$1.class,491,1180
internal/util$deep_keep_kv_helper$fn__6717.class,636,1180
com/googlecode/javaewah32/FastAggregation32$3.class,537,1180
internal/util$pfnk_QMARK_.class,667,1179
internal/util$deep_map_kv_helper$fn__6697.class,643,1178
util/digestable$digest_array_BANG_.class,595,1178
util/http_server$router_handler.class,639,1178
util/coll$mapv__GT_.class,586,1177
internal/util$pfnk_form_QMARK_.class,694,1176
internal/cache$update_basic_cache.class,654,1176
dynamo/graph$node_by_id.class,632,1176
com/googlecode/javaewah32/FastAggregation32$5.class,518,1176
internal/node$wrap_constant_fns$fn__21916.class,635,1176
plumbing/core$aconcat$fn__20998.class,704,1175
com/googlecode/javaewah32/FastAggregation32$4.class,515,1175
dynamo/graph$override_predecessors$fn__23564.class,707,1175
doc/dmsdk-dlib-trig_lookup.h_doc.sdoc,377,1175
internal/graph$make_override.class,657,1174
_unpack/x86_64-win32/bin/lsp/lua/meta/3rd/skynet/library/skynet/profile.lua,640,1174
com/cognitect/transit/impl/ReadHandlers$UUIDReadHandler.class,589,1174
dynamo/graph$forget_logged_evaluation_context_scope_violations_BANG_.class,674,1173
org/nibor/autolink/internal/SpanImpl.class,605,1172
_unpack/x86_64-win32/bin/lsp/lua/script/core/diagnostics/unbalanced-assignments.lua,440,1172
javax/xml/bind/annotation/XmlAccessType.class,613,1169
dynamo/graph$cancel_BANG_.class,643,1168
util/coll$search_with_path$fn__4189.class,646,1168
dynamo/graph$clone_system.class,650,1166
dynamo/graph$update_cache_from_evaluation_context_BANG_.class,646,1166
antlr/RuleSymbol.class,598,1165
dynamo/graph$non_undoable.class,614,1165
_unpack/x86_64-win32/bin/lsp/lua/meta/3rd/Cocos4.0/library/cc/Sprite3DMaterial.lua,386,1161
internal/graph$pkid_vector__GT_arc_table.class,697,1160
internal/graph$explicit_arcs_by_target.class,614,1159
javax/ws/rs/core/UriInfo.class,431,1159
internal/graph$explicit_arcs_by_source.class,611,1159
util/array$from_type$fn__3757.class,654,1158
builtins/materials/model_instanced.vp,508,1156
util/array$of_type$fn__3742.class,652,1156
antlr/StringUtils.class,612,1156
_unpack/x86_64-win32/bin/lsp/lua/meta/3rd/Cocos4.0/library/cc/RotateBy.lua,285,1155
internal/transaction$successor_changes$fn__22424.class,612,1155
_unpack/x86_64-win32/bin/lsp/lua/meta/3rd/Cocos4.0/library/ccui/RadioButton.lua,391,1154
internal/system$undo_stack_revision.class,683,1154
internal/util$protocol_QMARK_.class,659,1154
com/cognitect/transit/impl/Emitter.class,394,1153
util/array$from$fn__3752.class,649,1153
util/digestable$fn__38831.class,583,1152
util/array$of$fn__3730.class,648,1151
internal/system$endpoint_invalidated_since_QMARK_.class,633,1150
dynamo/graph$initialize_BANG_.class,643,1150
scene/images/grid.svg,202,1150
_unpack/x86_64-win32/bin/lsp/lua/script/core/diagnostics/global-in-nil-env.lua,382,1150
_unpack/x86_64-win32/bin/lsp/lua/meta/default utf8/System.Runtime.Hosting.lua,280,1149
internal/java$load_class_BANG_.class,644,1149
internal/node$join_display_groups.class,668,1149
internal/graph$invalidate_graph_successors.class,609,1148
com/cognitect/transit/impl/WriteHandlers$ToStringWriteHandler.class,500,1147
util/debug_util$release_build_QMARK_.class,677,1147
_unpack/x86_64-win32/bin/lsp/lua/meta/3rd/Cocos4.0/library/cc/JumpBy.lua,358,1147
icons/64/Icons_07-Factory.png,1152,1147
plumbing/core$grouped_map$fn__20993.class,641,1146
com/googlecode/javaewah32/FastAggregation32$7.class,522,1145
com/googlecode/javaewah32/FastAggregation32$6.class,521,1144
internal/low_memory$find_tenured_generation_pool$fn__18751.class,659,1144
util/digestable$fn__38819.class,593,1143
internal/system$user_data.class,598,1143
util/array$fn__3660.class,680,1142
_unpack/x86_64-win32/bin/lsp/lua/meta/3rd/Cocos4.0/library/cc/Scheduler.lua,481,1142
util/digestable$fn__38827.class,591,1141
util/id_vec$iv_update_ids$fn__43284.class,683,1141
_unpack/x86_64-win32/bin/lsp/lua/meta/3rd/Cocos4.0/library/cc/TransitionFadeTR.lua,399,1141
com/googlecode/javaewah/FastAggregation$10.class,530,1141
com/googlecode/javaewah/FastAggregation$2.class,527,1141
util/eduction$mapcat_indexed.class,628,1141
internal/util$make_dedupe_fn$dedupe_fn__6756.class,674,1140
internal/graph$basis_plan_delete_nodes$fn__20290.class,692,1140
com/googlecode/javaewah/FastAggregation$1.class,525,1140
antlr/NoViableAltException.class,650,1139
_unpack/x86_64-win32/bin/lsp/lua/meta/3rd/Cocos4.0/library/cc/ScaleTo.lua,270,1139
util/task$with_open.class,604,1139
internal/graph$connected_QMARK_.class,563,1139
luajc$InputFile.class,629,1138
com/googlecode/javaewah/FastAggregation$4.class,526,1138
com/googlecode/javaewah/FastAggregation$9.class,541,1138
util/eduction$fn__3771.class,674,1138
util/coll$str_rf.class,595,1137
_unpack/x86_64-win32/bin/lsp/lua/meta/3rd/luv/library/uv_idle_t.lua,475,1137
com/googlecode/javaewah/FastAggregation$3.class,539,1137
util/path$create_directories_BANG_.class,638,1137
util/fn$fn__6850.class,668,1136
javax/xml/bind/annotation/adapters/HexBinaryAdapter.class,533,1136
internal/cache$miss_many_base.class,627,1134
util/digestable$fn__38825.class,585,1134
com/googlecode/javaewah/FastAggregation$6.class,510,1134
util/coll$default_assoc_in_empty_fn.class,641,1134
_unpack/x86_64-win32/bin/lsp/lua/script/brave/log.lua,425,1134
util/path$create_directory_BANG_.class,637,1133
internal/node$fn__21875.class,655,1133
com/googlecode/javaewah/FastAggregation$5.class,509,1133
_unpack/x86_64-win32/bin/lsp/lua/meta/default utf8/UnityEngine.Subsystems.lua,252,1132
util/crypto$cipher.class,654,1132
util/path$same_QMARK_.class,654,1131
engine-profiler/remotery/vis/Code/ThreadFrame.js,382,1131
internal/transaction$invalidate_output.class,627,1131
antlr/preprocessor/Option.class,526,1130
dynamo/graph$user_data_merge_BANG_.class,638,1130
internal/node$make_override_node.class,628,1130
internal/transaction$realize_populate_overrides$already_traversed_QMARK___22506$fn__22507.class,637,1129
_unpack/x86_64-win32/bin/lsp/lua/meta/3rd/Cocos4.0/library/cc/CameraBackgroundColorBrush.lua,325,1127
internal/transaction$clear_property.class,626,1127
editor/editor_extensions/runtime/EditorExtensionsRuntime,558,1126
org/jvnet/mimepull/DataFile.class,627,1126
antlr/debug/Tracer.class,582,1125
internal/graph$basis_plan_delete_nodes$fn__20296.class,632,1124
_unpack/x86_64-win32/bin/lsp/lua/meta/3rd/Cocos4.0/library/cc/PhysicsJointGear.lua,364,1122
icons/32/Icons_49-Collision-object.png,1125,1120
internal/graph$arc_table_dissoc_pkids.class,614,1119
internal/graph$connected_QMARK_$fn__20153.class,675,1119
util/eduction$partition_all.class,622,1119
_unpack/x86_64-win32/bin/lsp/lua/meta/3rd/Cocos4.0/library/ccui/CheckBox.lua,387,1117
_unpack/x86_64-win32/bin/lsp/lua/meta/3rd/luv/library/uv_async_t.lua,495,1117
icons/32/Icons_53-Url.png,967,1117
dynamo/graph$has_redo_QMARK_.class,633,1116
service/log$error.class,602,1116
util/debug_util$inspect_impl$fn__19056.class,617,1116
service/log$trace.class,604,1116
util/text_util$line_infos__GT_text_matches.class,572,1116
dynamo/graph$has_undo_QMARK_.class,631,1116
service/log$debug.class,602,1116
camel_snake_kebab$fn__4822.class,649,1115
plumbing/core$sum.class,591,1115
org/jvnet/mimepull/MIMEParser$1.class,620,1115
cljs/core/async/macros.clj,556,1115
internal/util$apply_deltas.class,597,1114
service/log$info.class,602,1114
service/log$warn.class,602,1114
_unpack/x86_64-win32/bin/lsp/lua/meta/3rd/luv/library/luv_dir_t.lua,431,1114
util/text_util$crlf__GT_lf.class,632,1113
antlr/Alternative.class,620,1113
org/jvnet/mimepull/MIMEMessage$1.class,608,1111
util/http_server/types$fn__23843.class,667,1110
_unpack/x86_64-win32/bin/lsp/lua/meta/3rd/Defold/library/html5.lua,555,1110
internal/node$display_group_QMARK_.class,655,1109
javax/vecmath/Color4b.class,612,1109
util/path$posix_file_permissions.class,628,1109
internal/transaction$realize_make_override_nodes$fn__22486$fn__22490.class,619,1108
_unpack/x86_64-win32/bin/lsp/lua/meta/3rd/Cocos4.0/library/ccui/LayoutParameter.lua,325,1108
util/http_server/types$fn__23827.class,664,1108
javax/xml/bind/ModuleUtil.class,529,1107
potemkin/PersistentMapProxy$1.class,593,1107
com/googlecode/javaewah/FastAggregation$8.class,513,1107
internal/node$fn__22147$map__GT_OverrideNode__22194.class,623,1106
internal/util$keyword__GT_label.class,631,1106
dynamo/graph$user_data.class,592,1106
util/debug_util$decimal_string.class,596,1106
com/samskivert/mustache/BasicCollector$1.class,575,1106
com/googlecode/javaewah/FastAggregation$7.class,513,1106
dynamo/graph$reset_undo_BANG_.class,620,1105
util/debug_util$inspect_impl$fn__19064.class,611,1105
internal/system$fn__23006$map__GT_UndoState__23029.class,617,1105
plumbing/core$interleave_all$fn__21047$helper__21048$fn__21049.class,617,1104
_unpack/x86_64-win32/bin/lsp/lua/meta/3rd/Cocos4.0/library/ccui/LinearLayoutParameter.lua,321,1104
util/fn$fn__6841.class,658,1102
internal/node$fn__21411$map__GT_ProtocolType__21434.class,623,1102
internal/node$fn__21181$map__GT_NodeTypeImpl__21228.class,620,1102
internal/node$fn__21443$map__GT_ValueTypeRef__21460.class,622,1102
util/http_server/types$fn__23859.class,663,1102
_unpack/x86_64-win32/bin/lsp/lua/script/core/diagnostics/code-after-break.lua,441,1102
antlr/debug/MessageEvent.class,607,1102
internal/paper_tape$fn__18818.class,650,1101
internal/paper_tape$fn__18878.class,649,1101
plumbing/core$defnk$take_if__21108.class,622,1101
dynamo/graph$form_references_evaluation_context_QMARK_.class,614,1101
dynamo/graph$redo_BANG_.class,617,1100
util/diff$insert_nop_edits$fn__32046.class,660,1100
dynamo/graph$undo_BANG_.class,616,1100
util/fn$fn__6844.class,656,1100
util/http_server/types$fn__23779.class,663,1100
util/http_server$path_content_type.class,623,1100
util/http_server/types$fn__23763.class,659,1099
internal/graph$basis_perform_update_graph_value.class,608,1099
util/http_server/types$fn__23811.class,660,1099
internal/node$fn__21158$map__GT_NodeTypeRef__21175.class,618,1099
util/eduction$cons.class,612,1098
util/http_server$make_status_response.class,601,1098
_unpack/x86_64-win32/bin/lsp/lua/meta/3rd/Cocos4.0/library/cc/ShaderCache.lua,326,1098
_unpack/x86_64-win32/bin/lsp/lua/meta/3rd/Cocos4.0/library/ccs/ActionScaleFrame.lua,282,1098
internal/paper_tape$fn__18894.class,648,1097
plumbing/core$interleave_all$fn__21047.class,611,1096
internal/node$fn__21363$map__GT_SchemaType__21383.class,623,1096
util/array$of_floats$fn__3748.class,622,1096
org/objectweb/asm/Context.class,527,1096
internal/system$merge_user_data.class,588,1095
dynamo/graph$update_property.class,541,1094
internal/util$distinct_by.class,592,1094
internal/util$update_paths$fn__6651.class,620,1094
util/array$of_type_impl$fn__3716.class,621,1094
internal/transaction$transfer_overrides.class,619,1094
internal/util$deep_keep$fn__6705.class,610,1093
_unpack/x86_64-win32/bin/lsp/lua/meta/3rd/Cocos4.0/library/cc/Device.lua,435,1093
antlr/TokenStreamRewriteEngine$RewriteOperation.class,591,1093
internal/node$fn__21387$map__GT_ClassType__21407.class,620,1093
util/fn$memoize_late_bound$memoized_fn__6909$fn__6913$throwing_lower_order_fn__6914.class,645,1093
icons/64/Icons_28-AT-Font.png,1098,1093
util/http_server/types$fn__23795.class,658,1093
internal/graph$arcs_by_source$fn__20089.class,573,1092
_unpack/x86_64-win32/bin/lsp/lua/script/meta/bee/thread.lua,322,1092
internal/util$deep_map$fn__6686.class,615,1091
internal/node$fn__21493$map__GT_NodeImpl__21514.class,619,1091
util/digestable$fn__38744.class,639,1091
org/slf4j/helpers/FormattingTuple.class,531,1091
dynamo/graph$fnk$fn__23334.class,623,1091
plumbing/fnk/schema$fn__20574$split_schema__20579$fn__20580$iter__20581__20585$fn__20586$fn__20587$iter__20588__20592.class,547,1091
_unpack/x86_64-win32/bin/lsp/lua/LICENSE,661,1090
_unpack/x86_64-win32/bin/lsp/lua/meta/3rd/luv/library/uv_fs_event_t.lua,409,1090
_unpack/x86_64-win32/bin/lsp/lua/meta/3rd/Cocos4.0/library/cc/TransitionSplitCols.lua,377,1090
_unpack/x86_64-win32/bin/lsp/lua/script/core/diagnostics/codestyle-check.lua,392,1090
icons/32/Icons_31-Material.png,1093,1088
net/objecthunter/exp4j/Expression$1.class,549,1088
properties.dtd,594,1088
util/http_server$error.class,600,1088
dynamo/graph$predecessors.class,566,1087
util/fn$make_case_fn.class,633,1085
_unpack/x86_64-win32/bin/lsp/lua/meta/3rd/bee/LICENSE,637,1085
com/cognitect/transit/impl/WriteHandlers$BinaryWriteHandler.class,475,1085
internal/graph$basis_perform_add_override.class,598,1085
com/samskivert/mustache/DefaultCollector$1.class,539,1085
util/path$symlink_target.class,637,1085
_unpack/x86_64-win32/bin/lsp/lua/script/plugins/ffi/cdefRerence.lua,420,1085
plumbing/fnk/schema$fn__20424$union_input_schemata__20429$fn__20430$fn__20431.class,644,1084
internal/system$merge_user_data$fn__23120$fn__23121.class,590,1084
util/coll$merge_with_kv$fn__4109.class,628,1084
internal/transaction$sequence_label.class,603,1083
dynamo/graph$serialize_arc.class,607,1083
util/digestable$fn__38817.class,598,1083
util/coll$merge_with$fn__4091.class,625,1081
_unpack/x86_64-win32/bin/lsp/lua/script/core/diagnostics/undefined-global.lua,510,1081
internal/low_memory$remove_callback_BANG_$fn__18763.class,596,1080
plumbing/core$unchunk.class,607,1079
internal/node$merge_display_order$fn__21610.class,647,1079
internal/util$into_multiple$fn__6728.class,585,1079
_unpack/x86_64-win32/bin/lsp/lua/meta/3rd/Cocos4.0/library/cc/TintTo.lua,324,1078
internal/cache$fn__19510.class,644,1078
util/id_vec$fn__43234$map__GT_IdVec__43254.class,615,1077
javax/xml/bind/annotation/XmlNsForm.class,553,1077
_unpack/x86_64-win32/bin/lsp/lua/meta/3rd/Cocos4.0/library/cc/MenuItemImage.lua,308,1075
internal/node$pruned_evaluation_context$fn__21529.class,632,1075
_unpack/x86_64-win32/bin/lsp/lua/meta/3rd/Cocos4.0/library/cc/RotateTo.lua,285,1075
internal/transaction$delete_node.class,602,1074
util/coll$preserving_reduced$fn__4244.class,643,1074
util/coll$transform__GT_$fn__4008.class,595,1074
plumbing/fnk/pfnk$fn__20714.class,641,1073
javax/xml/bind/annotation/XmlAccessOrder.class,549,1073
plumbing/fnk/schema$fn__20574$split_schema__20579$fn__20580$iter__20581__20585$fn__20586$iter__20611__20615.class,542,1071
javax/ws/rs/core/Variant$VariantListBuilder.class,487,1071
util/fn$multi_responds_QMARK_.class,593,1070
org/nibor/autolink/LinkExtractor$1.class,517,1070
internal/graph$arc_endpoints_p.class,648,1070
javax/ws/rs/core/MediaType$1.class,531,1069
dynamo/graph$restore_overridden_properties$iter__23676__23680.class,566,1069
dynamo/graph$tx_data_added_nodes.class,605,1069
internal/transaction$invalidate.class,597,1069
antlr/actions/python/ActionLexerTokenTypes.class,509,1068
internal/node$fn__21326.class,644,1068
util/digestable$ignored_key_QMARK_.class,636,1068
antlr/TokenQueue.class,665,1067
javax/xml/bind/ContextFinder$1.class,488,1067
internal/util$apply_if_fn.class,602,1066
plumbing/fnk/impl$process_schematized_map$fn__20774.class,635,1066
util/text_util$text_char_QMARK_.class,659,1066
internal/node$fn__21153.class,640,1065
internal/paper_tape$make_limiter$fn__18920.class,631,1065
dynamo/graph$tx_data_added_arcs.class,604,1064
_unpack/x86_64-win32/bin/lsp/lua/meta/default utf8/System.Runtime.ExceptionServices.lua,253,1063
internal/graph$arcs_by_source$fn__20085.class,552,1062
_unpack/x86_64-win32/bin/lsp/lua/script/core/diagnostics/unused-vararg.lua,403,1062
util/coll$merge_with_kv$fn__4114.class,589,1061
internal/node$fn__21146.class,638,1061
_unpack/x86_64-win32/bin/lsp/lua/meta/3rd/Cocos4.0/library/cc/EventListener.lua,390,1060
internal/graph$lift_source_arc$fn__20024.class,562,1060
internal/node$property_statics.class,557,1060
_unpack/x86_64-win32/bin/lsp/lua/meta/3rd/Cocos4.0/library/cc/PhysicsJointRotaryLimit.lua,286,1060
internal/node$desc_has_singlevalued_input_QMARK_.class,609,1060
internal/system$remove_deleted_user_data.class,577,1060
internal/node$fn__21130.class,638,1060
project.clj,477,1060
dynamo/graph$tx_data_step_types.class,600,1059
_unpack/x86_64-win32/bin/lsp/lua/meta/default utf8/UnityEngine.Accessibility.lua,426,1058
util/coll$separate_by$fn__4156.class,630,1057
util/fn$as_late_bound_fn.class,621,1057
util/coll$separate_by$fn__4158.class,630,1057
util/digestable$fn__38797$digest_simple_value_BANG___38798.class,581,1057
util/eduction$random_sample.class,586,1057
internal/paper_tape$fn__18908$__GT_PaperTape__18917.class,546,1057
internal/transaction$label.class,593,1057
internal/transaction$realize_transfer_overrides$fn__22607.class,578,1056
util/digest$fn__16896$fn__16897.class,528,1056
util/coll$path_map__GT_nested_map$fn__4236.class,602,1056
util/id_vec$xform_entries.class,562,1056
com/cognitect/transit/impl/MsgpackParser$1.class,606,1055
internal/graph$find_connected_arc_pkids$fn__20175.class,576,1055
internal/graph$override_node_id_table_next_pkid.class,630,1055
util/coll$merge_with$fn__4098.class,584,1055
_unpack/x86_64-win32/bin/lsp/lua/meta/3rd/Cocos4.0/library/cc/Console.lua,408,1053
com/googlecode/javaewah/datastructure/ImmutableBitSet$3.class,547,1053
internal/graph$add_node.class,580,1053
util/eduction$keep_indexed.class,579,1052
util/eduction$partition_by.class,581,1052
util/path$fn__7018.class,638,1052
com/cognitect/transit/impl/WriteHandlers$QuoteAbstractEmitter.class,480,1051
com/cognitect/transit/impl/ReadHandlers$BooleanReadHandler.class,494,1051
internal/util$vgr.class,610,1051
util/eduction$take_while.class,582,1051
dynamo/graph$form_references_evaluation_context_QMARK_$fn__23489.class,623,1050
doc/dmsdk-gamesys-resources-res_light.h_doc.sdoc,442,1050
_unpack/x86_64-win32/bin/lsp/lua/meta/3rd/Cocos4.0/library/cc/JumpTo.lua,331,1050
internal/system$set_undo.class,579,1050
service/log$log_expr$fn__7262.class,629,1050
util/eduction$map_indexed.class,579,1050
util/eduction$drop_while.class,581,1049
internal/java$combine_hashes$fn__6834.class,602,1049
util/coll$removing_update_in.class,574,1048
antlr/SynPredBlock.class,552,1048
plumbing/fnk/impl$any_schema_QMARK_.class,617,1048
internal/transaction$disconnect_sources.class,575,1047
com/cognitect/transit/impl/AbstractWriteHandler.class,429,1047
util/eduction$interpose.class,576,1046
com/googlecode/javaewah/datastructure/ImmutableBitSet$1.class,545,1046
util/digestable$fn__38823.class,607,1046
internal/cache$fn__19622.class,570,1045
antlr/collections/impl/ASTEnumerator.class,578,1045
internal/util$collify.class,631,1045
internal/transaction$mark_arc_targets_activated$fn__22394.class,604,1045
util/eduction$replace.class,580,1045
doc/dmsdk-dlib-align.h_doc.sdoc,397,1045
util/eduction$take_nth.class,578,1044
internal/transaction$realize_add_nodes$fn__22732.class,570,1044
com/cognitect/transit/impl/ReadHandlers$KeywordReadHandler.class,476,1044
util/eduction$remove.class,578,1043
icons/32/Icons_08-Collection-factory.png,1047,1042
util/eduction$filter.class,577,1041
internal/node$nil__GT_cached_nil.class,601,1040
com/cognitect/transit/impl/Constants.class,587,1040
plumbing/core$grouped_map.class,568,1040
util/eduction$mapcat.class,576,1040
riddley/Util.class,464,1040
com/samskivert/mustache/Mustache$StringSegment.class,481,1040
com/cognitect/transit/impl/AbstractParser$1.class,545,1039
com/cognitect/transit/impl/ReadHandlers$SymbolReadHandler.class,474,1039
goto-line.fxml,430,1039
_unpack/x86_64-win32/bin/lsp/lua/meta/3rd/bee/library/bee/platform.lua,329,1039
_unpack/x86_64-win32/bin/lsp/lua/meta/3rd/Cocos4.0/library/cc/PhysicsContactPreSolve.lua,295,1039
antlr/actions/csharp/ActionLexerTokenTypes.class,499,1039
dynamo/graph$override_predecessors$fn__23567$fn__23568.class,604,1038
antlr/actions/java/ActionLexerTokenTypes.class,493,1037
util/array$nth_boolean.class,614,1037
com/cognitect/transit/impl/ReadHandlers$CharacterReadHandler.class,482,1036
util/eduction$take.class,573,1036
internal/node$cached_nil__GT_nil.class,599,1036
javax/vecmath/Color3b.class,576,1036
antlr/actions/cpp/ActionLexerTokenTypes.class,495,1036
util/eduction$keep.class,572,1036
local_extensions$inject_jvm_properties.class,566,1035
util/fn$fn__6847.class,621,1035
internal/util$pfnkvar_QMARK_.class,613,1035
util/eduction$map.class,569,1034
com/cognitect/transit/impl/ReadHandlers$BinaryReadHandler.class,505,1034
util/eduction$cat.class,569,1034
internal/graph$lift_source_arcs$fn__20040$fn__20048.class,544,1034
util/eduction$drop.class,571,1034
util/coll$sorted_key_set.class,589,1033
internal/node$type_compatible_QMARK_$fn__21556.class,592,1032
internal/graph$arc_table_assoc_pkids.class,544,1032
_unpack/x86_64-win32/bin/lsp/lua/meta/3rd/Cocos4.0/library/cc/EaseRateAction.lua,343,1031
_unpack/x86_64-win32/bin/lsp/lua/script/core/diagnostics/redefined-local.lua,397,1031
antlr/debug/misc/JTreeASTPanel.class,580,1030
internal/graph$invalidate_all_successors.class,556,1030
_unpack/x86_64-win32/bin/lsp/lua/meta/default utf8/UnityEngine.Sprites.lua,261,1030
internal/transaction$realize_populate_overrides$already_traversed_QMARK___22506.class,561,1029
internal/node$attach_input_dependencies.class,557,1028
internal/node$unregister_type.class,568,1028
antlr/ZeroOrMoreBlock.class,553,1027
util/coll$search$fn__4176.class,588,1027
org/nibor/autolink/LinkType.class,551,1026
util/digest$sha256_hex_QMARK_.class,647,1026
_unpack/x86_64-win32/bin/lsp/lua/meta/3rd/Cocos4.0/library/cc/ActionCamera.lua,283,1024
util/digest$sha1_hex_QMARK_.class,644,1024
dynamo/graph$tx_data_added_node_ids.class,571,1024
antlr/OneOrMoreBlock.class,552,1023
dynamo/graph$undo_stack_revision.class,574,1023
util/eduction$distinct.class,564,1022
plumbing/core$distinct_by.class,580,1022
util/path$fn__7042.class,585,1022
icons/64/Icons_45-Collistionshape-convex-Sphere.png,1026,1021
_unpack/x86_64-win32/bin/lsp/lua/meta/3rd/Cocos4.0/library/cc/FadeTo.lua,350,1021
internal/node$named__GT_value_type_ref.class,615,1021
plumbing/fnk/pfnk$input_schema_keys.class,591,1020
plumbing/core$safe_get_in.class,593,1020
plumbing/fnk/impl$positional_fnk_form$fn__20870.class,603,1019
util/path$reroot.class,549,1019
util/eduction$dedupe.class,561,1018
_unpack/x86_64-win32/bin/lsp/lua/meta/3rd/Cocos4.0/library/cc/PhysicsShapeBox.lua,426,1018
icons/32/Icons_19-ParicleFX-Modifier.png,1022,1017
internal/graph$lift_target_arcs$fn__20060$fn__20061.class,592,1017
_unpack/x86_64-win32/bin/lsp/lua/meta/3rd/Cocos4.0/library/cc/ReuseGrid.lua,337,1017
dynamo/graph$defnode$fn__23385.class,587,1017
internal/node$without.class,557,1017
internal/node$merge_property_dependencies.class,556,1017
util/id_vec$iv_into$fn__43259.class,605,1016
util/digestable$digest_set_BANG_.class,510,1016
util/digestable$node_id_key_QMARK_.class,592,1015
internal/util$detect_deletions$fn__6766.class,614,1013
icons/32/Icons_43-Tilesource-Collgroup.png,1018,1013
internal/node$maybe_inject_intrinsics$fn__21765.class,606,1012
util/coll$ptree$parallel_child_results__4333$fn__4335$fn__4340.class,552,1011
_unpack/x86_64-win32/bin/lsp/lua/script/core/diagnostics/doc-field-no-class.lua,369,1011
antlr/CharQueue.class,647,1010
dynamo/graph$set_properties$fn__23433.class,584,1010
util/coll$fn__4284$fn__4285.class,609,1010
util/id_vec$iv_vals.class,570,1010
antlr/CommonAST.class,535,1008
engine-profiler/remotery/vis/Code/Shaders/Window.glsl,252,1008
util/coll$partition_all_float_arrays$fn__4121.class,587,1008
util/id_vec$iv_ids.class,570,1008
internal/cache$fn__19620.class,581,1008
_unpack/x86_64-win32/bin/lsp/lua/meta/3rd/Cocos4.0/library/cc/CameraBackgroundDepthBrush.lua,292,1007
util/path$create_parent_directories_BANG_.class,622,1007
internal/node$pruned_evaluation_context$fn__21527.class,585,1007
internal/node$maybe_macroexpand.class,607,1007
internal/node$ordered_property_setter_infos.class,593,1007
_unpack/x86_64-win32/bin/lsp/lua/script/core/diagnostics/duplicate-doc-param.lua,369,1007
dynamo/graph$make_override_traverse_fn.class,568,1005
_unpack/x86_64-win32/bin/lsp/lua/meta/default utf8/System.Runtime.DesignerServices.lua,264,1005
plumbing/fnk/schema$fn__20574$split_schema__20579$fn__20580$iter__20581__20585.class,524,1005
util/coll$comparable_value_QMARK_.class,605,1005
com/samskivert/mustache/Template$Key.class,545,1005
org/projectodd/shimdandy/impl/ClojureRuntimeShimImpl$1.class,484,1004
internal/util$stackify.class,595,1004
util/id_vec$iv_map_vals$fn__43273.class,590,1003
util/time$try_parse_instant.class,615,1003
util/digestable$node_id_entry_QMARK_.class,582,1003
util/num$normalized__GT_unchecked_int.class,633,1003
util/debug_util$gc_overhead_ns.class,596,1003
util/http_server$redirect.class,559,1003
util/num$normalized__GT_unchecked_short.class,633,1003
plumbing/fnk/schema$fn__20318.class,568,1002
_unpack/x86_64-win32/bin/lsp/lua/meta/3rd/Cocos4.0/library/cc/Skeleton3D.lua,306,1002
_unpack/shared/luajit/jit/zone.lua,420,1002
com/cognitect/transit/impl/ReadHandlers$BigIntegerReadHandler.class,464,1001
internal/transaction$disconnect_sources$iter__22916__22920.class,528,1000
icons/32/Icons_25-AT-Image.png,1004,999
com/googlecode/javaewah/datastructure/BitSet$3.class,540,999
util/num$normalized__GT_unchecked_byte.class,626,999
internal/graph$arcs_by_target$fn__20076.class,563,999
util/bit_set$with_set_indices_BANG_$fn__63495.class,585,997
util/debug_util$if_metrics.class,560,997
internal/node$unregister_value_type.class,548,996
antlr/build/StreamScarfer.class,594,996
util/fn$single_limited_assoc.class,552,995
org/jvnet/mimepull/DataHead$ReadOnceStream.class,548,994
com/cognitect/transit/impl/ReadHandlers$URIReadHandler.class,454,994
internal/util$pfnksymbol_QMARK_.class,595,994
internal/util$map_first$fn__6569.class,588,994
util/coll$some$fn__4268.class,611,993
icons/64/Icons_36-Texture.png,998,993
com/googlecode/javaewah/datastructure/BitSet$1.class,531,992
internal/util$into_multiple$fn__6739.class,570,991
internal/cache$cache_QMARK_.class,552,991
icons/32/Icons_23-Cubemap.png,996,991
internal/system$bump_invalidate_counters.class,527,989
util/num$normalized__GT_unchecked_long.class,617,988
util/coll$sort_by$compare_keys__4297.class,562,988
icons/32/Icons_54-Hash.png,699,987
icons/32/Icons_27-AT-Mesh.png,991,986
internal/util$distinct_by$step__6533$fn__6534.class,531,986
_unpack/x86_64-win32/bin/lsp/lua/script/core/diagnostics/name-style-check.lua,359,986
com/cognitect/transit/impl/ReadHandlers$DoubleReadHandler.class,451,985
com/samskivert/mustache/Template$Segment.class,502,985
util/digestable$digest_byte_array_BANG___38807.class,556,984
util/num$normalized__GT_int.class,626,984
util/num$normalized__GT_short.class,626,984
util/coll$pmapv$fn__4312$fn__4317.class,534,982
internal/transaction$conj_change.class,575,982
util/digest$completed_stream__GT_hex.class,578,982
_unpack/x86_64-win32/bin/lsp/lua/meta/template/jit.lua,360,982
internal/graph$cascade_delete_sources$fn__20097.class,593,981
internal/node$node_type_deref_QMARK_.class,550,980
util/array$nth_char.class,572,980
util/num$normalized__GT_byte.class,618,980
internal/graph$lift_target_arcs.class,515,979
dynamo/graph$predecessors$fn__23561.class,583,979
dynamo/graph$restore_overridden_properties$iter__23676__23680$fn__23681$fn__23682$iter__23683__23687.class,517,979
util/http_server$start_BANG_$reify__45704$fn__45708.class,599,979
javax/ws/rs/ext/FactoryFinder$1.class,509,978
internal/node$value_type_QMARK_.class,550,978
icons/64/Icons_41-GUI-Pie-node.png,983,978
util/coll$search$fn__4178.class,558,977
camel_snake_kebab$fn__4825.class,541,976
plumbing/fnk/impl$positional_info.class,553,976
util/array$nth_double.class,568,976
util/path$compare.class,547,976
util/array$nth_int.class,570,975
util/coll$ptree$parallel_child_results__4333$fn__4335$fn__4338.class,620,975
util/array$nth_long.class,560,974
util/array$nth_float.class,565,973
util/array$nth_short.class,566,973
internal/paper_tape$fn__18821.class,544,972
internal/paper_tape$fn__18881.class,542,972
_unpack/x86_64-win32/bin/lsp/lua/meta/3rd/Cocos4.0/library/cc/PhysicsShapeEdgeBox.lua,426,972
javax/xml/bind/ValidationException.class,393,972
internal/paper_tape$fn__18897.class,543,972
internal/paper_tape$fn__18832.class,544,972
internal/paper_tape$fn__18843.class,544,972
internal/paper_tape$fn__18854.class,544,972
internal/paper_tape$fn__18865.class,545,972
_unpack/x86_64-win32/bin/lsp/lua/script/core/diagnostics/spell-check.lua,353,972
util/http_server/types$fn__23766.class,548,970
util/array$nth_byte.class,569,970
icons/64/Icons_46-Collistionshape-convex-Cylinder.png,725,970
_unpack/x86_64-win32/bin/lsp/lua/script/core/find-source.lua,359,970
util/http_server/types$fn__23798.class,551,969
util/http_server/types$fn__23814.class,548,969
_unpack/x86_64-win32/bin/lsp/lua/meta/3rd/Cocos4.0/library/cc/FadeOutUpTiles.lua,345,969
util/http_server/types$fn__23782.class,549,969
util/http_server/types$fn__23830.class,549,969
util/http_server/types$fn__23846.class,550,969
util/http_server/types$fn__23862.class,549,969
util/num$normalized__GT_long.class,609,969
icons/32/Icons_30-Render.png,974,969
javax/xml/bind/UnmarshalException.class,396,969
internal/transaction$fn__22758$__GT_DeleteNodesTXC__22760.class,509,968
_unpack/x86_64-win32/bin/lsp/lua/meta/3rd/Cocos4.0/library/cc/PhysicsJointDistance.lua,316,968
doc/dmsdk-dlib-static_assert.h_doc.sdoc,489,968
plumbing/core$unchunk$fn__21002.class,573,967
internal/util$schema_QMARK_.class,543,967
util/num$short_range__GT_normalized.class,607,967
antlr/ParseTree.class,551,967
_unpack/x86_64-win32/bin/lsp/lua/meta/3rd/Cocos4.0/library/cc/TransitionSlideInL.lua,337,966
util/num$int_range__GT_normalized.class,609,965
diff.fxml,411,965
internal/node$defaults.class,568,965
util/num$byte_range__GT_normalized.class,605,964
internal/transaction$non_undoable.class,551,964
antlr/ASTIterator.class,574,964
internal/node$validate_property_values_impl$fn__21577.class,511,963
internal/graph$override_node_id_table_include$fn__19927.class,536,963
javax/xml/bind/MarshalException.class,392,963
util/coll$update_vals_kv$fn__4056.class,532,962
util/coll$update_vals_kv$fn__4052.class,531,962
internal/transaction$fn__22843$__GT_ReplaceArcTXC__22845.class,486,961
internal/util$guard$fn__6611.class,576,961
util/thread_util$preset_BANG_.class,529,961
internal/transaction$fn__22318.class,549,960
util/digest$fn__16896.class,564,960
plumbing/core$indexed.class,532,959
builtins/fonts/font-df-singlelayer.fp,335,959
dynamo/graph$restore_overridden_properties$iter__23676__23680$fn__23681$iter__23706__23710.class,518,959
util/array$nth_object.class,537,958
_unpack/x86_64-win32/bin/lsp/lua/meta/3rd/Cocos4.0/library/cc/MoveBy.lua,276,958
internal/transaction$fn__22316.class,547,958
util/array$array_QMARK_.class,599,957
util/num$long_range__GT_normalized.class,601,957
util/num$normalized__GT_short_double.class,606,957
util/coll$partition_all_primitives$fn__4129.class,567,957
util/coll$ptree$parallel_child_results__4333$fn__4335$fn__4342.class,619,957
internal/node$node_type_name_QMARK_.class,584,956
util/num$normalized__GT_byte_double.class,602,956
internal/transaction$ctx_perform_replace_arc.class,497,956
util/digestable$fn__38747.class,540,956
internal/node$update_fn_maps$fn__21899.class,539,955
internal/transaction$ctx_revert_replace_arc.class,496,955
util/num$normalized__GT_int_double.class,605,955
internal/node$jammable_output_labels.class,527,954
internal/node$abstract_output_labels.class,528,954
internal/transaction$fn__22776$__GT_OverrideTXS__22778.class,491,954
internal/transaction$new_txid.class,564,953
util/text_util$string__GT_text_match.class,568,953
util/digest$make_digest_input_stream.class,539,952
org/objectweb/asm/ClassTooLargeException.class,534,952
_unpack/x86_64-win32/bin/lsp/lua/meta/3rd/Cocos4.0/library/cc/TransitionTurnOffTiles.lua,346,951
icons/32/Icons_17-ParticleFX.png,956,951
javax/ws/rs/ext/MessageBodyReader.class,349,950
_unpack/x86_64-win32/bin/lsp/lua/meta/3rd/Cocos4.0/library/cc/TransitionSceneOriented.lua,309,950
internal/cache$evict_many_base$will_change__19605.class,598,950
plumbing/core$singleton.class,587,950
internal/graph$dependencies$fn__20144$make_task_BANG___20145.class,512,949
plumbing/fnk/schema$fn__20454$required_toplevel_keys__20459$fn__20460.class,517,949
_unpack/x86_64-win32/bin/lsp/lua/meta/3rd/Cocos4.0/library/cc/Blink.lua,306,948
internal/node$into_map.class,570,948
internal/util$first_rf.class,499,948
util/coll$every_QMARK_$fn__4274.class,578,948
util/num$normalized__GT_long_double.class,597,947
internal/node$into_set.class,571,946
internal/transaction$ctx_perform_delete_nodes.class,507,946
dynamo/graph$tree_trace_seq.class,528,946
plumbing/fnk/pfnk$fn__20717.class,541,946
util/coll$pmapv$fn__4312$fn__4315.class,603,946
internal/util$into_multiple$fn__6724.class,581,945
com/cognitect/transit/impl/WriteHandlers$NullWriteHandler.class,425,945
internal/util$conjv.class,569,945
_unpack/x86_64-win32/bin/lsp/lua/meta/3rd/Cocos4.0/library/ccs/ComExtensionData.lua,257,944
util/text_util$readable__GT_line_infos$fn__4398.class,552,944
camel_snake_kebab$fn__4849$convert_case_STAR___4856.class,496,942
camel_snake_kebab$fn__4849$convert_case_STAR___4878.class,494,942
util/pkid_vector$find_pkids_by_value.class,534,942
TestScript/TestDdf$DefaultValueOrBuilder.class,429,941
util/digestable$named_QMARK_.class,583,941
util/id_vec$iv_added_id.class,565,940
util/path$starts_with_QMARK_.class,567,940
internal/node$error_substituted_array_input_value$fn__22033.class,550,938
internal/node$transform_properties_plumbing_map.class,525,938
internal/transaction$fn__22794$__GT_UpdatePropertyTXS__22796.class,485,938
_unpack/x86_64-win32/bin/lsp/lua/meta/3rd/Cocos4.0/library/cc/DirectionLight.lua,281,938
icons/32/Icons_38-GUI.png,942,937
internal/cache$fn__19513.class,539,937
internal/cache$fn__19526.class,542,937
internal/cache$fn__19541.class,541,937
internal/cache$fn__19556.class,540,937
internal/cache$fn__19567.class,541,937
internal/cache$fn__19580.class,539,937
icons/32/Icons_50-Display-profiles.png,942,937
util/path$ends_with_QMARK_.class,566,936
_unpack/x86_64-win32/bin/lsp/lua/script/core/diagnostics/unknown-diag-code.lua,344,936
internal/node$error_checked_array_input_value$fn__22023.class,547,934
internal/transaction$fn__22540$__GT_RepointOverrideNodeTXC__22542.class,479,934
util/text_util$includes_re_pattern_QMARK_.class,570,933
builtins/materials/model.vp,380,933
dynamo/graph$callback.class,503,933
net/objecthunter/exp4j/ValidationResult.class,498,933
internal/node$fn__21329.class,540,932
internal/node$fn__21340.class,542,932
internal/node$fn__21351.class,541,932
_unpack/x86_64-win32/bin/lsp/lua/script/core/rangeformatting.lua,350,931
util/debug_util$print_stack_trace_BANG_$print_fn__19001.class,529,930
_unpack/x86_64-win32/bin/lsp/lua/meta/3rd/Cocos4.0/library/cc/MenuItem.lua,309,930
internal/node$transform_outputs_plumbing_map.class,524,930
internal/node$fn__21133.class,540,930
_unpack/x86_64-win32/bin/lsp/lua/meta/default utf8/System.Diagnostics.Contracts.Internal.lua,252,930
icons/32/Icons_05-Project-info.png,934,929
util/coll$pmapv$fn__4312$fn__4319.class,602,928
cljs/core/async/interop.clj,520,928
internal/node$transform_inputs_plumbing_map.class,522,927
util/http_server$port.class,549,927
_unpack/x86_64-win32/bin/lsp/lua/script/core/diagnostics/unknown-operator.lua,355,927
icons/32/Icons_13-Atlas.png,931,926
com/cognitect/transit/impl/Parser.class,295,926
util/debug_util$classpath.class,528,925
util/digestable$sha1s__GT_unordered_sha1_hex$fn__38834.class,570,925
_unpack/x86_64-win32/bin/lsp/lua/meta/3rd/Cocos4.0/library/ccs/ActionTimelineNode.lua,200,925
internal/node$merge_property_dependencies$fn__21945$fn__21946$fn__21947.class,541,925
util/coll$first_where$fn__4262.class,562,925
internal/graph$basis_perform_delete_nodes$fn__20303.class,537,924
plumbing/core$distinct_by$iter__21025__21029.class,505,924
internal/graph$node_id__GT_arcs.class,530,924
_unpack/x86_64-win32/bin/lsp/lua/meta/3rd/Cocos4.0/library/cc/ParticleExplosion.lua,267,923
_unpack/x86_64-win32/bin/lsp/lua/meta/3rd/Cocos4.0/library/cc/ParticleFireworks.lua,267,923
internal/graph$basis_revert_delete_nodes$fn__20309.class,537,923
dynamo/graph$update_graph_value.class,513,923
plumbing/core$aconcat.class,497,922
internal/graph$basis_perform_add_nodes$fn__20188.class,539,921
internal/graph$basis_revert_add_nodes$fn__20194.class,537,920
dynamo/graph$expand.class,497,919
util/thread_util$thread_uninterrupted_predicate$thread_uninterrupted_QMARK___25813.class,556,919
com/samskivert/mustache/Template$Context.class,499,919
plumbing/core$_unless_update$fn__20885.class,524,917
antlr/GrammarElement.class,518,917
com/cognitect/transit/TransitFactory$1.class,519,917
builtins/materials/model_skinned.material,348,916
plumbing/fnk/schema$possibly_contains_QMARK_.class,553,916
util/repo$detect_engine_sha1__131832$fn__131834.class,551,914
internal/util$distinct_by$fn__6529.class,531,913
util/http_server$local_url.class,507,913
dynamo/graph$tx_data_QMARK_$fn__23312.class,561,913
_unpack/x86_64-win32/bin/lsp/lua/meta/3rd/Cocos4.0/library/cc/EaseBezierAction.lua,296,912
icons/64/Icons_37-Texture-profile.png,720,912
internal/node$invert_map$iter__21692__21698$fn__21699$iter__21694__21703.class,491,912
internal/system$clear_undo.class,487,912
_unpack/x86_64-win32/bin/lsp/lua/script/core/diagnostics/unnecessary-assert.lua,395,911
internal/node$remove_annotations$fn__21927.class,522,909
icons/32/Icons_37-Texture-profile.png,914,909
editor/editor_extensions/coerce/Failure,501,909
plumbing/core$distinct_fast$fn__21022.class,570,909
internal/util$map_keys.class,492,908
antlr/debug/InputBufferReporter.class,427,908
internal/util$class_symbol_QMARK_.class,558,907
util/bit_set$into$reduce_fn__63535.class,529,907
templates/template.editor_script,274,907
_unpack/x86_64-win32/bin/lsp/lua/meta/3rd/Cocos4.0/library/cc/EaseElastic.lua,341,907
icons/32/Icons_18-ParticleFX-emitter.png,911,906
util/coll$list_or_cons_QMARK_.class,572,906
internal/graph$successors.class,496,906
scene/images/eye_icon_eye_arrow.svg,519,906
editor/editor_extensions/coerce/RegexFailure,498,905
_unpack/x86_64-win32/bin/lsp/lua/meta/Lua 5.4 zh-cn utf8/jit.lua,331,905
_unpack/x86_64-win32/bin/lsp/lua/meta/LuaJIT zh-cn utf8/jit.lua,331,905
util/path$fn__7021.class,533,905
plumbing/core$interleave_all.class,519,904
org/objectweb/asm/CurrentFrame.class,464,904
internal/node$fn__22147$__GT_OverrideNode__22192.class,477,904
org/jvnet/mimepull/CleanUpExecutorFactory.class,522,904
icons/32/Icons_48-Tilemap.png,908,903
util/num$normalized__GT_unchecked_ubyte.class,559,903
_unpack/x86_64-win32/bin/lsp/lua/meta/3rd/Cocos4.0/library/cc/SkewTo.lua,301,902
builtins/materials/model.material,341,900
util/http_server$start_BANG_$reify__45704$fn$reify__45714$fn__45715$fn__45717.class,525,900
internal/util$project.class,511,899
internal/cache$fn__19659$__GT_RetainingLRUCache__19676.class,474,899
internal/node$pull_first_input_with_substitute.class,481,898
internal/transaction$fn__22621$__GT_SetRawPropertyTXC__22623.class,475,898
internal/graph$find_arc_pkids.class,513,897
antlr/BlockContext.class,480,897
builtins/manifests/ios/LaunchScreen.storyboardc/UIViewController-01J-lp-oVM.nib,591,896
util/coll$every_QMARK_.class,499,896
editor/editor_extensions/graph/NodeIdWithAncestors,499,895
util/coll$flip.class,531,895
util/digestable$fn__38829.class,477,894
internal/node$pull_input_values_with_substitute.class,477,894
util/debug_util$stack_trace_impl$fn__18997.class,535,893
internal/transaction$successor_changes$fn__22426$fn__22434$fn__22443.class,507,893
plumbing/fnk/schema$schema_diff$iter__20498__20502.class,493,893
icons/32/Icons_33-Fragment-shader.png,898,893
internal/util$distinct_by$step__6533.class,496,892
internal/util$filter_vals.class,520,892
_unpack/x86_64-win32/bin/lsp/lua/meta/3rd/Cocos4.0/library/cc/GridAction.lua,348,892
icons/32/Icons_14-Sprite.png,895,890
dynamo/graph$undo_stack_revisions.class,525,889
_unpack/x86_64-win32/bin/lsp/lua/meta/3rd/Cocos4.0/library/cc/EventListenerTouchOneByOne.lua,253,888
antlr/TreeSpecifierNode.class,440,888
util/pkid_vector$assoc_pkids.class,488,888
util/path$byte_size.class,528,888
internal/graph$lift_source_arcs$fn__20034.class,546,887
_unpack/x86_64-win32/bin/lsp/lua/meta/3rd/Cocos4.0/library/cc/TransitionMoveInL.lua,324,887
util/id_vec$iv_count.class,526,886
util/path$resolve_normalized.class,508,886
dynamo/graph$comparable_exception_data$fn__23253.class,543,886
javax/xml/bind/ContextFinder$2.class,481,886
util/coll$update_vals_kv$fn__4050.class,523,885
dynamo/graph$invalidate_counters.class,521,885
util/coll$update_vals_kv$fn__4054.class,521,885
antlr/ASTPair.class,540,885
internal/cache$occupied_lru_entry_QMARK_.class,542,884
com/samskivert/mustache/MustacheException$Context.class,434,883
antlr/collections/impl/VectorEnumeration.class,519,883
plumbing/core$positions$fn__21009.class,530,882
_unpack/x86_64-win32/bin/lsp/lua/meta/3rd/Cocos4.0/library/cc/ParticleFlower.lua,264,881
_unpack/x86_64-win32/bin/lsp/lua/meta/3rd/Cocos4.0/library/cc/ParticleGalaxy.lua,266,881
_unpack/x86_64-win32/bin/lsp/lua/meta/3rd/Cocos4.0/library/cc/ParticleMeteor.lua,266,881
_unpack/x86_64-win32/bin/lsp/lua/meta/3rd/Cocos4.0/library/cc/ParticleSpiral.lua,263,881
util/coll$pair_map_by$value__GT_pair__4069.class,520,881
antlr/collections/impl/VectorEnumerator.class,518,881
internal/node$validate_property_values_impl.class,498,881
util/coll$pair_map_by$value__GT_pair__4073.class,516,881
antlr/TokenWithIndex.class,514,879
util/debug_util$nanos__GT_minutes.class,539,879
util/debug_util$nanos__GT_seconds.class,536,879
_unpack/x86_64-win32/bin/lsp/lua/meta/3rd/Cocos4.0/library/cc/Sequence.lua,280,878
util/debug_util$nanos__GT_millis.class,535,878
_unpack/x86_64-win32/bin/lsp/lua/meta/3rd/Cocos4.0/library/cc/Manifest.lua,292,877
dynamo/graph$disconnect_BANG_.class,485,877
internal/util$group_into$fn__6547$fn__6548.class,527,877
_unpack/x86_64-win32/bin/lsp/lua/meta/3rd/OpenResty/library/resty/lrucache/pureffi.lua,439,876
internal/system$next_node_id.class,508,875
_unpack/x86_64-win32/bin/lsp/lua/meta/default utf8/UnityEngine.SubsystemsImplementation.Extensions.lua,185,875
util/bit_set$with_set_indices_BANG_.class,475,875
antlr/collections/AST.class,406,874
internal/util$into_multiple$fn__6737.class,534,874
TestScript/TestDdf$Enum$1.class,465,873
com/cognitect/transit/impl/WriteHandlers$ArrayWriteHandler.class,405,873
internal/java$field_static_QMARK_.class,545,873
javax/vecmath/VecMathI18N.class,500,872
util/macro$conform_gensyms$fn__131851.class,511,872
editor/editor_extensions/runtime/Suspend,481,871
internal/transaction$realize_defaults$regular_node_value_fn__22658.class,498,871
internal/util$group_into$fn__6553.class,500,871
potemkin/namespaces$link_vars.class,474,871
internal/util$var_get_recursive.class,539,869
util/coll$merge_with_kv$fn__4106.class,517,868
util/macro$conform_gensyms$fn__131853.class,497,868
internal/util$only.class,531,868
util/coll$any_QMARK_.class,536,868
antlr/AlternativeElement.class,451,868
util/num$normalized__GT_unchecked_uint.class,548,867
_unpack/x86_64-win32/bin/lsp/lua/meta/3rd/Cocos4.0/library/cc/ParticleSmoke.lua,263,867
internal/transaction$finalize_applied_changes.class,479,867
internal/util$group_into$fn__6553$fn__6554.class,524,867
util/num$normalized__GT_unchecked_ushort.class,545,867
TestScript/TestDdf$TransformOrBuilder.class,383,866
_unpack/x86_64-win32/bin/lsp/lua/meta/3rd/Cocos4.0/library/ccs/ActionRotationFrame.lua,267,866
javax/ws/rs/core/Application.class,431,866
internal/transaction$successor_changes$fn__22426$fn__22434$fn__22441.class,516,866
util/coll$map_vals_kv$fn__4064.class,533,866
icons/64/Icons_50-Display-profiles.png,865,865
util/coll$merge_with$fn__4096.class,516,865
util/coll$default_parallelism.class,546,864
util/path$symlink_QMARK_.class,543,864
dynamo/graph$cache.class,514,864
util/coll$update_vals$fn__4027.class,518,863
util/coll$update_vals$fn__4031.class,516,863
dynamo/graph$unsafe_basis.class,517,862
plumbing/fnk/schema$fn__20454$required_toplevel_keys__20459$fn__20460$fn__20461.class,537,862
internal/graph$source_arc_table.class,520,861
internal/graph$target_arc_table.class,521,861
_unpack/x86_64-win32/bin/lsp/lua/meta/3rd/Cocos4.0/library/cc/AttachNode.lua,295,860
internal/paper_tape$revision.class,493,860
internal/system$new_undo.class,507,860
internal/node$verify_labels$fn__21673.class,508,859
internal/system$merge_user_data$fn__23120.class,488,859
dynamo/graph$override_predecessors$fn__23567.class,497,859
dynamo/graph$eager_tx_data$eager_tx_data_into__23294.class,467,859
internal/graph$override_node_id_table_locate$fn__19934.class,482,858
_unpack/x86_64-win32/bin/lsp/lua/meta/3rd/Cocos4.0/library/cc/FadeOutDownTiles.lua,317,858
internal/graph$override_node_id_table_locate$fn__19934$fn__19935.class,488,858
util/coll$update_vals$fn__4029.class,516,858
util/coll$update_vals$fn__4033.class,514,858
dynamo/graph$defnode$iter__23372__23376.class,485,857
dynamo/graph$make_print_tracer.class,518,857
util/path$hidden_QMARK_.class,537,857
javax/xml/bind/helpers/PrintConversionEventImpl.class,407,856
javax/xml/bind/helpers/NotIdentifiableEventImpl.class,408,856
javax/xml/bind/helpers/ParseConversionEventImpl.class,407,856
internal/util$group_into$fn__6551.class,506,855
_unpack/x86_64-win32/bin/lsp/lua/meta/3rd/Cocos4.0/library/cc/AsyncTaskPool.lua,283,855
_unpack/x86_64-win32/bin/lsp/lua/meta/3rd/Cocos4.0/library/cc/TiledGrid3D.lua,282,855
util/murmur$hash64_bytes.class,529,855
internal/node$maybe_wrap_constant_fn.class,515,854
internal/node$value_type_registry.class,508,854
internal/graph$overrides.class,515,854
_unpack/x86_64-win32/bin/lsp/lua/meta/3rd/Cocos4.0/library/cc/ParticleFire.lua,257,853
_unpack/x86_64-win32/bin/lsp/lua/meta/3rd/Cocos4.0/library/cc/ParticleRain.lua,260,853
_unpack/x86_64-win32/bin/lsp/lua/meta/3rd/Cocos4.0/library/cc/ParticleSnow.lua,260,853
dynamo/graph$now.class,513,853
dynamo/graph$defnode$iter__23351__23355.class,482,853
quick-help-view.fxml,399,853
_unpack/x86_64-win32/bin/lsp/lua/meta/3rd/Cocos4.0/library/cc/SkewBy.lua,294,852
_unpack/x86_64-win32/bin/lsp/lua/meta/3rd/Cocos4.0/library/cc/Component.lua,244,852
com/cognitect/transit/impl/ReadHandlers$BigDecimalReadHandler.class,409,852
org/jvnet/mimepull/MIMEEvent$Headers.class,409,852
internal/node$node_type_registry.class,506,852
antlr/CommonASTWithHiddenTokens.class,462,852
internal/util$filter_vals$iter__6590__6594.class,478,850
internal/java$instance_fields_raw.class,495,850
net/objecthunter/exp4j/operator/Operators$6.class,517,849
util/id_vec$iv_vec.class,475,849
net/objecthunter/exp4j/operator/Operators$8.class,517,849
internal/transaction$realize_transfer_overrides$fn__22557.class,486,848
_unpack/x86_64-win32/bin/lsp/lua/meta/3rd/Cocos4.0/library/cc/Event.lua,341,848
internal/node$display_group.class,491,847
org/jvnet/mimepull/FinalArrayList.class,421,847
javax/ws/rs/core/Request.class,357,847
util/http_client$request$invoke__Builder__DOT_header__8363.class,478,847
_unpack/x86_64-win32/bin/lsp/lua/meta/3rd/Cocos4.0/library/cc/BaseLight.lua,308,846
org/slf4j/impl/StaticMarkerBinder.class,467,846
editor/editor_extensions/vm/LuaVM,477,846
plumbing/fnk/schema$assert_distinct$fn__20322.class,537,846
dynamo/graph$node_kw_instance_QMARK_.class,479,845
engine-profiler/remotery/vis/extern/BrowserLib/WindowManager/Code/Container.js,346,844
icons/32/Icons_32-Vertex-shader.png,849,844
net/objecthunter/exp4j/tokenizer/OperatorToken.class,451,844
icons/32/Icons_12-Script-type.png,848,843
internal/transaction$fn__22533$__GT_ReplaceOverrideRootTXC__22535.class,455,842
_unpack/x86_64-win32/bin/lsp/lua/meta/3rd/Cocos4.0/library/ccui/RichElement.lua,350,841
internal/util$group_into$fn__6545.class,504,839
_unpack/x86_64-win32/bin/lsp/lua/meta/3rd/Cocos4.0/library/cc/ParticleSun.lua,258,839
internal/graph$basis_perform_delete_nodes$fn__20301.class,495,839
_unpack/x86_64-win32/bin/lsp/lua/script/core/diagnostics/missing-parameter.lua,360,839
icons/64/Icons_51-Collision-shape-convex.png,843,838
_unpack/x86_64-win32/bin/lsp/lua/script/core/diagnostics/await-in-sync.lua,351,838
internal/node$expand_node_types$fn__21604.class,541,837
internal/graph$propagate_source_arcs$fn__20052$fn__20053$fn__20054.class,503,837
util/pkid_vector$find_pkids.class,482,837
util/text_util$readable__GT_text_matches.class,454,837
_unpack/x86_64-win32/bin/lsp/lua/meta/3rd/Cocos4.0/library/cc/FadeOutBLTiles.lua,317,836
plumbing/core$distinct_fast.class,486,836
util/id_vec$iv_map_vals.class,478,836
potemkin/walk.clj,305,836
internal/transaction$fn__22807$__GT_UpdateGraphValueTXC__22809.class,459,836
antlr/debug/NewLineEvent.class,461,836
_unpack/x86_64-win32/bin/lsp/lua/meta/3rd/Defold/library/built-ins.lua,397,835
internal/graph$basis_revert_add_nodes$fn__20192.class,493,835
meta_merge/core$with_meta_STAR_.class,506,835
util/pkid_vector$dissoc_pkids.class,476,835
internal/transaction$fn__22626$__GT_ClearRawPropertyTXC__22628.class,463,835
plumbing/fnk/schema$guess_expr_output_schema$iter__20474__20478.class,463,834
dynamo/graph$flattened_tx_data_into.class,474,834
icons/64/Icons_09-Collection.png,839,834
util/http_server$fn__45609.class,496,833
antlr/collections/impl/LLEnumeration.class,483,833
internal/transaction$override_node_ids_removed_by_disconnect$node_id__GT_node__22850.class,488,832
internal/low_memory$find_tenured_generation_pool.class,485,832
_unpack/x86_64-win32/bin/lsp/lua/script/core/diagnostics/unknown-cast-variable.lua,350,832
internal/transaction$fn__22818$__GT_UpdateGraphValueTXS__22820.class,461,831
util/coll$first_where.class,464,830
util/path$resolve_sibling.class,482,830
_unpack/x86_64-win32/bin/lsp/lua/meta/3rd/Cocos4.0/library/cc/MoveTo.lua,237,829
plumbing/core$map_vals$fn__20890.class,499,829
plumbing/core$map_vals$fn__20888.class,499,829
_unpack/x86_64-win32/bin/lsp/lua/script/core/diagnostics/discard-returns.lua,348,829
_unpack/x86_64-win32/bin/lsp/lua/script/core/diagnostics/no-unknown.lua,359,829
internal/transaction$realize_transfer_overrides$fn__22559.class,488,828
plumbing/core$map_keys$fn__20907.class,498,828
internal/transaction$tx_step_added_nodes.class,498,828
javax/xml/bind/annotation/XmlElement.class,437,827
internal/transaction$ctx_perform_add_nodes.class,465,826
dynamo/graph$set_property_BANG_.class,472,826
util/coll$map_vals$fn__4061.class,507,826
internal/util$map_keys$fn__6564.class,498,825
shaders/mesh-preview.fp,360,825
util/text_util$text__GT_text_matches.class,451,825
internal/graph$basis_plan_delete_nodes$value__GT_pair__20284.class,513,823
internal/transaction$fn__22788$__GT_SetPropertyTXS__22790.class,460,823
util/coll$fn__4222$fn__4231.class,495,823
javax/xml/bind/annotation/XmlElementDecl.class,417,823
org/slf4j/helpers/NamedLoggerBase.class,466,823
util/thread_util$preset_BANG_$fn__25817.class,473,822
util/digestable$fn__38747$G__38743__38751.class,464,822
plumbing/core$cons_when.class,500,821
util/path$relativize.class,476,821
javax/xml/bind/annotation/adapters/XmlJavaTypeAdapter.class,403,821
antlr/CommonHiddenStreamToken.class,381,821
antlr/TokenManager.class,408,821
internal/graph$lift_source_arc$fn__20024$fn__20025.class,494,821
internal/system$update_user_data$fn__23117.class,477,821
internal/graph$arcs_by_source$fn__20085$fn__20086.class,496,820
icons/64/Icons_47-Tilesource.png,825,820
internal/graph$arcs_by_target$fn__20078$fn__20079.class,496,820
internal/graph$arcs_by_source$fn__20089$fn__20090.class,500,820
internal/graph$arcs_by_target$fn__20070$fn__20071.class,496,820
javax/xml/bind/annotation/XmlSchema.class,424,820
util/num$ushort_range__GT_normalized.class,507,819
util/repo$detect_editor_sha1__131837.class,503,819
icons/64/Icons_21-Light.png,693,818
util/num$ubyte_range__GT_normalized.class,503,818
util/path$absolute_QMARK_.class,523,818
javax/ws/rs/core/UriBuilderException.class,435,818
internal/transaction$tx_step_added_arc.class,497,817
_unpack/x86_64-win32/bin/lsp/lua/meta/3rd/Cocos4.0/library/cc/Animation3D.lua,276,817
util/num$uint_range__GT_normalized.class,508,817
util/coll$some.class,457,816
util/num$normalized__GT_ushort_double.class,512,816
util/path$resolve.class,469,816
builtins/materials/model_skinned_lit.material,350,816
internal/node$property_has_no_overriding_output_QMARK_.class,480,816
internal/transaction$ctx_revert_disconnect_arcs.class,469,815
internal/transaction$tx_step_QMARK_.class,491,815
javax/xml/bind/JAXBContext$1.class,433,815
util/num$normalized__GT_ubyte_double.class,508,815
scene/images/eye_closed.svg,377,815
util/thread_util$cancel_future_BANG_.class,493,814
util/num$normalized__GT_uint_double.class,510,814
_unpack/x86_64-win32/bin/lsp/lua/meta/3rd/Defold/library/http.lua,406,813
internal/transaction$ctx_perform_connect_arcs.class,469,813
plumbing/core$swap_pair_BANG_$fn__21072.class,476,813
plumbing/core$count_when.class,487,813
javax/xml/bind/GetPropertyAction.class,429,812
plumbing/core$get_and_set_BANG_.class,479,812
_unpack/x86_64-win32/bin/lsp/lua/meta/3rd/Cocos4.0/library/cc/PhysicsShapePolygon.lua,292,812
_unpack/x86_64-win32/bin/lsp/lua/meta/3rd/Cocos4.0/library/cc/Spawn.lua,283,812
com/cognitect/transit/impl/Cache.class,463,812
internal/transaction$non_undoable_QMARK_.class,488,812
util/pkid_vector$next_pkid.class,481,812
internal/transaction$ctx_revert_add_nodes$fn__22673.class,482,811
_unpack/x86_64-win32/bin/lsp/lua/meta/3rd/Cocos4.0/library/cc/PhysicsJointMotor.lua,290,811
internal/util$into_multiple$fn__6726.class,489,811
plumbing/fnk/impl$name_sym.class,468,810
util/crypto$base64__GT_bytes.class,488,810
internal/transaction$successor_changes$fn__22426$fn__22429.class,475,809
dynamo/graph$let_ec_strict_form$fn__23486.class,506,809
_unpack/x86_64-win32/bin/lsp/lua/script/core/diagnostics/redundant-return.lua,363,809
TestScript/TestDdf$RepeatedContainerOrBuilder.class,368,808
_unpack/x86_64-win32/bin/lsp/lua/meta/default utf8/System.Runtime.InteropServices.Expando.lua,223,808
internal/node$process_property_forms$iter__21809__21813.class,459,808
internal/cache$fn__19526$G__19507__19530.class,466,808
internal/transaction$fn__22824$__GT_CallbackTXS__22826.class,445,806
org/jvnet/mimepull/Chunk.class,414,806
net/objecthunter/exp4j/function/Functions$4.class,494,806
util/crypto$decrypt_string_base64.class,460,806
internal/node$group_node_type_forms$iter__21880__21884.class,459,805
org/jvnet/mimepull/MIMEEvent$Content.class,416,805
internal/transaction$successor_changes$fn__22426$fn__22431.class,475,805
util/coll$filterv__GT_$fn__4301.class,476,805
internal/cache$fn__19541$G__19499__19545.class,459,804
internal/transaction/NonUndoable.class,460,804
internal/transaction$ctx_add_nodes$fn__22449.class,477,804
util/coll$fn__4222$path_entries__4224$fn__4228.class,479,804
internal/transaction$successor_changes$fn__22426$fn__22427.class,473,804
util/coll$key_set.class,466,803
internal/transaction$fn__22526$__GT_ClearOverrideNodesTXC__22528.class,457,802
internal/transaction$fn__22903$__GT_ExpandTXS__22905.class,446,802
util/crypto$encrypt_string_base64.class,458,802
util/time$between.class,458,800
builtins/materials/model_lit.material,343,800
internal/util$make_dedupe_fn.class,483,800
util/coll$mapv__GT_$fn__4305.class,474,799
internal/node$merge_property_dependencies$fn__21945.class,456,798
util/crypto$decrypt_bytes_base64.class,458,798
icons/32/Icons_24-AT-Animation.png,802,797
util/id_vec$xform_entries$fn__43269.class,476,797
internal/transaction$ctx_invalidate_output.class,454,796
internal/transaction$perform_change.class,448,796
util/crypto$bytes__GT_base64.class,486,796
util/coll$descending_order.class,475,796
util/coll$ascending_order.class,475,795
internal/util$update_paths.class,468,795
util/coll$pair_map_by$value__GT_pair__4067.class,487,795
internal/node$expand_node_types.class,464,795
util/coll$pair_map_by$value__GT_pair__4071.class,486,795
internal/transaction$revert_change.class,445,794
internal/transaction$fn__22725$__GT_AddNodesTXC__22727.class,454,794
internal/transaction$realize_defaults$override_node_value_fn__22656.class,486,793
internal/util$map_diff.class,472,793
internal/util$filterm.class,473,793
util/array$empty_of_type_raw.class,489,793
_unpack/x86_64-win32/bin/lsp/lua/script/core/diagnostics/redundant-value.lua,370,793
util/coll$aggregate_into$lookup_fn__4164.class,467,792
util/coll$vals$reify__3950$fn__3951.class,464,792
dynamo/graph$default_override_init_fn.class,477,791
util/crypto$encrypt_bytes_base64.class,452,791
com/samskivert/mustache/BasicCollector$2.class,413,791
util/digest$digest_input_stream__GT_hex.class,471,790
dynamo/graph$cache_info.class,444,790
util/coll$keys$reify__3945$fn__3946.class,465,790
util/coll$fn__4222.class,463,789
util/coll$last_index_of.class,480,788
util/http_server/types$fn__23862$G__23858__23865.class,466,788
_unpack/x86_64-win32/bin/lsp/lua/meta/3rd/OpenResty/library/ngx/req.lua,410,788
internal/transaction$fn__22836$__GT_DisconnectArcsTXC__22838.class,450,787
util/coll$tree_xf$fn__4251.class,465,787
util/num$ushort__GT_double.class,487,787
util/num$ubyte__GT_double.class,487,786
_unpack/x86_64-win32/bin/lsp/lua/meta/3rd/Cocos4.0/library/cc/TransitionFade.lua,225,786
_unpack/x86_64-win32/bin/lsp/lua/meta/3rd/bee/library/bee/thread.lua,251,786
net/objecthunter/exp4j/tokenizer/NumberToken.class,464,786
antlr/ByteBuffer.class,507,785
util/num$uint__GT_double.class,483,785
plumbing/fnk/impl$ensure_schema_metadata.class,448,785
com/samskivert/mustache/MustacheParseException.class,410,785
util/num$unchecked_uint.class,480,784
util/text_util$text__GT_line_infos$fn__4401.class,475,784
internal/node$value_type_resolve.class,437,784
plumbing/fnk/schema$map_schema_QMARK_.class,488,784
internal/graph$find_connected_arc_pkids$fn__20173.class,477,783
internal/graph$find_connected_arc_pkids$fn__20171.class,477,783
internal/node$remove_annotations.class,453,783
_unpack/x86_64-win32/bin/lsp/lua/meta/3rd/Cocos4.0/library/ccs/ActionMoveFrame.lua,264,783
_unpack/x86_64-win32/bin/lsp/lua/meta/3rd/Cocos4.0/library/ccs/ActionTintFrame.lua,257,783
internal/system$fn__23006$__GT_UndoState__23027.class,448,783
util/num$unchecked_ushort.class,479,783
util/num$ushort__GT_float.class,488,783
util/num$ubyte__GT_float.class,486,782
plumbing/core$assoc_when$iter__20970__20974.class,454,782
internal/node$fn__21855$iter__21859__21863.class,447,782
internal/node$node_type_resolve.class,434,782
internal/node$extract_fn_arguments.class,453,781
util/num$unchecked_ubyte.class,479,781
internal/node$invert_map$iter__21692__21698.class,451,781
internal/transaction$fn__22831$__GT_ConnectArcsTXC__22833.class,450,781
util/num$uint__GT_float.class,486,781
com/samskivert/mustache/MustacheException.class,384,781
_unpack/x86_64-win32/bin/lsp/lua/script/core/formatting.lua,279,780
util/coll$index_of.class,473,779
javax/xml/bind/annotation/XmlType.class,404,779
internal/util$var_QMARK__BANG_.class,489,778
_unpack/x86_64-win32/bin/lsp/lua/meta/3rd/Cocos4.0/library/ccs/ActionFadeFrame.lua,253,778
dynamo/graph$defnode$iter__23387__23391.class,453,777
util/pkid_vector$eval18931$fn__18932.class,466,777
shaders/infinity-grid.fp,341,777
util/id_vec$fn__43234$__GT_IdVec__43252.class,471,776
dynamo/graph$clear_property_BANG_.class,453,776
util/coll$supports_transient_QMARK_.class,491,776
util/pkid_vector$pkid_vector__18936.class,460,776
util/murmur$hash32.class,479,775
internal/util$project$fn__6587.class,470,775
internal/node$wrap_constant_fns.class,451,774
util/eduction$eduction_QMARK_.class,475,774
internal/node$error_substituted_array_input_value$fn__22031.class,508,774
internal/transaction$ctx_perform_disconnect_arcs.class,452,774
internal/node$prop_type__GT_schema$fn__21547.class,475,773
util/murmur$hash64.class,471,773
dynamo/graph$set_graph_value_BANG_.class,445,772
icons/64/Icons_33-Fragment-shader.png,777,772
camel_snake_kebab$fn__4838.class,437,771
plumbing/fnk/impl$qualified_sym.class,449,771
util/text_util$readable__GT_line_infos.class,442,771
_unpack/x86_64-win32/bin/lsp/lua/meta/3rd/Cocos4.0/library/ccs/BatchNode.lua,291,771
internal/transaction$ctx_revert_connect_arcs.class,450,770
_unpack/x86_64-win32/bin/lsp/lua/meta/3rd/bee/library/bee/select.lua,244,770
internal/node$error_checked_array_input_value$fn__22021.class,503,770
antlr/CharBuffer.class,506,770
internal/transaction$fn__22967$__GT_InvalidateOutputTXS__22969.class,440,770
meta_merge/core$meta_STAR_.class,476,770
internal/transaction$fn__22958$__GT_InvalidateOutputTXC__22960.class,439,769
camel_snake_kebab$fn__4825$G__4821__4828.class,435,768
util/num$ushort__GT_long.class,470,768
org/slf4j/helpers/Util$ClassContextSecurityManager.class,382,768
internal/node$fn__21411$__GT_ProtocolType__21432.class,448,768
util/digestable$digest_raw_BANG_.class,461,768
util/num$ubyte__GT_long.class,469,767
dynamo/graph$paste$fn__23615.class,463,767
service/smoke_log$fn__25067.class,460,767
internal/transaction$fn__22801$__GT_ClearPropertyTXS__22803.class,438,766
_unpack/x86_64-win32/bin/lsp/lua/meta/3rd/Cocos4.0/library/cc/PointLight.lua,268,766
internal/graph$override_by_id.class,471,766
util/http_server$fn__45630.class,461,766
util/num$uint__GT_long.class,468,766
util/coll$not_empty.class,483,765
antlr/TokenSymbol.class,400,765
util/debug_util$metrics_enabled_QMARK_.class,486,765
internal/node$node_type_QMARK_.class,480,765
org/jvnet/mimepull/MIMEParsingException.class,381,765
internal/graph$basis_plan_delete_nodes$fn__20279.class,460,763
util/digest$stream__GT_sha256_hex.class,475,763
_unpack/x86_64-win32/bin/lsp/lua/meta/3rd/luv/library/uv_prepare_t.lua,309,762
internal/node$alias_of.class,453,761
internal/node$check_argument_errors$fn__22041.class,500,761
_unpack/x86_64-win32/bin/lsp/lua/meta/3rd/Cocos4.0/library/ccs/SceneReader.lua,270,761
util/debug_util$running_tests_QMARK_.class,487,761
builtins/materials/model_lit.fp,405,760
internal/graph$node_id__GT_node.class,466,760
internal/node$display_group$fn__21595.class,456,760
util/path$fn__7040.class,475,760
javax/xml/bind/annotation/XmlElementRef.class,407,760
util/text_util$text__GT_line_infos.class,439,759
util/digest$stream__GT_sha1_hex.class,472,759
internal/util$predicate_QMARK_.class,482,759
internal/transaction$fn__22463$__GT_AddOverrideTXC__22465.class,430,758
icons/32/Icons_07-Factory.png,763,758
com/googlecode/javaewah/Buffer.class,399,758
util/http_server$fn__45674.class,451,757
internal/graph$node_by_id_at.class,470,757
internal/util$replace_top.class,447,757
icons/32/Icons_47-Tilesource.png,762,757
icons/app.iconset/icon_16x16.png,760,755
_unpack/x86_64-win32/bin/lsp/lua/meta/3rd/Cocos4.0/library/ccs/PositionFrame.lua,197,755
antlr/debug/SyntacticPredicateEvent.class,427,755
com/googlecode/javaewah32/Buffer32.class,394,755
_unpack/x86_64-win32/bin/lsp/lua/meta/3rd/Cocos4.0/library/cc/PageTurn3D.lua,314,754
com/samskivert/mustache/Mustache$1.class,439,754
_unpack/x86_64-win32/bin/lsp/lua/meta/default utf8/UnityEngine.Internal.lua,217,754
com/cognitect/transit/impl/ReadHandlers$IdentityReadHandler.class,361,754
dynamo/graph$copy$fn__23592$fn__23597.class,461,754
util/digestable$digest_header_BANG_.class,451,754
icons/32/Icons_61-Buffer.png,759,754
internal/util$removev.class,443,753
util/digestable$fn__38821.class,444,753
plumbing/core$positions.class,452,753
util/coll$not_every_QMARK_.class,441,753
net/objecthunter/exp4j/operator/Operators$7.class,446,752
org/slf4j/MDC$MDCCloseable.class,426,752
internal/node$named_QMARK_.class,472,752
com/samskivert/mustache/Template$Fragment.class,427,752
util/digest$string__GT_sha256_hex.class,461,752
internal/graph$basis_perform_disconnect_arcs.class,455,750
internal/graph$basis_revert_disconnect_arcs.class,455,750
util/path$path_QMARK_.class,477,749
_unpack/x86_64-win32/bin/lsp/lua/meta/default utf8/UnityEngine.Profiling.Experimental.lua,288,749
engine-profiler/remotery/vis/extern/BrowserLib/Core/Code/LocalStore.js,279,748
javax/xml/bind/annotation/adapters/XmlAdapter.class,365,748
builtins/materials/model_skinned_instanced.material,306,748
util/digest$string__GT_sha1_hex.class,459,748
internal/util$map_first.class,449,748
_unpack/x86_64-win32/bin/lsp/lua/script/provider/semantic-tokens.lua,307,748
dynamo/graph$set_property.class,449,747
javax/xml/bind/annotation/XmlSchemaType.class,414,747
_unpack/x86_64-win32/bin/lsp/lua/meta/3rd/luv/library/uv_req_t.lua,363,746
com/cognitect/transit/impl/ReadHandlers$NullReadHandler.class,359,746
com/samskivert/gwt/com/samskivert/mustache/DefaultCollector.java,386,746
util/http_server$fn__45666$__GT_ServerWithHandler__45668.class,429,745
dynamo/graph$add_node.class,451,745
icons/32/Icons_11-Script-general.png,749,744
builtins/materials/model.fp,350,744
internal/util$detect_renames$fn__6762.class,460,744
icons/16/Icons_04-Project-file.png,749,744
javax/xml/bind/ContextFinder$4.class,415,744
net/objecthunter/exp4j/tokenizer/Token.class,450,744
util/coll$not_any_QMARK_.class,442,743
luajc$LocalClassLoader.class,431,743
_unpack/x86_64-win32/bin/lsp/lua/meta/3rd/Cocos4.0/library/cc/ActionEase.lua,278,742
javax/xml/bind/ServiceLoaderUtil$ExceptionHandler.class,367,742
internal/transaction$tx_step_type.class,432,741
_unpack/x86_64-win32/bin/lsp/lua/meta/3rd/Cocos4.0/library/cc/TransitionShrinkGrow.lua,283,740
util/digest$stream__GT_sha256.class,466,740
_unpack/x86_64-win32/bin/lsp/lua/meta/3rd/luv/library/uv_check_t.lua,304,739
dynamo/graph$pruned_evaluation_context.class,443,739
_unpack/x86_64-win32/bin/lsp/lua/meta/3rd/Cocos4.0/library/ccs/ComRender.lua,257,739
_unpack/x86_64-win32/bin/lsp/lua/meta/3rd/skynet/library/skynet/muliticast.lua,406,739
util/coll$tree_xf.class,443,737
util/digest$stream__GT_sha1.class,465,736
internal/cache$fn__19567$G__19509__19570.class,441,735
util/time$since.class,423,735
util/path$resolve_proj_path$invoke__Path__DOT_resolve__7073.class,452,734
internal/cache$fn__19513$G__19505__19516.class,439,733
_unpack/x86_64-win32/bin/lsp/lua/meta/3rd/Cocos4.0/library/cc/TransitionCrossFade.lua,288,733
builtins/materials/model_instanced.material,300,732
icons/32/Icons_55-123.png,639,732
_unpack/x86_64-win32/bin/lsp/lua/meta/Lua 5.4 zh-cn utf8/table/clear.lua,544,732
_unpack/x86_64-win32/bin/lsp/lua/meta/LuaJIT zh-cn utf8/table/clear.lua,544,732
util/thread_util$throw_if_interrupted_BANG_.class,458,731
util/digest$message_digest__GT_hex.class,454,730
_unpack/x86_64-win32/bin/lsp/lua/script/provider/inlay-hint.lua,302,730
dynamo/graph$always_override_traverse_fn__23619.class,452,729
dynamo/graph$never_override_traverse_fn__23621.class,450,729
util/digest$string__GT_sha256.class,457,729
_unpack/x86_64-win32/bin/lsp/lua/script/provider/code-lens.lua,294,729
_unpack/shared/luajit/jit/dis_mips64r6el.lua,324,728
icons/32/Icons_06-Game-object.png,733,728
util/path$delete_BANG_.class,453,727
_unpack/x86_64-win32/bin/lsp/lua/meta/3rd/OpenResty/library/ngx/resp.lua,363,727
_unpack/x86_64-win32/bin/lsp/lua/meta/default utf8/System.Data.Sql.lua,211,727
util/path$fn__7046.class,460,726
util/thread_util$abortable_identity_BANG_.class,433,726
icons/64/Icons_03-Builtins.png,731,726
dynamo/graph$default_override_properties_by_node_id.class,448,726
util/digest$string__GT_sha1.class,456,725
_unpack/x86_64-win32/bin/lsp/lua/meta/default utf8/System.Windows.Input.lua,198,725
util/coll$pmapv$fn__4327.class,449,725
util/text_util$search_string__GT_re_pattern$fn__4421.class,451,725
antlr/RuleEndElement.class,434,724
icons/32/Icons_26-AT-Sound.png,729,724
internal/util$guard.class,426,723
_unpack/x86_64-win32/bin/lsp/lua/meta/3rd/example/config.json,333,723
util/http_server/types$fn__23846$G__23842__23848.class,440,723
_unpack/x86_64-win32/bin/lsp/lua/script/core/diagnostics/missing-global-doc.lua,335,723
util/fn$fn__6933$__GT_PartialFn__6936.class,425,722
_unpack/x86_64-win32/bin/lsp/lua/meta/3rd/Cocos4.0/library/cc/GLViewImpl.lua,266,721
_unpack/x86_64-win32/bin/lsp/lua/meta/default utf8/System.Diagnostics.CodeAnalysis.lua,199,720
util/http_server/types$fn__23830$G__23826__23832.class,437,719
org/slf4j/impl/StaticMDCBinder.class,434,718
internal/transaction$fn__22782$__GT_TransferOverridesTXS__22784.class,426,718
_unpack/shared/luajit/jit/dis_mips64el.lua,316,717
_unpack/shared/luajit/jit/dis_mips64r6.lua,316,717
_unpack/x86_64-win32/bin/lsp/lua/meta/3rd/Cocos4.0/library/cc/RemoveSelf.lua,266,717
util/digest$bytes__GT_hex.class,460,715
_unpack/shared/luajit/jit/dis_mipsel.lua,313,715
util/coll$flipped_pair.class,426,715
internal/cache$fn__19614.class,451,713
util/coll$find_values$fn__4257.class,431,712
_unpack/shared/luajit/jit/dis_x64.lua,315,712
com/samskivert/mustache/Mustache$NamedSegment.class,392,712
antlr/BlockEndElement.class,427,711
internal/transaction$non_undoable_tx_data.class,429,710
plumbing/fnk/schema$fn__20528$fn__20531.class,437,710
plumbing/fnk/schema$fn__20574$fn__20577.class,440,710
antlr/TokenStreamRewriteEngine$ReplaceOp.class,391,710
util/digest$sha1_hex.class,455,710
plumbing/fnk/schema$fn__20424$fn__20427.class,439,710
plumbing/fnk/schema$fn__20454$fn__20457.class,439,710
plumbing/fnk/schema$fn__20656$fn__20659.class,439,710
plumbing/fnk/schema$fn__20424$fn__20425.class,439,709
plumbing/fnk/schema$fn__20454$fn__20455.class,438,709
lua-annotations/json.editor_script,335,709
_unpack/shared/lua-annotations/json.editor_script,335,709
plumbing/fnk/schema$fn__20388$fn__20391.class,436,709
plumbing/fnk/schema$fn__20528$fn__20529.class,437,709
plumbing/fnk/schema$fn__20574$fn__20575.class,440,709
plumbing/fnk/schema$fn__20656$fn__20657.class,439,709
util/crypto$initialization_vector.class,442,709
net/objecthunter/exp4j/function/Functions$23.class,430,709
internal/node$fn__21363$__GT_SchemaType__21381.class,431,708
plumbing/fnk/schema$fn__20388$fn__20389.class,435,708
plumbing/fnk/schema$fn__20365$fn__20368.class,436,708
plumbing/fnk/schema$fn__20337$fn__20340.class,438,708
plumbing/fnk/schema$fn__20337$fn__20338.class,438,707
internal/java$get_declared_methods_raw.class,445,707
plumbing/fnk/schema$fn__20365$fn__20366.class,437,707
internal/transaction$fn__22937$__GT_SequenceLabelTXS__22939.class,419,707
util/coll$pair.class,419,707
_unpack/shared/luajit/jit/dis_mips64.lua,309,706
net/objecthunter/exp4j/operator/Operators$2.class,412,706
net/objecthunter/exp4j/operator/Operators$1.class,411,706
net/objecthunter/exp4j/operator/Operators$5.class,422,706
internal/node$fn__21387$__GT_ClassType__21405.class,430,705
javax/xml/bind/attachment/AttachmentMarshaller.class,347,705
plumbing/core$millis.class,450,704
util/http_server$fn__45621.class,429,703
_unpack/x86_64-win32/bin/lsp/lua/script/tracy.lua,254,703
net/objecthunter/exp4j/operator/Operators$3.class,417,703
internal/cache$fn__19616.class,444,702
internal/node$fn__21493$__GT_NodeImpl__21512.class,424,702
icons/64/Icons_39-GUI-Text-node.png,707,702
net/objecthunter/exp4j/operator/Operators$4.class,407,702
util/crypto$string__GT_bytes.class,444,702
javax/vecmath/TexCoord4f.class,373,701
internal/graph$get_overrides.class,425,700
antlr/DefaultFileLineFormatter.class,401,700
antlr/TokenStreamRewriteEngine$1.class,398,700
antlr/ParseTreeToken.class,415,700
_unpack/x86_64-win32/bin/lsp/lua/meta/3rd/Cocos4.0/library/cc/Ref.lua,275,699
util/crypto$bytes__GT_string.class,440,699
util/path$parent.class,438,699
util/http_server/types$fn__23814$G__23810__23816.class,430,699
util/path$leaf.class,439,699
potemkin/PersistentMapProxy$MapEntry.class,380,698
icons/32/Icons_36-Texture.png,703,698
javax/xml/bind/annotation/DomHandler.class,288,698
javax/vecmath/TexCoord3f.class,375,698
internal/transaction$fn__22769$__GT_DeleteNodesTXS__22771.class,410,697
javax/xml/bind/JAXB$Cache.class,399,697
icons/32/Icons_51-Collision-shape-convex.png,701,696
util/http_server/types$fn__23782$G__23778__23784.class,433,696
util/http_server$handler.class,423,696
util/path$fn__7038.class,439,695
_unpack/x86_64-win32/bin/lsp/lua/meta/3rd/Cocos4.0/library/cc/EventListenerAssetsManagerEx.lua,229,695
util/path$root.class,436,695
internal/graph$node_values.class,442,695
internal/transaction$fn__22742$__GT_AddNodesTXS__22744.class,416,694
_unpack/x86_64-win32/bin/lsp/lua/meta/3rd/Cocos4.0/library/cc/TransitionSlideInR.lua,284,694
_unpack/x86_64-win32/bin/lsp/lua/meta/3rd/Cocos4.0/library/ccs/GUIReader.lua,237,694
internal/transaction$fn__22952$__GT_InvalidateTXS__22954.class,412,694
internal/transaction$fn__22943$__GT_InvalidateTXC__22945.class,413,693
util/http_server/types$fn__23766$G__23762__23768.class,430,693
_unpack/x86_64-win32/bin/lsp/lua/meta/3rd/Cocos4.0/library/cc/Place.lua,264,693
_unpack/x86_64-win32/bin/lsp/lua/meta/3rd/Cocos4.0/library/cc/TransitionSlideInT.lua,282,693
_unpack/x86_64-win32/bin/lsp/lua/meta/3rd/Cocos4.0/library/cc/TransitionSlideInB.lua,283,693
util/http_server$fn__45611.class,433,693
internal/graph$node_ids.class,443,692
icons/32/Icons_42-Layers.png,697,692
internal/paper_tape$fn__18897$G__18893__18899.class,423,691
internal/paper_tape$fn__18881$G__18877__18883.class,419,691
internal/transaction$fn__22910$__GT_DisconnectTXS__22912.class,410,690
_unpack/x86_64-win32/bin/lsp/lua/meta/3rd/Cocos4.0/library/cc/PhysicsSprite3D.lua,246,689
internal/paper_tape$fn__18821$G__18815__18823.class,421,689
internal/paper_tape$fn__18865$G__18813__18867.class,421,689
icons/32/Icons_10-Collisiongroup.png,694,689
internal/paper_tape$fn__18843$G__18809__18845.class,422,688
internal/paper_tape$fn__18854$G__18811__18856.class,420,688
com/google/errorprone/annotations/IncompatibleModifiers.class,366,688
net/objecthunter/exp4j/function/Functions$20.class,404,688
internal/paper_tape$fn__18832$G__18817__18834.class,419,688
util/http_server/types$fn__23798$G__23794__23800.class,431,687
util/digest$sha1.class,441,687
antlr/ActionTransInfo.class,424,687
_unpack/x86_64-win32/bin/lsp/lua/meta/3rd/Cocos4.0/library/ccui/RichElementNewLine.lua,289,686
_unpack/x86_64-win32/bin/lsp/lua/meta/3rd/Cocos4.0/library/cc/BezierBy.lua,272,686
net/objecthunter/exp4j/function/Functions$22.class,394,686
util/array$primitive_array_QMARK_.class,422,685
internal/transaction$fn__22320$__GT_NonUndoable__22322.class,406,685
_unpack/shared/lua-annotations/zlib.editor_script,293,684
internal/transaction$fn__22896$__GT_ConnectTXS__22898.class,410,684
lua-annotations/zlib.editor_script,293,684
net/objecthunter/exp4j/function/Functions$21.class,393,684
util/coll$preserving_reduced.class,422,684
_unpack/x86_64-win32/bin/lsp/lua/meta/3rd/Cocos4.0/library/cc/ScaleBy.lua,208,682
internal/transaction$fn__22931$__GT_LabelTXS__22933.class,409,682
_unpack/x86_64-win32/bin/lsp/lua/meta/3rd/Cocos4.0/library/ccs/ComController.lua,225,681
javax/xml/bind/JAXBIntrospector.class,381,680
com/google/errorprone/annotations/RequiredModifiers.class,363,680
plumbing/core$aconcat$fn__20996.class,427,678
dynamo/graph$transfer_overrides.class,422,677
internal/node$output_labels.class,428,676
icons/32/Icons_34-Gamepad.png,679,674
internal/node$input_labels.class,427,674
internal/cache$fn__19580$G__19503__19582.class,422,674
internal/java$instance_fields_raw$fn__6817.class,437,673
icons/32/Icons_T_03_Rotate.png,676,671
_unpack/x86_64-win32/bin/lsp/lua/meta/3rd/Cocos4.0/library/cc/EventListenerPhysicsContactWithShapes.lua,188,671
icons/45/Icons_T_03_Rotate.png,676,671
_unpack/x86_64-win32/bin/lsp/lua/meta/3rd/Cocos4.0/library/ccs/ScaleFrame.lua,179,671
antlr/CSharpNameSpace.class,418,670
com/googlecode/javaewah32/NonEmptyVirtualStorage32$NonEmptyException.class,371,669
util/coll$flatten_xf.class,413,669
com/google/errorprone/annotations/ForOverride.class,352,668
templates/template.render_script,201,668
net/objecthunter/exp4j/function/Functions$6.class,383,667
plumbing/fnk/pfnk$fn__20717$G__20713__20719.class,417,666
org/slf4j/Marker.class,400,666
_unpack/x86_64-win32/bin/lsp/lua/meta/3rd/Cocos4.0/library/cc/EventListenerPhysicsContactWithBodies.lua,214,665
internal/cache$fn__19556$G__19501__19558.class,417,665
_unpack/x86_64-win32/bin/lsp/lua/script/pub/report.lua,270,665
com/samskivert/mustache/Mustache$Collector.class,310,664
internal/node$fn__21351$G__21321__21353.class,427,664
util/path$fn__7044.class,426,662
icons/document.iconset/icon_16x16.png,667,662
icons/64/Icons_29-AT-Unknown.png,548,661
util/path$fn__7034.class,427,661
util/coll$sort$fn__4290.class,427,661
plumbing/fnk/pfnk$output.class,420,661
javax/ws/rs/HttpMethod.class,372,661
antlr/debug/InputBufferAdapter.class,319,660
antlr/TokenStreamRewriteEngine$InsertBeforeOp.class,369,660
antlr/debug/SyntacticPredicateAdapter.class,311,659
dynamo/graph$operation_sequence.class,413,659
shaders/mesh-preview.vp,271,659
dynamo/graph$fn__23653.class,409,657
util/profiler$begin_frame.class,420,657
internal/node$fn__21329$G__21323__21331.class,422,656
internal/graph$graph_QMARK_.class,400,655
util/id_vec$iv_entries.class,406,655
net/objecthunter/exp4j/function/Functions$14.class,374,655
com/googlecode/javaewah/NonEmptyVirtualStorage$NonEmptyException.class,366,655
_unpack/x86_64-win32/bin/lsp/lua/script/locale-loader.lua,271,655
net/objecthunter/exp4j/function/Functions$15.class,372,654
net/objecthunter/exp4j/function/Functions$13.class,371,654
net/objecthunter/exp4j/function/Functions$10.class,370,654
dynamo/graph$delete_nodes.class,408,654
internal/node$fn__21340$G__21325__21342.class,417,654
javax/xml/bind/Unmarshaller$Listener.class,334,654
javax/xml/bind/ContextFinder$3.class,380,654
net/objecthunter/exp4j/function/Functions$12.class,371,654
net/objecthunter/exp4j/function/Functions$16.class,375,654
net/objecthunter/exp4j/function/Functions$17.class,374,654
net/objecthunter/exp4j/function/Functions$19.class,373,654
net/objecthunter/exp4j/function/Functions$18.class,374,654
net/objecthunter/exp4j/function/Functions$11.class,369,654
_unpack/x86_64-win32/bin/lsp/lua/meta/3rd/luv/library/uv_process_t.lua,336,653
antlr/debug/ParserMatchAdapter.class,307,653
net/objecthunter/exp4j/function/Functions$8.class,374,653
net/objecthunter/exp4j/function/Functions$7.class,374,653
_unpack/x86_64-win32/bin/lsp/lua/meta/3rd/Cocos4.0/library/cc/TransitionFadeDown.lua,266,652
util/http_server$fn__45696.class,384,652
com/google/errorprone/annotations/RestrictedApi.class,370,652
util/http_server$fn__45617.class,407,652
util/http_server$fn__45619.class,404,651
net/objecthunter/exp4j/function/Functions$9.class,370,651
net/objecthunter/exp4j/function/Functions$1.class,369,651
net/objecthunter/exp4j/function/Functions$5.class,371,651
net/objecthunter/exp4j/function/Functions$3.class,371,651
net/objecthunter/exp4j/function/Functions$2.class,370,651
plumbing/fnk/schema$non_map_diff.class,392,650
_unpack/x86_64-win32/bin/lsp/lua/meta/3rd/Defold/library/label.lua,303,649
internal/node$fn__21133$G__21129__21135.class,414,649
_unpack/x86_64-win32/bin/lsp/lua/meta/Lua 5.4 zh-cn utf8/table/new.lua,470,649
_unpack/x86_64-win32/bin/lsp/lua/meta/LuaJIT zh-cn utf8/table/new.lua,470,649
_unpack/x86_64-win32/bin/lsp/lua/meta/default utf8/System.Xml.XmlConfiguration.lua,179,649
builtins/materials/model_skinned_instanced_lit.material,305,648
javax/xml/bind/Validator.class,294,648
internal/graph$fn__19970$__GT_Successors__19972.class,407,647
_unpack/x86_64-win32/bin/lsp/lua/meta/3rd/Defold/config.json,260,647
potemkin.clj,285,647
dynamo/graph$operation_label.class,397,647
_unpack/x86_64-win32/bin/lsp/lua/script/core/diagnostics/unused-label.lua,306,646
_unpack/x86_64-win32/bin/lsp/lua/meta/3rd/Cocos4.0/library/cc/FlipX.lua,253,644
_unpack/x86_64-win32/bin/lsp/lua/meta/3rd/Cocos4.0/library/cc/Timer.lua,232,644
internal/cache$fn__19591$__GT_NullCache__19593.class,390,644
builtins/fonts/font-fnt.vp,273,642
_unpack/x86_64-win32/bin/lsp/lua/meta/3rd/Cocos4.0/library/cc/FlipY.lua,250,641
internal/node$fn__21443$__GT_ValueTypeRef__21458.class,397,641
internal/cache$fn__19618.class,398,640
util/net$default_progress_callback.class,402,640
_unpack/x86_64-win32/bin/lsp/lua/script/cli/init.lua,204,640
internal/node$fn__21158$__GT_NodeTypeRef__21173.class,398,639
util/path$fn__7021$G__7017__7023.class,413,639
javax/xml/bind/annotation/XmlAnyElement.class,351,638
icons/32/Icons_22-Model.png,641,636
dynamo/graph$set_graph_value$fn__23449.class,404,636
_unpack/x86_64-win32/bin/lsp/lua/meta/3rd/Cocos4.0/library/cc/TransitionFadeUp.lua,264,634
_unpack/x86_64-win32/bin/lsp/lua/meta/3rd/Cocos4.0/library/cc/TransitionFadeBL.lua,265,634
antlr/debug/misc/ASTFrame$1.class,413,633
builtins/materials/model_instanced_lit.material,301,632
org/jvnet/mimepull/MIMEEvent$StartMessage.class,333,631
antlr/ParserSharedInputState.class,371,631
icons/64/Icons_20-Camera.png,635,630
_unpack/x86_64-win32/bin/lsp/lua/meta/3rd/Cocos4.0/library/cc/PhysicsJointPin.lua,208,630
_unpack/x86_64-win32/bin/lsp/lua/meta/3rd/Cocos4.0/library/cc/TransitionProgressHorizontal.lua,240,626
_unpack/x86_64-win32/bin/lsp/lua/meta/3rd/Cocos4.0/library/cc/TransitionSplitRows.lua,249,625
antlr/ASdebug/ASDebugStream.class,353,625
_unpack/x86_64-win32/bin/lsp/lua/meta/3rd/Cocos4.0/library/cc/FadeIn.lua,252,624
util/http_server$fn__45690.class,382,624
util/http_server$fn__45692.class,382,624
_unpack/x86_64-win32/bin/lsp/lua/meta/3rd/Cocos4.0/library/cc/PhysicsContact.lua,194,623
org/jvnet/mimepull/MIMEEvent$EndMessage.class,333,623
antlr/FileLineFormatter.class,333,622
util/http_server$fn__45676.class,376,621
util/http_server$fn__45680.class,377,621
util/http_server$fn__45615.class,379,621
util/http_server$fn__45678.class,376,621
util/http_server$fn__45613.class,379,621
util/http_server$fn__45682.class,376,621
net/objecthunter/exp4j/tokenizer/FunctionToken.class,313,621
icons/64/Icons_35-Inputbinding.png,440,620
util/http_server$fn__45626.class,375,620
builtins/fonts/font-singlelayer.fp,271,620
util/http_server$fn__45628.class,375,620
_unpack/shared/luajit/jit/dis_arm64be.lua,282,619
org/jvnet/mimepull/MIMEEvent$StartPart.class,326,619
util/http_server$fn__45634.class,375,619
util/http_server$fn__45632.class,375,619
_unpack/x86_64-win32/bin/lsp/lua/meta/3rd/Cocos4.0/library/cc/TransitionProgressRadialCCW.lua,241,618
util/pkid_vector$pkid_vector.class,370,617
_unpack/x86_64-win32/bin/lsp/lua/meta/3rd/Cocos4.0/library/cc/ActionInstant.lua,214,617
javax/xml/bind/JAXBContextFactory.class,254,614
builtins/materials/sprite_paged_atlas.material,313,613
icons/64/Icons_13-Atlas.png,618,613
_unpack/x86_64-win32/bin/lsp/lua/meta/3rd/Cocos4.0/library/cc/FiniteTimeAction.lua,197,611
_unpack/x86_64-win32/bin/lsp/lua/meta/3rd/Cocos4.0/library/cc/EaseQuadraticActionInOut.lua,184,611
org/jvnet/mimepull/MIMEEvent$EndPart.class,327,611
_unpack/x86_64-win32/bin/lsp/lua/meta/3rd/Cocos4.0/library/cc/TransitionProgressVertical.lua,237,610
_unpack/x86_64-win32/bin/lsp/lua/meta/3rd/Cocos4.0/library/cc/TransitionProgressRadialCW.lua,241,610
javax/vecmath/TexCoord2f.class,352,609
com/google/errorprone/annotations/Var.class,332,609
TestScript/TestDdf$OptionalNoDefaultValueOrBuilder.class,334,608
_unpack/x86_64-win32/bin/lsp/lua/meta/3rd/Cocos4.0/library/cc/EventListenerPhysicsContactWithGroup.lua,203,608
icons/32/Icons_28-AT-Font.png,613,608
_unpack/x86_64-win32/bin/lsp/lua/meta/3rd/Cocos4.0/library/cc/EventListenerPhysicsContact.lua,236,607
javax/xml/bind/annotation/XmlAccessorOrder.class,322,606
_unpack/x86_64-win32/bin/lsp/lua/script/core/diagnostics/undefined-doc-param.lua,283,606
javax/xml/bind/annotation/XmlAccessorType.class,322,606
javax/xml/bind/ContextFinder$5.class,356,606
icons/64/Icons_24-AT-Animation.png,602,604
icons/32/Icons_39-GUI-Text-node.png,609,604
_unpack/x86_64-win32/bin/lsp/lua/meta/3rd/Cocos4.0/library/cc/ToggleVisibility.lua,217,603
antlr/BlockWithImpliedExitPath.class,360,602
_unpack/x86_64-win32/bin/lsp/lua/script/provider/name-style.lua,271,602
javax/xml/bind/annotation/XmlElementWrapper.class,346,601
_unpack/x86_64-win32/bin/lsp/lua/meta/3rd/Cocos4.0/library/cc/FlipY3D.lua,254,600
dynamo/graph$make_tree_tracer$fn__23470.class,379,599
util/http_client$request$fn__8350.class,380,599
internal/transaction$eval22345.class,360,599
internal/transaction$eval22355.class,361,599
util/profiler$dump_json.class,381,599
internal/transaction$eval22330.class,361,599
internal/transaction$eval22337.class,361,599
icons/32/Icons_09-Collection.png,604,599
com/google/errorprone/annotations/DoNotMock.class,345,598
_unpack/x86_64-win32/bin/lsp/lua/meta/3rd/Cocos4.0/library/cc/MenuItemAtlasFont.lua,263,595
javax/xml/bind/Marshaller$Listener.class,314,595
scene-view.fxml,263,593
_unpack/x86_64-win32/bin/lsp/lua/meta/3rd/OpenResty/library/table/clone.lua,336,593
_unpack/x86_64-win32/bin/lsp/lua/meta/3rd/Cocos4.0/library/cc/Sprite3DCache.lua,206,592
doc/dmsdk-dlib-shared_library.h_doc.sdoc,331,592
_unpack/x86_64-win32/bin/lsp/lua/meta/3rd/Cocos4.0/library/cc/EaseQuadraticActionOut.lua,182,591
_unpack/x86_64-win32/bin/lsp/lua/meta/3rd/Cocos4.0/library/cc/EaseQuarticActionInOut.lua,183,591
_unpack/x86_64-win32/bin/lsp/lua/meta/3rd/Cocos4.0/library/cc/EaseQuinticActionInOut.lua,183,591
internal/system$integer_counter.class,380,591
com/google/errorprone/annotations/concurrent/LazyInit.class,314,591
antlr/build/ANTLR$1.class,389,590
util/path$fn__7036.class,374,589
_unpack/x86_64-win32/bin/lsp/lua/script/version.lua,264,589
util/path$fn__7032.class,370,588
_unpack/x86_64-win32/bin/lsp/lua/meta/3rd/OpenResty/library/resty/mysql.lua,216,588
_unpack/x86_64-win32/bin/lsp/lua/meta/3rd/Cocos4.0/library/cc/ComponentLua.lua,232,587
_unpack/x86_64-win32/bin/lsp/lua/meta/3rd/Cocos4.0/library/cc/FadeOut.lua,232,587
util/pkid_vector$eval18939.class,360,587
util/pkid_vector$eval18931.class,360,587
util/pkid_vector$eval18948.class,360,587
util/pkid_vector$eval18957.class,361,587
util/pkid_vector$eval18966.class,360,587
util/pkid_vector$eval18976.class,360,587
_unpack/x86_64-win32/bin/lsp/lua/meta/3rd/Cocos4.0/library/cc/TransitionProgressInOut.lua,238,586
_unpack/x86_64-win32/bin/lsp/lua/meta/3rd/Cocos4.0/library/cc/TransitionProgressOutIn.lua,238,586
org/slf4j/helpers/NOPLoggerFactory.class,333,584
antlr/ANTLRTokdefParserTokenTypes.class,315,584
icons/45/Icons_T_06_Layers.png,588,583
icons/32/Icons_T_06_Layers.png,588,583
_unpack/x86_64-win32/bin/lsp/lua/meta/3rd/Cocos4.0/library/ccs/ActionTimelineData.lua,169,583
org/objectweb/asm/Edge.class,374,583
_unpack/x86_64-win32/bin/lsp/lua/meta/3rd/Cocos4.0/library/cc/TableViewCell.lua,245,582
_unpack/x86_64-win32/bin/lsp/lua/meta/3rd/Defold/library/image.lua,314,582
antlr/debug/GuessingEvent.class,350,582
_unpack/x86_64-win32/bin/lsp/lua/meta/3rd/Cocos4.0/library/cc/EaseCircleActionInOut.lua,181,581
_unpack/x86_64-win32/bin/lsp/lua/meta/3rd/Cocos4.0/library/cc/EaseQuadraticActionIn.lua,181,581
internal/paper_tape$paper_tape$fn__18923.class,354,581
icons/32/Icons_46-Collistionshape-convex-Cylinder.png,585,580
_unpack/x86_64-win32/bin/lsp/lua/script/meta/bee/channel.lua,193,578
builtins/materials/sprite.material,302,577
_unpack/x86_64-win32/bin/lsp/lua/meta/3rd/OpenResty/library/ngx/base64.lua,253,577
icons/45/Icons_T_01_Select.png,580,575
icons/32/Icons_T_01_Select.png,580,575
doc/dmsdk-dlib-deprecated.h_doc.sdoc,284,574
org/json/simple/parser/ContentHandler.class,281,573
_unpack/x86_64-win32/bin/lsp/lua/meta/3rd/Cocos4.0/library/cc/DelayTime.lua,222,573
icons/32/Icons_29-AT-Unknown.png,577,572
_unpack/x86_64-win32/bin/lsp/lua/meta/3rd/Cocos4.0/library/ccs/EventFrame.lua,179,572
_unpack/x86_64-win32/bin/lsp/lua/meta/3rd/OpenResty/library/table/isempty.lua,283,572
javax/xml/bind/attachment/AttachmentUnmarshaller.class,336,572
_unpack/x86_64-win32/bin/lsp/lua/meta/3rd/Cocos4.0/library/cc/EaseQuinticActionOut.lua,180,571
internal/system$eval23098.class,360,571
_unpack/x86_64-win32/bin/lsp/lua/meta/3rd/Cocos4.0/library/cc/EaseCubicActionInOut.lua,181,571
_unpack/x86_64-win32/bin/lsp/lua/meta/3rd/Cocos4.0/library/cc/EaseExponentialInOut.lua,183,571
_unpack/x86_64-win32/bin/lsp/lua/meta/3rd/Cocos4.0/library/cc/EaseQuarticActionOut.lua,180,571
builtins/materials/particlefx_paged_atlas.fp,290,570
util/eduction$eval3834.class,355,568
util/eduction$eval3841.class,354,568
util/eduction$eval3890.class,357,568
util/eduction$eval3897.class,357,568
util/eduction$eval3918.class,356,568
util/eduction$eval3848.class,355,568
util/eduction$eval3876.class,357,568
util/eduction$eval3883.class,356,568
util/eduction$eval3911.class,356,568
_unpack/x86_64-win32/bin/lsp/lua/meta/3rd/Cocos4.0/library/cc/PhysicsJointFixed.lua,248,568
util/eduction$eval3869.class,359,568
util/eduction$eval3827.class,355,568
util/eduction$eval3855.class,356,568
util/eduction$eval3862.class,357,568
util/eduction$eval3904.class,357,568
_unpack/x86_64-win32/bin/lsp/lua/script/meta/bee/filewatch.lua,210,567
util/eduction$eval3785.class,355,566
util/eduction$eval3813.class,355,566
util/eduction$eval3775.class,355,566
util/eduction$eval3806.class,355,566
javax/xml/bind/DataBindingException.class,319,566
util/eduction$eval3799.class,357,566
util/eduction$eval3792.class,355,566
util/eduction$eval3820.class,354,566
internal/graph$eval19982.class,360,565
_unpack/x86_64-win32/bin/lsp/lua/meta/3rd/Cocos4.0/library/ccs/SkewFrame.lua,175,564
_unpack/x86_64-win32/bin/lsp/lua/meta/3rd/Cocos4.0/library/ccs/TextureFrame.lua,177,563
icons/16/Icons_19-ParicleFX-Modifier.png,568,563
javax/xml/bind/annotation/XmlAttribute.class,333,563
dynamo/graph$eval23530.class,358,562
util/time$now.class,360,562
dynamo/graph$eval23521.class,358,562
icons/32/Icons_45-Collistionshape-convex-Sphere.png,566,561
_unpack/x86_64-win32/bin/lsp/lua/meta/3rd/Cocos4.0/library/cc/EaseQuinticActionIn.lua,180,561
_unpack/x86_64-win32/bin/lsp/lua/meta/3rd/Cocos4.0/library/cc/EaseCircleActionOut.lua,179,561
_unpack/x86_64-win32/bin/lsp/lua/meta/3rd/Cocos4.0/library/cc/EaseElasticInOut.lua,184,561
_unpack/x86_64-win32/bin/lsp/lua/meta/3rd/Cocos4.0/library/cc/EaseQuarticActionIn.lua,179,561
util/net$fn__74148.class,359,559
_unpack/x86_64-win32/bin/lsp/lua/meta/3rd/luv/library/luv_work_ctx_t.lua,292,559
util/murmur$eval42611.class,351,557
com/google/errorprone/annotations/Immutable.class,315,557
util/murmur$eval42604.class,353,557
antlr/collections/impl/IntRange.class,362,556
antlr/TreeBlockContext.class,358,556
icons/32/Icons_35-Inputbinding.png,356,556
_unpack/x86_64-win32/bin/lsp/lua/script/core/command/exportDocument.lua,282,556
org/slf4j/event/EventConstants.class,349,555
com/cognitect/transit/WriteHandler.class,257,553
_unpack/x86_64-win32/bin/lsp/lua/script/parser/lines.lua,245,553
_unpack/x86_64-win32/bin/lsp/lua/meta/3rd/Cocos4.0/library/cc/EaseCubicActionOut.lua,180,551
_unpack/x86_64-win32/bin/lsp/lua/meta/3rd/Cocos4.0/library/cc/EaseExponentialOut.lua,182,551
_unpack/x86_64-win32/bin/lsp/lua/meta/3rd/Cocos4.0/library/cc/EaseCircleActionIn.lua,178,551
_unpack/x86_64-win32/bin/lsp/lua/meta/3rd/Cocos4.0/library/ccs/MovementBoneData.lua,189,549
icons/32/Icons_41-GUI-Pie-node.png,550,545
util/coll$eval3982.class,352,545
util/diff$eval32030.class,352,545
_unpack/x86_64-win32/bin/lsp/lua/meta/3rd/Cocos4.0/library/cc/CardinalSplineBy.lua,189,544
util/coll$eval4141.class,351,544
doc/dmsdk-physics-physics.h_doc.sdoc,227,544
_unpack/x86_64-win32/bin/lsp/lua/meta/3rd/Cocos4.0/library/ccs/AnimationData.lua,189,544
util/coll$eval4148.class,352,544
logback.xml,333,543
javax/ws/rs/ext/RuntimeDelegate$HeaderDelegate.class,277,543
_unpack/x86_64-win32/bin/lsp/lua/meta/3rd/Cocos4.0/library/ccui/RelativeBox.lua,219,542
antlr/ExceptionSpec.class,351,542
com/cognitect/transit/MapReader.class,251,542
net/objecthunter/exp4j/tokenizer/VariableToken.class,310,542
icons/32/Icons_M_08_bigclose.png,547,542
util/num$eval16266.class,350,541
util/num$eval16274.class,351,541
util/num$eval16315.class,353,541
util/num$eval16450.class,351,541
_unpack/x86_64-win32/bin/lsp/lua/meta/3rd/Cocos4.0/library/cc/EaseCubicActionIn.lua,178,541
_unpack/x86_64-win32/bin/lsp/lua/meta/3rd/Cocos4.0/library/cc/EaseElasticOut.lua,182,541
_unpack/x86_64-win32/bin/lsp/lua/meta/3rd/Cocos4.0/library/cc/EaseExponentialIn.lua,180,541
util/num$eval16339.class,353,541
util/num$eval16364.class,353,541
util/num$eval16371.class,352,541
util/num$eval16401.class,351,541
util/num$eval16468.class,351,541
util/num$eval16298.class,352,541
util/num$eval16306.class,353,541
util/num$eval16347.class,353,541
util/num$eval16356.class,353,541
util/num$eval16386.class,352,541
util/num$eval16394.class,351,541
util/num$eval16424.class,351,541
util/num$eval16478.class,352,541
util/num$eval16282.class,350,541
util/num$eval16290.class,351,541
util/num$eval16323.class,353,541
util/num$eval16331.class,353,541
util/num$eval16379.class,353,541
util/num$eval16409.class,351,541
util/num$eval16416.class,351,541
util/num$eval16432.class,351,541
util/num$eval16442.class,351,541
util/num$eval16460.class,351,541
util/num$eval16160.class,350,540
util/num$eval16172.class,350,540
util/num$eval16184.class,350,540
util/num$eval16151.class,351,539
util/num$eval16222.class,351,539
util/num$eval16250.class,351,539
util/num$eval16144.class,350,539
util/num$eval16194.class,351,539
util/num$eval16201.class,350,539
antlr/CSharpBlockFinishingInfo.class,362,539
util/num$eval16258.class,351,539
util/num$eval16137.class,351,539
util/num$eval16208.class,351,539
util/num$eval16215.class,351,539
util/num$eval16229.class,353,539
util/num$eval16236.class,352,539
util/num$eval16243.class,351,539
antlr/PythonBlockFinishingInfo.class,360,539
_unpack/x86_64-win32/bin/lsp/lua/meta/3rd/Cocos4.0/library/cc/EventListenerAcceleration.lua,175,535
_unpack/x86_64-win32/bin/lsp/lua/meta/3rd/Cocos4.0/library/cc/StopGrid.lua,222,535
antlr/JavaBlockFinishingInfo.class,355,535
_unpack/x86_64-win32/bin/lsp/lua/meta/3rd/Cocos4.0/library/cc/TransitionProgress.lua,229,535
antlr/debug/ParserTokenAdapter.class,292,534
_unpack/x86_64-win32/bin/lsp/lua/meta/3rd/Cocos4.0/library/cc/TransitionJumpZoom.lua,229,534
_unpack/x86_64-win32/bin/lsp/lua/meta/3rd/Cocos4.0/library/cc/TransitionRotoZoom.lua,228,534
potemkin/PersistentMapProxy$IMap.class,246,532
_unpack/x86_64-win32/bin/lsp/lua/meta/3rd/Cocos4.0/library/cc/EaseElasticIn.lua,180,531
_unpack/x86_64-win32/bin/lsp/lua/meta/3rd/luv/library/luv_thread_t.lua,261,531
util/fn$eval6856.class,348,530
templates/template.spot_light,142,530
_unpack/x86_64-win32/bin/lsp/lua/meta/3rd/OpenResty/library/table/nkeys.lua,283,530
org/slf4j/spi/MDCAdapter.class,270,529
antlr/debug/Event.class,323,529
_unpack/x86_64-win32/bin/lsp/lua/meta/3rd/Cocos4.0/library/cc/TransitionMoveInB.lua,227,528
_unpack/x86_64-win32/bin/lsp/lua/meta/3rd/Cocos4.0/library/cc/TransitionMoveInR.lua,228,528
javax/vecmath/Point4i.class,334,528
_unpack/x86_64-win32/bin/lsp/lua/meta/3rd/Cocos4.0/library/cc/TransitionMoveInT.lua,227,528
antlr/CppBlockFinishingInfo.class,353,528
antlr/JavaCodeGeneratorPrintWriterManager.class,299,527
com/googlecode/javaewah32/IteratingRLW32.class,311,525
javax/vecmath/Point3i.class,335,525
_unpack/x86_64-win32/bin/lsp/lua/script/vm/precompile.lua,212,524
javax/vecmath/Point2i.class,328,523
antlr/TokenStreamRecognitionException.class,304,523
_unpack/x86_64-win32/bin/lsp/lua/meta/default utf8/UnityEngine.XR.WSA.lua,171,523
javax/ws/rs/core/SecurityContext.class,331,523
com/cognitect/transit/SPI/ReaderSPI.class,218,522
_unpack/x86_64-win32/bin/lsp/lua/meta/3rd/Cocos4.0/library/cc/EaseBounceInOut.lua,180,521
antlr/debug/MessageAdapter.class,289,521
antlr/debug/SemanticPredicateAdapter.class,286,521
com/googlecode/javaewah/IteratingRLW.class,313,521
builtins/graphics/particle_blob.png,524,519
com/googlecode/javaewah/CloneableIterator.class,275,518
icons/16/Icons_13-Atlas.png,522,517
icons/16/Icons_31-Material.png,521,516
_unpack/x86_64-win32/bin/lsp/lua/meta/3rd/Cocos4.0/library/cc/TransitionZoomFlipAngular.lua,191,516
icons/16/Icons_50-Display-profiles.png,521,516
_unpack/x86_64-win32/bin/lsp/lua/meta/3rd/Cocos4.0/library/cc/EventListenerTouchAllAtOnce.lua,163,516
javax/xml/bind/annotation/XmlEnum.class,303,516
icons/16/Icons_05-Project-info.png,519,514
com/google/errorprone/annotations/InlineMe.class,312,514
TestScript/TestDdf$RepeatedItemOrBuilder.class,293,514
_unpack/x86_64-win32/bin/lsp/lua/script/plugins/ffi/c-parser/util.lua,233,514
javax/xml/bind/annotation/XmlRootElement.class,298,513
icons/32/Icons_63-Push-Down-Override.png,517,512
_unpack/x86_64-win32/bin/lsp/lua/meta/3rd/Cocos4.0/library/ccs/ArmatureData.lua,187,512
_unpack/x86_64-win32/bin/lsp/lua/meta/3rd/Cocos4.0/library/ccs/AnchorPointFrame.lua,168,511
icons/32/Icons_21-Light.png,516,511
_unpack/x86_64-win32/bin/lsp/lua/meta/3rd/Cocos4.0/library/ccs/TextureData.lua,185,511
icons/16/Icons_37-Texture-profile.png,515,510
builtins/materials/particlefx.fp,263,510
com/google/errorprone/annotations/CheckReturnValue.class,301,505
com/cognitect/transit/ArrayReader.class,246,505
_unpack/x86_64-win32/bin/lsp/lua/meta/default utf8/UnityEngineInternal.XR.WSA.lua,169,505
_unpack/x86_64-win32/bin/lsp/lua/meta/3rd/Defold/library/json.lua,224,504
_unpack/x86_64-win32/bin/lsp/lua/meta/3rd/OpenResty/library/table/isarray.lua,268,503
javax/ws/rs/Consumes.class,299,502
_unpack/x86_64-win32/bin/lsp/lua/meta/3rd/Cocos4.0/library/cc/CatmullRomBy.lua,240,502
com/google/errorprone/annotations/Keep.class,305,502
javax/ws/rs/Produces.class,300,502
_unpack/x86_64-win32/bin/lsp/lua/meta/3rd/Cocos4.0/library/cc/BezierTo.lua,205,501
_unpack/x86_64-win32/bin/lsp/lua/meta/3rd/Cocos4.0/library/cc/EaseBounceOut.lua,178,501
_unpack/x86_64-win32/bin/lsp/lua/meta/3rd/Cocos4.0/library/cc/CatmullRomTo.lua,239,501
_unpack/x86_64-win32/bin/lsp/lua/meta/3rd/Cocos4.0/library/cc/EaseBackInOut.lua,178,501
_unpack/x86_64-win32/bin/lsp/lua/meta/3rd/Cocos4.0/library/cc/EaseSineInOut.lua,179,501
_unpack/x86_64-win32/bin/lsp/lua/meta/3rd/OpenResty/library/resty/limit/conn.lua,194,501
com/google/errorprone/annotations/concurrent/UnlockMethod.class,297,500
_unpack/x86_64-win32/bin/lsp/lua/meta/3rd/Cocos4.0/library/ccs/BlendFuncFrame.lua,160,499
_unpack/x86_64-win32/bin/lsp/lua/meta/3rd/Cocos4.0/library/ccb/TextureCubemapBackend.lua,234,499
antlr/TokenStreamException.class,284,499
_unpack/x86_64-win32/bin/lsp/lua/meta/3rd/Cocos4.0/library/cc/PhysicsContactPostSolve.lua,185,498
_unpack/x86_64-win32/bin/lsp/lua/meta/3rd/Cocos4.0/library/cc/EaseInOut.lua,185,497
javax/xml/bind/annotation/adapters/XmlJavaTypeAdapters.class,273,496
com/google/errorprone/annotations/concurrent/LockMethod.class,296,496
com/google/errorprone/annotations/CanIgnoreReturnValue.class,291,496
shaders/selection-instance-paged.vp,229,496
riddley/Util.java,216,495
Util.java,216,495
_unpack/x86_64-win32/bin/lsp/lua/meta/3rd/Cocos4.0/library/cc/EventListenerController.lua,191,494
builtins/materials/particlefx_paged_atlas.vp,235,493
icons/32/Icons_03-Builtins.png,497,492
_unpack/x86_64-win32/bin/lsp/lua/meta/3rd/Cocos4.0/library/cc/EaseBounceIn.lua,176,491
_unpack/x86_64-win32/bin/lsp/lua/meta/default utf8/UnityEngine.Experimental.AssetBundlePatching.lua,172,491
_unpack/x86_64-win32/bin/lsp/lua/meta/3rd/Cocos4.0/library/ccs/MovementData.lua,175,490
icons/16/Icons_08-Collection-factory.png,495,490
com/google/errorprone/annotations/OverridingMethodsMustInvokeSuper.class,277,489
_unpack/x86_64-win32/bin/lsp/lua/script/vm/init.lua,175,489
engine-profiler/remotery/vis/extern/BrowserLib/WindowManager/Code/Label.js,281,488
_unpack/x86_64-win32/bin/lsp/lua/meta/3rd/Cocos4.0/library/cc/ParticleData.lua,184,488
_unpack/x86_64-win32/bin/lsp/lua/meta/3rd/Cocos4.0/library/cc/TransitionFlipAngular.lua,187,488
icons/16/Icons_30-Render.png,493,488
javax/ws/rs/HeaderParam.class,292,488
editor/resource/Resource,266,488
_unpack/x86_64-win32/bin/lsp/lua/meta/3rd/Cocos4.0/library/ccs/BoneData.lua,181,487
shaders/basic-texture-paged-color.vp,233,487
com/google/errorprone/annotations/CompatibleWith.class,283,487
antlr/ANTLRException.class,275,486
icons/16/Icons_49-Collision-object.png,490,485
TestScript/TestDdf$LuaDDFBufferOverflowOrBuilder.class,295,484
_unpack/x86_64-win32/bin/lsp/lua/meta/3rd/Cocos4.0/library/cc/Show.lua,212,484
_unpack/x86_64-win32/bin/lsp/lua/meta/3rd/Cocos4.0/library/cc/Hide.lua,210,483
antlr/collections/impl/ASTArray.class,311,482
_unpack/x86_64-win32/bin/lsp/lua/meta/3rd/OpenResty/library/resty/websocket/server.lua,255,482
_unpack/x86_64-win32/bin/lsp/lua/meta/3rd/Cocos4.0/library/cc/EaseSineOut.lua,177,481
_unpack/x86_64-win32/bin/lsp/lua/meta/3rd/Cocos4.0/library/cc/EaseBackOut.lua,176,481
javax/ws/rs/Encoded.class,292,480
engine-profiler/remotery/vis/extern/BrowserLib/Core/Code/Core.js,281,480
icons/16/Icons_23-Cubemap.png,484,479
com/google/errorprone/annotations/CompileTimeConstant.class,276,479
_unpack/x86_64-win32/bin/lsp/lua/meta/3rd/Cocos4.0/library/ccui/HBox.lua,211,478
_unpack/x86_64-win32/bin/lsp/lua/meta/3rd/Cocos4.0/library/ccui/VBox.lua,209,478
_unpack/x86_64-win32/bin/lsp/lua/meta/3rd/Cocos4.0/library/cc/EaseOut.lua,182,477
_unpack/x86_64-win32/bin/lsp/lua/meta/3rd/Cocos4.0/library/ccs/PlayableFrame.lua,163,477
com/cognitect/transit/impl/Tag.class,300,477
com/cognitect/transit/MapReadHandler.class,225,476
_unpack/x86_64-win32/bin/lsp/lua/meta/3rd/Cocos4.0/library/cc/TransitionEaseScene.lua,210,476
antlr/debug/TraceAdapter.class,273,476
javax/xml/bind/annotation/XmlElementRefs.class,270,475
_unpack/x86_64-win32/bin/lsp/lua/meta/3rd/Cocos4.0/library/cc/TransitionZoomFlipY.lua,185,474
_unpack/x86_64-win32/bin/lsp/lua/meta/3rd/Cocos4.0/library/cc/TransitionZoomFlipX.lua,186,474
_unpack/x86_64-win32/bin/lsp/lua/meta/default utf8/UnityEngine.XR.Provider.lua,222,474
shaders/cubemap.fp,219,474
editor/code/data/ComplexTextMetrics,227,473
_unpack/x86_64-win32/bin/lsp/lua/meta/3rd/Cocos4.0/library/cc/EventTouch.lua,200,472
_unpack/x86_64-win32/bin/lsp/lua/meta/3rd/Cocos4.0/library/cc/EaseSineIn.lua,175,471
_unpack/x86_64-win32/bin/lsp/lua/meta/3rd/Cocos4.0/library/cc/EaseBackIn.lua,175,471
_unpack/x86_64-win32/bin/lsp/lua/meta/3rd/Cocos4.0/library/ccs/RotationFrame.lua,157,471
editor/gl/shader/ShaderVariables,218,471
antlr/SemanticException.class,279,471
shaders/selection-attribute-paged.vp,223,470
shaders/cubemap.vp,210,469
com/google/errorprone/annotations/FormatMethod.class,277,468
icons/16/Icons_43-Tilesource-Collgroup.png,473,468
_unpack/x86_64-win32/bin/lsp/lua/meta/3rd/Cocos4.0/library/cc/EaseIn.lua,180,467
com/google/errorprone/annotations/DoNotCall.class,281,466
icons/32/Icons_X_04_Ease_ease.png,471,466
javax/xml/bind/annotation/XmlElements.class,268,466
javax/xml/bind/annotation/adapters/XmlJavaTypeAdapter$DEFAULT.class,273,465
antlr/GrammarSymbol.class,289,464
icons/16/Icons_17-ParticleFX.png,468,463
icons/16/Icons_32-Vertex-shader.png,468,463
javax/xml/bind/annotation/XmlSchemaTypes.class,264,463
com/cognitect/transit/ArrayReadHandler.class,222,463
_unpack/x86_64-win32/bin/lsp/lua/meta/3rd/Cocos4.0/library/cc/EventListenerKeyboard.lua,159,462
javax/xml/bind/annotation/XmlMimeType.class,281,462
javax/ws/rs/core/Response$StatusType.class,261,462
icons/16/Icons_18-ParticleFX-emitter.png,466,461
_unpack/x86_64-win32/bin/lsp/lua/meta/3rd/Cocos4.0/library/ccs/VisibleFrame.lua,160,460
icons/16/Icons_12-Script-type.png,464,459
_unpack/x86_64-win32/bin/lsp/lua/meta/3rd/Cocos4.0/library/cc/PhysicsShapeEdgePolygon.lua,203,458
com/google/errorprone/annotations/concurrent/GuardedBy.class,282,458
_unpack/x86_64-win32/bin/lsp/lua/meta/3rd/Cocos4.0/library/ccs/DisplayData.lua,174,456
_unpack/x86_64-win32/bin/lsp/lua/meta/default utf8/UnityEngine.Apple.TV.lua,161,456
org/slf4j/spi/LocationAwareLogger.class,278,455
javax/xml/bind/SchemaOutputResolver.class,292,455
javax/ws/rs/core/MultivaluedMap.class,244,454
javax/ws/rs/core/Context.class,274,454
_unpack/x86_64-win32/bin/lsp/lua/meta/3rd/Defold/library/zlib.lua,192,452
com/google/errorprone/annotations/FormatString.class,262,452
_unpack/x86_64-win32/bin/lsp/lua/meta/3rd/Cocos4.0/library/cc/CallFunc.lua,176,451
javax/ws/rs/DefaultValue.class,277,450
icons/16/Icons_38-GUI.png,455,450
icons/16/Icons_48-Tilemap.png,455,450
shaders/infinity-grid.vp,208,450
icons/16/Icons_25-AT-Image.png,453,448
builtins/materials/gui_paged_atlas.vp,210,448
javax/ws/rs/MatrixParam.class,277,448
javax/ws/rs/CookieParam.class,278,448
icons/16/Icons_33-Fragment-shader.png,451,446
_unpack/x86_64-win32/bin/lsp/lua/meta/3rd/Cocos4.0/library/cc/TransitionFlipY.lua,182,446
icons/16/Icons_07-Factory.png,451,446
_unpack/x86_64-win32/bin/lsp/lua/meta/3rd/Cocos4.0/library/cc/TransitionFlipX.lua,182,446
javax/ws/rs/QueryParam.class,278,446
_unpack/x86_64-win32/bin/lsp/lua/meta/3rd/Cocos4.0/library/ccs/AlphaFrame.lua,161,445
_unpack/x86_64-win32/bin/lsp/lua/meta/3rd/Cocos4.0/library/ccs/ColorFrame.lua,160,445
javax/vecmath/VecMathUtil.class,316,445
javax/ws/rs/FormParam.class,277,444
editor/code/view/GutterView,169,444
javax/ws/rs/PathParam.class,277,444
_unpack/x86_64-win32/bin/lsp/lua/meta/3rd/Cocos4.0/library/cc/PhysicsShapeEdgeChain.lua,202,442
_unpack/x86_64-win32/bin/lsp/lua/meta/3rd/Cocos4.0/library/cc/AmbientLight.lua,192,442
javax/xml/bind/annotation/XmlInlineBinaryData.class,263,442
javax/xml/bind/annotation/XmlAttachmentRef.class,269,441
_unpack/x86_64-win32/bin/lsp/lua/meta/whimsical/builtin.lua,174,441
com/samskivert/mustache/Mustache$Lambda.class,248,441
builtins/materials/sprite_paged_atlas.fp,241,439
_unpack/x86_64-win32/bin/lsp/lua/meta/3rd/Cocos4.0/library/ccs/ZOrderFrame.lua,157,439
builtins/fonts/font-fnt.fp,218,439
icons/32/Icons_M_09_search.png,442,437
_unpack/x86_64-win32/bin/lsp/lua/meta/3rd/Cocos4.0/library/cc/AutoPolygon.lua,241,436
_unpack/x86_64-win32/bin/lsp/lua/meta/3rd/Cocos4.0/library/cc/EventListenerFocus.lua,156,435
_unpack/x86_64-win32/bin/lsp/lua/meta/3rd/Cocos4.0/library/cc/EventListenerMouse.lua,155,435
javax/xml/bind/JAXBPermission.class,291,435
_unpack/x86_64-win32/bin/lsp/lua/meta/3rd/bee/library/bee/channel.lua,180,435
javax/xml/bind/annotation/XmlEnumValue.class,260,433
javax/xml/bind/ValidationEvent.class,280,433
com/googlecode/javaewah/LogicalElement.class,249,433
org/slf4j/event/LoggingEvent.class,267,432
com/google/errorprone/annotations/SuppressPackageLocation.class,255,432
_unpack/x86_64-win32/bin/lsp/lua/meta/default utf8/UnityEngine.Lumin.lua,212,430
icons/16/Icons_24-AT-Animation.png,434,429
icons/32/Icons_X_05_Ease_in.png,434,429
javax/xml/bind/annotation/XmlSeeAlso.class,260,428
javax/xml/bind/annotation/XmlTransient.class,258,428
icons/16/Icons_27-AT-Mesh.png,432,427
antlr/Version.class,293,427
javax/ws/rs/OPTIONS.class,258,425
antlr/StringLiteralSymbol.class,263,425
javax/ws/rs/ApplicationPath.class,257,424
javax/xml/bind/annotation/XmlList.class,260,423
javax/ws/rs/ext/Provider.class,250,423
icons/32/Icons_X_06_Ease_out.png,427,422
builtins/materials/particlefx_paged_atlas.material,225,422
icons/32/Icons_S_12_notvisible.png,427,422
javax/xml/bind/annotation/XmlAnyAttribute.class,255,422
javax/ws/rs/DELETE.class,256,422
_unpack/x86_64-win32/bin/lsp/lua/meta/3rd/Cocos4.0/library/cc/EventFocus.lua,184,421
_unpack/x86_64-win32/bin/lsp/lua/meta/3rd/Cocos4.0/library/cc/EventCustom.lua,196,420
icons/16/Icons_14-Sprite.png,424,419
javax/xml/bind/annotation/XmlElementDecl$GLOBAL.class,264,419
icons/32/Icons_X_01_Arrowoutlinel.png,424,419
javax/xml/bind/annotation/XmlSchemaType$DEFAULT.class,263,418
javax/xml/bind/annotation/XmlElementRef$DEFAULT.class,262,418
antlr/actions/python/CodeLexerTokenTypes.class,258,417
shaders/selection-uniform-paged.fp,223,417
javax/ws/rs/POST.class,256,416
javax/ws/rs/HEAD.class,255,416
javax/ws/rs/Path.class,262,416
icons/16/Icons_47-Tilesource.png,419,414
antlr/TokenStreamIOException.class,265,414
icons/16/Icons_11-Script-general.png,418,413
javax/ws/rs/PUT.class,254,413
javax/ws/rs/GET.class,254,413
antlr/CharStreamIOException.class,264,411
cljs/tools/reader/reader_types.clj,240,410
icons/64/Icons_52-Collection-proxy.png,382,409
_unpack/x86_64-win32/bin/lsp/lua/meta/template/jit.profile.lua,217,409
javax/xml/bind/annotation/XmlMixed.class,248,408
javax/xml/bind/annotation/XmlValue.class,247,408
javax/xml/bind/annotation/XmlIDREF.class,248,408
com/googlecode/javaewah32/BitmapStorage32.class,263,406
javax/xml/bind/annotation/XmlElement$DEFAULT.class,260,406
templates/template.font,263,405
com/googlecode/javaewah/BitmapStorage.class,262,403
javax/xml/bind/annotation/XmlID.class,246,402
icons/32/Icons_X_07_Hold.png,407,402
javax/xml/bind/annotation/XmlNs.class,254,401
javax/xml/bind/annotation/XmlRegistry.class,241,399
icons/16/Icons_36-Texture.png,404,399
icons/32/Icons_20-Camera.png,403,398
_unpack/x86_64-win32/bin/lsp/lua/script/encoder/ansi.lua,161,398
shaders/selection-instance.vp,200,397
_unpack/x86_64-win32/bin/lsp/lua/meta/3rd/Cocos4.0/library/ccs/SpriteDisplayData.lua,149,396
com/samskivert/gwt/java/io/StringReader.java,238,396
icons/32/Icons_X_02_Arrowoutliner.png,400,395
com/samskivert/mustache/MustacheParseException.java,208,395
javax/xml/bind/annotation/XmlType$DEFAULT.class,258,394
antlr/TokenStreamRewriteEngine$DeleteOp.class,255,394
_unpack/x86_64-win32/bin/lsp/lua/meta/3rd/example/plugin.lua,238,392
com/google/errorprone/annotations/InlineMeValidationDisabled.class,257,392
net/objecthunter/exp4j/tokenizer/ArgumentSeparatorToken.class,243,392
icons/16/Icons_26-AT-Sound.png,396,391
_unpack/x86_64-win32/bin/lsp/lua/meta/3rd/Cocos4.0/library/cc/EventListenerCustom.lua,156,390
icons/16/Icons_39-GUI-Text-node.png,394,389
_unpack/x86_64-win32/bin/lsp/lua/meta/3rd/Cocos4.0/library/cc/RenderState.lua,213,389
javax/xml/bind/JAXBElement$GlobalScope.class,256,389
shaders/selection-attribute-paged.fp,209,389
shaders/selection-instance-paged.fp,209,389
_unpack/x86_64-win32/bin/lsp/lua/meta/3rd/Cocos4.0/library/ccs/ContourData.lua,165,388
builtins/materials/particlefx.vp,206,388
net/objecthunter/exp4j/tokenizer/CloseParenthesesToken.class,241,388
shaders/basic-texture-color.vp,205,388
shaders/basic-texture-paged.vp,197,387
shaders/selection-uniform-paged.vp,197,387
builtins/materials/particlefx.material,215,386
_unpack/x86_64-win32/bin/lsp/lua/meta/3rd/Cocos4.0/library/cc/Grid3DAction.lua,170,386
_unpack/x86_64-win32/bin/lsp/lua/meta/3rd/OpenResty/config.json,167,386
builtins/materials/sprite_paged_atlas.vp,203,385
net/objecthunter/exp4j/tokenizer/OpenParenthesesToken.class,240,385
com/cognitect/transit/impl/Quote.class,257,384
icons/16/Icons_42-Layers.png,388,383
com/samskivert/gwt/java/io/StringWriter.java,236,383
antlr/ASdebug/TokenOffsetInfo.class,284,382
antlr/collections/List.class,248,380
icons/32/Icons_62-Pull-Up-Override.png,385,380
lua-annotations/builtins.editor_script,229,380
_unpack/shared/lua-annotations/builtins.editor_script,229,380
_unpack/x86_64-win32/bin/lsp/lua/meta/3rd/Cocos4.0/library/cc/Layer.lua,188,379
builtins/materials/tile_map.fp,214,379
icons/32/Icons_M_03_colorpicker.png,383,378
builtins/materials/tile_map.material,214,378
builtins/materials/sprite.fp,212,378
icons/16/Icons_06-Game-object.png,382,377
_unpack/x86_64-win32/bin/lsp/lua/meta/3rd/OpenResty/library/resty/md5.lua,211,377
_unpack/x86_64-win32/bin/lsp/lua/meta/3rd/Cocos4.0/library/cc/EventKeyboard.lua,189,376
org/jvnet/mimepull/DecodingException.class,249,375
com/google/errorprone/annotations/MustBeClosed.class,242,373
_unpack/x86_64-win32/bin/lsp/lua/meta/3rd/Cocos4.0/library/ccs/BaseData.lua,159,371
shaders/selection-attribute.vp,193,371
icons/32/Icons_53-Step-Over.png,375,370
icons/32/Icons_S_11_visible.png,374,369
templates/template.point_light,116,367
_unpack/x86_64-win32/bin/lsp/lua/script/core/view/psi-select.lua,185,362
_unpack/x86_64-win32/bin/lsp/lua/meta/3rd/OpenResty/library/resty/limit/req.lua,153,361
builtins/materials/gui.vp,182,360
icons/32/Icons_X_03_Bezier.png,364,359
shaders/basic-texture-color-straight-alpha.vp,192,359
_unpack/x86_64-win32/bin/lsp/lua/meta/3rd/Cocos4.0/library/cc/TMXLayerInfo.lua,161,358
antlr/debug/ParserListener.class,190,358
_unpack/x86_64-win32/bin/lsp/lua/meta/Lua 5.4 zh-cn utf8/jit/profile.lua,180,356
_unpack/x86_64-win32/bin/lsp/lua/meta/LuaJIT zh-cn utf8/jit/profile.lua,180,356
shaders/selection-uniform.fp,197,356
internal/cache/CacheExtensions.class,205,354
com/google/errorprone/annotations/NoAllocation.class,226,354
icons/32/Icons_E_02_error.png,359,354
com/googlecode/javaewah32/symmetric/BitmapSymmetricAlgorithm32.class,211,353
com/cognitect/transit/Ratio.class,230,352
icons/16/Icons_34-Gamepad.png,357,352
antlr/ExceptionHandler.class,256,350
editor/types/GeomCloud,194,350
icons/tabs/ic_search-results-grey.png,355,350
templates/template.fp,211,349
icons/16/Icons_10-Collisiongroup.png,354,349
_unpack/x86_64-win32/bin/lsp/lua/meta/3rd/luassert/library/luassert/array.lua,199,349
_unpack/x86_64-win32/bin/lsp/lua/script/core/substring.lua,156,349
icons/32/Icons_E_01_warning.png,352,347
_unpack/x86_64-win32/bin/lsp/lua/meta/3rd/bee/library/bee/serialization.lua,153,347
icons/32/Icons_S_08_arrow-d-right.png,352,347
scene/images/eye_open.svg,190,347
icons/16/Icons_09-Collection.png,351,346
icons/64/Icons_02-Folder-open.png,351,346
com/samskivert/mustache/Mustache$VariableFetcher.class,215,345
_unpack/x86_64-win32/bin/lsp/lua/meta/3rd/Cocos4.0/library/ccs/RotationSkewFrame.lua,131,342
icons/32/Icons_40-GUI-Box-node.png,346,341
antlr/collections/impl/LLCell.class,239,341
shaders/scene-shape.vp,183,341
editor/ui/CollectionView,210,340
icons/16/Icons_29-AT-Unknown.png,344,339
icons/32/Icons_X_09_Linear.png,344,339
icons/32/Icons_44-Collistionshape-convex-Box.png,344,339
doc/cs-dmsdk-dlib-configfile_gen.cs_doc.sdoc,202,339
icons/16/Icons_28-AT-Font.png,343,338
javax/xml/bind/ValidationEventLocator.class,230,336
com/googlecode/javaewah/symmetric/BitmapSymmetricAlgorithm.class,203,335
icons/32/Icons_M_02_warning.png,339,334
shaders/basic-texture-paged-color.fp,176,334
icons/64/Icons_40-GUI-Box-node.png,332,333
icons/16/Icons_22-Model.png,337,332
com/cognitect/transit/DefaultReadHandler.class,188,331
com/samskivert/mustache/Mustache$TemplateLoader.class,217,331
javax/vecmath/MismatchedSizeException.class,237,330
javax/vecmath/SingularMatrixException.class,235,330
antlr/debug/SyntacticPredicateListener.class,190,329
_unpack/x86_64-win32/bin/lsp/lua/script/vm/library.lua,172,329
shaders/selection-attribute.fp,182,328
shaders/selection-instance.fp,182,328
icons/32/Icons_X_08_Keyframe.png,333,328
TestScript/TestDdf$Uint64MsgOrBuilder.class,230,326
javax/ws/rs/core/PathSegment.class,200,325
_unpack/x86_64-win32/bin/lsp/lua/meta/template/builtin.lua,144,325
icons/32/Icons_S_07_arrow-d-down.png,329,324
icons/64/Icons_44-Collistionshape-convex-Box.png,323,323
templates/template.label,213,323
icons/32/Icons_S_08_arrow-d-up.png,327,322
_unpack/x86_64-win32/bin/lsp/lua/meta/3rd/Cocos4.0/library/ccs/FrameData.lua,141,320
antlr/ToolErrorHandler.class,215,318
_unpack/x86_64-win32/bin/lsp/lua/meta/3rd/bee/library/bee/sys.lua,126,318
icons/16/Icons_46-Collistionshape-convex-Cylinder.png,322,317
TestScript/TestDdf$SubMsgOrBuilder.class,227,316
icons/16/Icons_41-GUI-Pie-node.png,320,315
doc/cs-dmsdk-extension-extension_gen.cs_doc.sdoc,176,315
builtins/graphics/particle_blob.tilesource,214,313
_unpack/x86_64-win32/bin/lsp/lua/meta/default utf8/System.Windows.Markup.lua,128,311
javax/ws/rs/ext/ExceptionMapper.class,188,310
_unpack/x86_64-win32/bin/lsp/lua/meta/Lua 5.4 zh-cn utf8/builtin.lua,139,309
org/nibor/autolink/LinkRenderer.class,214,309
_unpack/x86_64-win32/bin/lsp/lua/meta/LuaJIT zh-cn utf8/builtin.lua,139,309
icons/16/Icons_21-Light.png,312,307
javax/xml/bind/UnmarshallerHandler.class,215,307
icons/32/Icons_S_02_Reset.png,311,306
builtins/docs/licenses.md,215,306
icons/tabs/ic_search-results-white.png,311,306
antlr/debug/InputBufferListener.class,199,306
icons/32/Icons_54-Step-Out.png,310,305
com/cognitect/transit/Keyword.class,176,305
org/jvnet/mimepull/Data.class,204,305
_unpack/x86_64-win32/bin/lsp/lua/meta/default utf8/UnityEngine.Scripting.APIUpdating.lua,146,303
_unpack/x86_64-win32/bin/lsp/lua/script/core/command/getConfig.lua,171,301
templates/template.cp,188,300
antlr/debug/ParserMatchListener.class,184,299
_unpack/x86_64-win32/bin/lsp/lua/meta/3rd/Cocos4.0/library/ccs/ArmatureDisplayData.lua,129,298
icons/16/Icons_03-Builtins.png,303,298
_unpack/x86_64-win32/bin/lsp/lua/meta/3rd/Cocos4.0/library/ccs/ParticleDisplayData.lua,131,298
icons/16/Icons_45-Collistionshape-convex-Sphere.png,301,296
templates/template.ambient_light,106,296
_unpack/x86_64-win32/bin/lsp/lua/meta/3rd/Cocos4.0/library/cc/TMXTilesetInfo.lua,162,296
templates/template.directional_light,106,296
icons/32/Icons_52-Collection-proxy.png,260,296
icons/tabs/ic_curve-editor-grey.png,301,296
icons/16/Icons_35-Inputbinding.png,300,295
_unpack/x86_64-win32/bin/lsp/lua/meta/3rd/OpenResty/library/ngx/upstream.lua,121,295
shaders/basic-color.vp,176,295
builtins/materials/gui_paged_atlas.fp,164,294
editor/gl/vertex2/IVertexBuffer,199,293
antlr/CharFormatter.class,178,293
icons/redo.png,298,293
antlr/collections/Stack.class,205,293
_unpack/x86_64-win32/bin/lsp/lua/meta/3rd/skynet/library/skynet/debug.lua,190,292
icons/32/Icons_55-Step-In.png,296,291
com/cognitect/transit/ReadHandler.class,176,290
icons/16/Icons_51-Collision-shape-convex.png,290,289
com/cognitect/transit/TaggedValue.class,183,288
shaders/basic-texture.vp,167,288
shaders/selection-uniform.vp,167,288
OSGI-INF/org.eclipse.jgit.internal.util.CleanupService.xml,181,287
_unpack/x86_64-win32/bin/lsp/lua/meta/3rd/OpenResty/library/resty/core/utils.lua,152,287
javax/ws/rs/ext/ContextResolver.class,179,287
_unpack/x86_64-win32/bin/lsp/lua/meta/3rd/Cocos4.0/library/cc/TiledGrid3DAction.lua,140,286
icons/45/Icons_T_02_Move.png,291,286
icons/32/Icons_T_02_Move.png,291,286
builtins/materials/sprite.vp,171,285
builtins/materials/tile_map.vp,171,285
antlr/ANTLRError.class,206,285
icons/undo.png,290,285
com/cognitect/transit/Symbol.class,185,280
templates/template.vp,162,279
antlr/TreeParserSharedInputState.class,213,274
shaders/basic-texture-color.fp,151,273
org/slf4j/IMarkerFactory.class,185,272
com/cognitect/transit/URI.class,181,271
icons/tabs/ic_curve-editor-white.png,276,271
_unpack/x86_64-win32/bin/lsp/lua/meta/3rd/OpenResty/library/resty/limit/count.lua,140,271
potemkin/PersistentMapProxy$IEquality.class,187,270
internal/transaction/TransactionStep.class,173,269
editor/types/PathManipulation,175,268
icons/32/Icons_02-Folder-open.png,272,267
templates/template.tilesource,183,266
shaders/basic-color-straight-alpha.vp,163,266
icons/32/Icons_T_04_Scale.png,261,265
icons/45/Icons_T_04_Scale.png,261,265
icons/32/Icons_X_11_scaleupdown.png,263,264
builtins/materials/gui_paged_atlas.material,175,263
javax/ws/rs/core/StreamingOutput.class,189,263
TestScript/TestDdf$EmptyMsgOrBuilder.class,190,262
editor/lsp/ServerResponse,164,261
doc/dmsdk-graphics-graphics_webgpu.h_doc.sdoc,148,260
icons/32/Icons_M_06_trash.png,265,260
com/cognitect/transit/Link.class,184,259
editor/gl/shader/SamplerVariables,162,259
builtins/manifests/ios/LaunchScreen.storyboardc/Info.plist,149,258
shaders/basic-texture-paged.fp,157,256
antlr/debug/ParserController.class,179,256
editor/math/VecmathConverter,166,255
_unpack/x86_64-win32/bin/lsp/lua/meta/3rd/Defold/library/collection_proxy.lua,156,254
antlr/debug/SemanticPredicateListener.class,165,254
_unpack/x86_64-win32/bin/lsp/lua/script/meta/bee/sys.lua,123,254
editor/engine/build_errors/ErrorInfoProvider,185,251
icons/32/Icons_M_10_modified.png,251,250
_unpack/x86_64-win32/bin/lsp/lua/meta/3rd/OpenResty/library/resty/core/misc.lua,138,249
org/slf4j/spi/LoggerFactoryBinder.class,169,249
org/slf4j/spi/MarkerFactoryBinder.class,169,249
editor/ui/HasUserData,150,249
_unpack/x86_64-win32/bin/lsp/lua/script/core/command/setConfig.lua,155,246
antlr/CharStreamException.class,191,245
antlr/TokenStreamRetryException.class,178,244
templates/template.glsl,158,243
antlr/ASdebug/IASDebugStream.class,176,243
antlr/debug/ParserTokenListener.class,172,242
icons/32/Icons_X_10_scalesides.png,246,241
editor/protobuf/GenericDescriptor,177,241
templates/template.texture_profiles,160,240
antlr/FileCopyException.class,188,240
_unpack/x86_64-win32/bin/lsp/lua/meta/3rd/OpenResty/library/resty/upstream/healthcheck.lua,119,240
org/json/simple/parser/ContainerFactory.class,172,239
builtins/materials/gui.material,167,239
icons/16/Icons_40-GUI-Box-node.png,244,239
_unpack/x86_64-win32/bin/lsp/lua/meta/3rd/OpenResty/library/resty/upload.lua,134,238
editor/code/data/GlyphMetrics,169,237
icons/64/Icons_01-Folder-closed.png,223,236
com/googlecode/javaewah/ChunkIterator.class,180,236
editor/handler/SelectionProvider,161,235
com/cognitect/transit/Writer.class,163,235
builtins/materials/gui.fp,139,234
icons/32/Icons_57-Play.png,237,234
antlr/debug/MessageListener.class,171,233
editor/ui/Editable,154,232
icons/left-arrow.png,236,231
editor/code/data/Clipboard,170,230
icons/right-arrow.png,232,229
icons/16/Icons_20-Camera.png,230,227
icons/16/Icons_44-Collistionshape-convex-Box.png,230,227
_unpack/x86_64-win32/bin/lsp/lua/meta/3rd/love2d/config.json,141,227
builtins/graphics/default.texture_profiles,157,226
antlr/debug/ListenerBase.class,174,224
org/json/simple/JSONStreamAware.class,174,223
internal/paper_tape/Iterator.class,166,223
antlr/GrammarAnalyzer.class,181,221
icons/16/Icons_02-Folder-open.png,224,221
editor/ui/CloseRequestable,155,220
antlr/debug/TraceListener.class,163,220
editor/editor_extensions/runtime/SuspensionResult,172,217
editor/types/Pass,169,217
doc/cs-dmsdk-dlib-hash_gen.cs_doc.sdoc,143,217
_unpack/x86_64-win32/bin/lsp/lua/meta/template/table.new.lua,142,217
icons/32/Icons_M_01_download.png,217,214
_unpack/x86_64-win32/bin/lsp/lua/meta/3rd/OpenResty/library/resty/core/ctx.lua,145,214
icons/left-arrow-on.png,219,214
editor/gl/types/GLBinding,146,213
editor/types/SATIntersection,165,213
icons/16/Icons_52-Collection-proxy.png,187,213
com/cognitect/transit/impl/TagProviderAware.class,147,211
editor/ui/Closeable,147,211
_unpack/x86_64-win32/bin/lsp/lua/script/parser/init.lua,104,210
icons/32/Icons_S_10_arrow-o-left.png,210,208
antlr/debug/NewLineListener.class,152,208
internal/transaction/TransactionChange.class,144,205
icons/right-arrow-on.png,210,205
icons/32/Icons_E_00_info.png,205,204
_unpack/x86_64-win32/bin/lsp/lua/meta/3rd/OpenResty/library/resty/core/request.lua,125,204
builtins/fonts/debug/always_on_top_font.material,147,204
editor/protobuf/PbConverter,152,204
editor/resource/ResourceListener,139,204
antlr/collections/ASTEnumeration.class,159,203
com/cognitect/transit/Reader.class,155,203
editor/lsp/server/Connection,156,202
antlr/TokenStream.class,149,202
editor/ui/HasValue,142,202
_unpack/x86_64-win32/bin/lsp/lua/meta/3rd/Cocos4.0/library/cc/AudioProfile.lua,124,201
javax/xml/bind/ValidationEventHandler.class,141,200
icons/45/Icons_T_05_Center.png,178,200
icons/32/Icons_T_05_Center.png,178,200
doc/dmsdk-dlib-dalloca.h_doc.sdoc,118,199
icons/32/Icons_S_09_arrow-o-right.png,201,199
org/nibor/autolink/LinkSpan.class,145,199
org/slf4j/helpers/Util$1.class,159,199
editor/gl/texture/TextureProxy,135,199
util/digestable/Digestable.class,129,198
org/nibor/autolink/internal/Scanner.class,156,198
editor/scene_async/IPixelWriteCallback,152,197
util/http_server/types/ConnectionWrite.class,149,197
templates/template.lua,134,196
antlr/collections/Enumerator.class,155,196
editor/ui/Text,135,196
com/googlecode/javaewah/datastructure/WordArray.class,161,195
editor/ui/HasChildren,144,195
shaders/basic-texture.fp,129,195
antlr/debug/DebuggingParser.class,155,194
editor/lsp/server/Message,138,193
builtins/fonts/label-fnt.material,138,193
shaders/uniform-color.vp,136,193
editor/localization/Localizable,133,193
_unpack/x86_64-win32/bin/lsp/lua/meta/3rd/OpenResty/library/resty/sha256.lua,126,192
_unpack/x86_64-win32/bin/lsp/lua/meta/3rd/OpenResty/library/resty/sha512.lua,126,192
_unpack/x86_64-win32/bin/lsp/lua/meta/3rd/OpenResty/library/thread/exdata2.lua,136,192
_unpack/x86_64-win32/bin/lsp/lua/meta/3rd/OpenResty/library/resty/sha224.lua,131,192
_unpack/x86_64-win32/bin/lsp/lua/meta/3rd/OpenResty/library/resty/sha384.lua,126,192
builtins/fonts/font-fnt.material,134,191
builtins/fonts/label-df.material,137,191
com/samskivert/gwt/java/io/Writer.java,149,191
util/http_server/types/ConnectionContentLength.class,152,190
_unpack/x86_64-win32/bin/lsp/lua/meta/3rd/bee/config.json,150,190
builtins/fonts/font-df.material,133,189
com/cognitect/transit/impl/TagProvider.class,142,188
editor/graphics/types/ElementBuffer,154,188
_unpack/x86_64-win32/bin/lsp/lua/meta/3rd/OpenResty/library/resty/core/response.lua,114,188
internal/node/ValueType.class,153,187
icons/16/Icons_01-Folder-closed.png,188,187
_unpack/x86_64-win32/bin/lsp/lua/meta/3rd/bee/library/bee/time.lua,93,187
icons/32/Icons_S_14_linkarrow.png,188,187
camel_snake_kebab/AlterName.class,132,186
util/http_server/types/ConnectionContentType.class,149,186
templates/template.display_profiles,103,185
builtins/fonts/default.font,139,185
builtins/fonts/label.material,134,185
doc/cs-dmsdk-lua-lauxlib_gen.cs_doc.sdoc,119,185
com/cognitect/transit/impl/TagFinder.class,143,184
_unpack/x86_64-win32/bin/lsp/lua/meta/3rd/OpenResty/library/resty/random.lua,124,184
_unpack/x86_64-win32/bin/lsp/lua/meta/3rd/lfs/config.json,128,183
builtins/fonts/font.material,130,183
icons/tabs/ic_console-grey.png,167,183
icons/32/Icons_S_01_SmallClose.png,183,182
editor/graphics/types/ValueBinding,141,181
org/slf4j/ILoggerFactory.class,138,180
_unpack/x86_64-win32/bin/lsp/lua/meta/3rd/OpenResty/library/resty/sha1.lua,124,180
org/slf4j/MDC$1.class,150,180
editor/core/Adaptable,126,180
icons/32/Icons_01-Folder-closed.png,179,179
editor/buffers/ReducerImpl,151,179
editor/properties/Sampler,140,178
numbers.png,180,178
editor/editor_extensions/vm/__GT_Clj,133,178
com/samskivert/gwt/java/io/Reader.java,141,178
com/cognitect/transit/Named.class,144,177
editor/types/Area,149,175
javax/xml/bind/ParseConversionEvent.class,129,174
javax/xml/bind/NotIdentifiableEvent.class,130,174
javax/xml/bind/PrintConversionEvent.class,129,174
doc/cs-dmsdk-lua-lua_gen.cs_doc.sdoc,113,173
util/http_server/types/__GT_Connection.class,140,172
com/googlecode/javaewah/IntIterator.class,143,172
org/jvnet/mimepull/Header.class,146,172
editor/lsp/server/Launcher,127,170
editor/outline/ItemIterator,138,170
editor/ui/Cancellable,132,170
util/http_server/types/ContentLength.class,141,169
templates/template.camera,118,169
_unpack/x86_64-win32/bin/lsp/lua/meta/3rd/OpenResty/library/resty/limit/traffic.lua,108,169
builtins/render/default.display_profiles,99,168
editor/editor_extensions/vm/__GT_Varargs,138,168
editor/ui/HasAction,130,168
builtins/fonts/debug/always_on_top.font,116,167
_unpack/x86_64-win32/bin/lsp/lua/meta/template/table.clear.lua,123,167
_unpack/_defold/debugger/start_remote.lua,140,166
util/http_server/types/ContentType.class,137,165
editor/types/N2Extent,136,162
icons/tabs/ic_console-white.png,162,162
org/json/simple/JSONAware.class,134,161
editor/buffers/ByteStringCoding,136,161
internal/paper_tape/Truncate.class,128,160
org/nibor/autolink/Span.class,140,160
editor/editor_extensions/vm/__GT_Lua,134,160
util/http_server/types/__GT_Data.class,134,160
internal/paper_tape/Drop.class,132,160
editor/ui/HasSelectionModel,130,158
editor/buffers/HasByteOrder,131,158
editor/input/ModifierKeys,131,157
editor/ui/Future,129,156
_unpack/_defold/debugger/start.lua,134,155
editor/types/Translation,125,154
icons/32/Icons_S_03_arrowleft.png,153,154
icons/32/Icons_59-Arrow-Left.png,152,152
antlr/ASTVisitor.class,129,152
plumbing/fnk/pfnk/PFnk.class,128,151
editor/types/ImageHolder,130,151
editor/ui/HasMenuItemList,128,151
icons/32/Icons_S_14_linkarrow_org.png,145,148
editor/types/Rotation,122,148
icons/32/Icons_S_06_arrowup.png,145,148
editor/types/Position,122,148
editor/geom/Invertible,122,146
icons/32/Icons_S_13_radiocircle.png,144,145
editor/geom/AsArray,122,145
util/path/Coercions.class,122,144
icons/32/Icons_S_05_arrowdown.png,142,144
icons/32/Icons_60-Arrow-Right.png,142,143
editor/types/Frame,119,142
editor/types/R3Max,121,142
internal/node/Ref.class,122,142
editor/types/R3Min,121,142
icons/32/Icons_S_04_arrowright.png,137,141
shaders/uniform-color.fp,99,138
templates/template.collisionobject,115,137
_unpack/x86_64-win32/bin/lsp/lua/meta/3rd/lovr/config.json,100,134
icons/tabs/ic_build-problems-grey.png,129,131
_unpack/x86_64-win32/bin/lsp/lua/meta/3rd/OpenResty/library/resty/core/worker.lua,94,131
_unpack/x86_64-win32/bin/lsp/lua/meta/3rd/luv/config.json,78,130
_unpack/x86_64-win32/bin/lsp/lua/meta/3rd/OpenResty/library/resty/core/base64.lua,85,130
_unpack/x86_64-win32/bin/lsp/lua/meta/3rd/OpenResty/library/resty/core/shdict.lua,87,130
_unpack/x86_64-win32/bin/lsp/lua/meta/3rd/OpenResty/library/resty/core/phase.lua,85,127
_unpack/x86_64-win32/bin/lsp/lua/meta/3rd/Cocos4.0/library/cc/EventAcceleration.lua,70,126
icons/32/Icons_58-Stop.png,123,125
_unpack/x86_64-win32/bin/lsp/lua/meta/3rd/OpenResty/library/resty/core/exit.lua,85,124
_unpack/x86_64-win32/bin/lsp/lua/meta/3rd/OpenResty/library/resty/core/hash.lua,85,124
_unpack/x86_64-win32/bin/lsp/lua/meta/3rd/OpenResty/library/resty/core/time.lua,85,124
org/nibor/autolink/package-info.class,108,124
luajc$1.class,108,122
templates/template.tilemap,95,121
_unpack/x86_64-win32/bin/lsp/lua/meta/3rd/OpenResty/library/resty/core/ndk.lua,84,121
_unpack/x86_64-win32/bin/lsp/lua/meta/3rd/OpenResty/library/resty/core/uri.lua,84,121
_unpack/x86_64-win32/bin/lsp/lua/meta/3rd/OpenResty/library/resty/core/var.lua,84,121
_unpack/x86_64-win32/bin/lsp/lua/meta/3rd/Cocos4.0/config.json,87,120
templates/template.buffer,71,118
templates/template.gui,96,118
templates/template.material,94,113
shaders/basic-color.fp,78,112
_unpack/x86_64-win32/bin/lsp/lua/meta/3rd/Jass/config.json,86,111
icons/tabs/ic_build-problems-white.png,107,111
javax/xml/bind/Element.class,96,110
icons/32/Icons_M_04_listview.png,107,110
icons/32/Icons_56-Pause.png,106,110
icons/32/Icons_M_07_plus.png,105,109
_unpack/x86_64-win32/bin/lsp/lua/meta/3rd/OpenResty/library/resty/core.lua,78,109
icons/32/Icons_M_05_gridview.png,102,109
com/samskivert/Mustache.gwt.xml,81,108
internal/node/NodeType.class,99,106
_unpack/x86_64-win32/bin/lsp/lua/meta/3rd/OpenResty/library/resty/sha.lua,78,105
widgets/drag-handle-ud.png,96,103
_unpack/x86_64-win32/bin/lsp/lua/meta/3rd/Cocos4.0/library/cc/EaseBounce.lua,70,103
internal/node/Type.class,96,102
widgets/drag-handle-lr.png,95,102
templates/template.sprite,86,100
icons/32/Icons_M_11_minus.png,96,99
data_readers.cljc,69,92
_unpack/x86_64-win32/bin/lsp/lua/meta/3rd/busted/config.json,77,91
_unpack/x86_64-win32/bin/lsp/lua/script/glob/init.lua,55,89
_unpack/x86_64-win32/bin/lsp/lua/meta/3rd/example/library/love.lua,78,82
com/cognitect/http-client/manifest.edn,74,80
_unpack/x86_64-win32/bin/lsp/lua/script/brave/init.lua,50,75
javafx.properties,44,71
_unpack/x86_64-win32/bin/lsp/lua/script/workspace/init.lua,48,69
_unpack/x86_64-win32/bin/lsp/lua/script/pub/init.lua,51,68
_unpack/x86_64-win32/bin/lsp/lua/script/provider/init.lua,47,67
templates/template.mesh,53,66
_unpack/x86_64-win32/bin/lsp/lua/meta/3rd/luaecs/config.json,55,64
_unpack/x86_64-win32/bin/lsp/lua/meta/3rd/skynet/config.json,51,64
_unpack/x86_64-win32/bin/lsp/lua/script/cli/version.lua,51,64
templates/template.cubemap,42,63
_unpack/x86_64-win32/bin/lsp/lua/script/service/init.lua,46,61
_unpack/x86_64-win32/bin/lsp/lua/meta/3rd/luassert/config.json,58,60
_unpack/x86_64-win32/bin/lsp/lua/script/config/init.lua,45,57
cognitect_aws_http.edn,50,55
gluegen/info.txt,55,55
_unpack/x86_64-win32/bin/lsp/lua/script/proto/init.lua,46,55
COPYRIGHT,52,53
_unpack/x86_64-win32/bin/lsp/lua/meta/3rd/ffi-reflect/.git,47,51
templates/template.sound,49,51
_unpack/x86_64-win32/bin/lsp/lua/meta/3rd/OpenResty/library/ndk.lua,42,50
OSGI-INF/l10n/plugin.properties,44,49
_unpack/x86_64-win32/bin/lsp/lua/meta/3rd/OpenResty/.git,45,49
builtins/render/default.render,43,49
_unpack/x86_64-win32/bin/lsp/lua/meta/3rd/Cocos4.0/.git,44,48
_unpack/x86_64-win32/bin/lsp/lua/meta/3rd/luassert/.git,44,48
_unpack/x86_64-win32/bin/lsp/lua/meta/3rd/Defold/.git,42,46
_unpack/x86_64-win32/bin/lsp/lua/meta/3rd/luaecs/.git,42,46
_unpack/x86_64-win32/bin/lsp/lua/meta/3rd/busted/.git,42,46
_unpack/x86_64-win32/bin/lsp/lua/meta/3rd/love2d/.git,42,46
_unpack/x86_64-win32/bin/lsp/lua/meta/3rd/skynet/.git,42,46
_unpack/x86_64-win32/bin/lsp/lua/script/core/completion/init.lua,38,45
_unpack/x86_64-win32/bin/lsp/lua/meta/3rd/Jass/.git,40,44
_unpack/x86_64-win32/bin/lsp/lua/meta/3rd/lovr/.git,40,44
_unpack/x86_64-win32/bin/lsp/lua/meta/3rd/luv/.git,39,43
_unpack/x86_64-win32/bin/lsp/lua/meta/3rd/bee/.git,39,43
_unpack/x86_64-win32/bin/lsp/lua/meta/3rd/lfs/.git,39,43
templates/template.model,27,28
templates/template.compute,23,21
_unpack/x86_64-win32/bin/lsp/lua/script/plugins/init.lua,23,21
templates/template.atlas,22,20
templates/template.collection,20,18
templates/template.collectionproxy,18,16
templates/template.collectionfactory,17,15
templates/template.factory,17,15
templates/template.render,14,12
_unpack/x86_64-win32/bin/lsp/lua/meta/3rd/ffi-reflect/config.json,10,10
templates/template.animationset,2,0
templates/template.go,2,0
templates/template.input_binding,2,0
templates/template.editor_localization,2,0
templates/template.render_target,2,0
