filename,compressed,uncompressed
JDK,73264046,73264046
libexec/bundletool-all.jar,30633323,32505571
_unpack/x86_64-linux/bin/dmengine,11802712,27025136
com/sun/*.*,8617214,21268525
clojure/*.*,7000967,15522435
lib/android.jar,10833398,14664759
com/ibm/*.*,6146730,13876950
libexec/x86_64-linux/tint,3807869,12036104
libexec/x86_64-linux/glslang,3030104,11949752
com/dynamo/*.*,4404177,11783739
editor/gui,5560039,11750586
lib/arm64-linux/libfontc_shared.so,3857173,11295192
lib/x86_64-linux/libfontc_shared.so,3892837,11206416
libexec/x86_64-macos/dmengine,4042562,9361440
libexec/x86_64-win32/dmengine.exe,4068840,9109320
libexec/x86_64-macos/dmengine_release,3411213,8172896
libexec/arm64-macos/dmengine,3491489,7993552
libexec/x86_64-win32/dmengine_release.exe,3384051,7793480
javafx/*.*,3509891,7776779
lib/x86_64-linux/libtexc_shared.so,3251878,7720488
libexec/x86_64-linux/aapt2,2777346,7620984
lib/arm64-linux/libtexc_shared.so,3214876,7611032
libexec/x86_64-linux/dmengine,3361316,7218680
libexec/arm64-macos/dmengine_release,2932851,7046656
libexec/x86_64-linux/gltf_validator,2624438,6718376
lib/x86_64-linux/libc++.so,1498484,6457600
org/eclipse/jgit/*.*,2849222,6440142
lib/x86_64-win32/shaderc_shared.dll,1682281,5827912
libexec/x86_64-linux/dmengine_release,2613447,5657576
com/jogamp/*.*,2060879,5301844
libexec/arm64-android/libdmengine.so,2571612,5149312
jogamp/*.*,1994042,5001762
lib/x86_64-linux/libshaderc_shared.so,1713015,4932536
libexec/x86_64-linux/spirv-opt,1772439,4698856
com/google/protobuf/*.*,1609592,4625316
libexec/arm64-android/libdmengine_release.so,2189973,4577664
lib/arm64-linux/libshaderc_shared.so,1597441,4536600
libexec/x86_64-linux/lipo,2544968,4519843
org/apache/commons/*.*,1826544,4341676
com/fasterxml/jackson/*.*,1401584,3932759
lib/x86_64-macos/libshaderc_shared.dylib,1212254,3900576
libexec/arm64-ios/dmengine,1934443,3810512
libexec/x86_64-linux/strip_android,1543509,3693968
lib/arm64-macos/libshaderc_shared.dylib,1093131,3596112
lib/x86_64-win32/texc_shared.dll,1497509,3506504
editor/collision_object,1553374,3366434
libexec/wasm-web/dmengine.wasm,1498771,3366430
cljfx/*.*,1600540,3332464
libexec/arm64-ios/dmengine_release,1572458,3267616
lib/x86_64-win32/fontc_shared.dll,1069352,3261256
com/amazonaws/*.*,1271062,3207351
builtins/assets/images/logo/logo_blue_1024.bmp,184045,3147874
editor/code/view,1517460,3094123
libexec/wasm-web/dmengine_release.wasm,1185917,2909647
editor/app_view,1413224,2854235
libexec/arm64-android/libvkquality.so,718713,2732376
org/eclipse/jetty/*.*,1135632,2573055
editor/particlefx,1197046,2551185
libexec/x86_64-android/libvkquality.so,702776,2542240
Defold/Defold,2523512,2523512
_unpack/x86_64-linux/bin/lsp/lua/meta/default utf8/UnityEngine.lua,282601,2521240
org/apache/http/*.*,1036821,2397569
libgstreamer-lite.so,915544,2362376
editor/scene,1136006,2341690
org/codehaus/jackson/*.*,857085,2288635
lib/x86_64-macos/libtexc_shared.dylib,964948,2276288
libexec/x86_64-linux/apkc,847223,2253840
cognitect/*.*,653117,2243022
libglassgtk3.so,634522,2123936
editor/font,1003575,2119479
libexec/x86_64-linux/libc++.so.1,541773,2015128
_unpack/x86_64-linux/bin/lsp/lua/bin/lua-language-server,841591,2007928
lib/arm64-macos/libtexc_shared.dylib,867875,1951360
libexec/armv7-android/libvkquality.so,606864,1896108
editor/collection,871094,1853827
lib/arm64-linux/libmodelc_shared.so,689788,1789440
lib/x86_64-linux/libmodelc_shared.so,696110,1779536
com/github/benmanes/caffeine/*.*,608969,1671617
editor/atlas,794266,1656406
editor/tile_source,727687,1546043
com/defold/*.*,560629,1518840
editor/console,710529,1512740
lib/x86_64-macos/libfontc_shared.dylib,586842,1503856
lib/arm64-macos/libfontc_shared.dylib,544450,1467600
ch/qos/*.*,650229,1442658
editor/tile_map,685277,1422355
editor/light,660268,1392696
javassist/*.*,639452,1371253
_unpack/x86_64-linux/bin/lsp/lua/meta/spell/dictionary.txt,628004,1332879
schema/*.*,577714,1266387
editor/ui,674463,1262343
editor/game_object,576892,1224968
editor/code/script,563512,1196761
editor/app_manifest,540125,1138011
lib/x86_64-win32/modelc_shared.dll,429464,1082696
org/joda/*.*,493748,1046729
_unpack/x86_64-linux/lib/libparticle_shared.so,414196,969096
editor/curve_view,439059,917465
editor/model,432170,910641
lib/builtins.zip,887178,906726
org/openmali/*.*,371153,900682
editor/code/data,433362,848533
_unpack/x86_64-linux/lib/libjogl_desktop.so,127703,829968
editor/sprite,362430,768388
editor/defold_project,371968,765434
welcome/*.*,691465,733416
editor/lsp,369794,714197
org/jsoup/*.*,330403,705826
reitit/*.*,315965,676860
_unpack/x86_64-linux/bin/lsp/lua/meta/default utf8/CS.lua,84136,659463
editor/debug_view,319819,656089
org/antlr/*.*,292308,649333
libexec/x86_64-linux/luajit-64,304682,634024
editor/game_object_non_editable,287751,630482
editor/cljfx_form_view,309460,629357
org/luaj/*.*,290099,622154
editor/scene_visibility,298207,619844
editor/label,292608,618476
editor/workspace,296614,612277
builtins/input/gamecontrollerdb.txt,47711,600329
editor/cubemap,279571,592823
editor/mesh,280891,576159
libjfxmedia.so,198639,574824
editor/camera,281089,574188
org/yaml/snakeyaml/*.*,248795,565020
editor/asset_browser,280873,562174
editor/material,263299,558993
META-INF/*.*,162944,557373
editor/settings,260898,549719
lib/report_template.html,154755,547951
org/msgpack/*.*,237819,547298
editor/sound,255322,541799
editor/scene_tools,267495,534851
net/jpountz/util/win32/amd64/liblz4-java.so,175313,520219
builtins/input/default.gamepads,8621,505569
editor/code/transpilers,237499,502861
org/snakeyaml/engine/*.*,207355,494337
editor/fxui,224977,487729
editor/outline_view,237912,483045
editor/properties_view,236298,476961
editor/model_scene,210381,470530
org/commonmark/*.*,209968,468111
_unpack/x86_64-linux/lib/libjogl_mobile.so,78094,457184
editor/gui__init,132918,455390
editor/markdown,201306,449043
_unpack/x86_64-linux/bin/lsp/lua/meta/3rd/Jass/library/jass/common.lua,61976,448808
editor/camera_editor,204023,440954
editor/lsp/server,227321,439664
_unpack/x86_64-linux/bin/lsp/lua/meta/default utf8/UnityEngine.Rendering.lua,44156,436882
_unpack/x86_64-linux/bin/lsp/lua/meta/default utf8/System.lua,32793,428566
editor/resource_node,198718,421179
editor/properties,210884,413148
editor/collection_non_editable,186693,413107
editor/editor_extensions/ui_components,201626,410708
editor/editor_extensions,198184,404003
localization/ru.editor_localization,81957,379776
editor/protobuf,189034,372463
editor/resource,192965,369753
editor/render_pb,176544,368464
editor/geom,184068,365017
editor/display_profiles,167518,357749
lib/x86_64-macos/libmodelc_shared.dylib,120233,346976
editor/game_project,161673,344878
editor/buffer,165806,341323
DejaVuSansMono.ttf,201912,340712
editor/render_target,154479,332216
DejaVuSansMono-Bold.ttf,199505,331992
editor/breakpoints_view,160542,329988
editor/editor_extensions/graph,164877,329837
editor/code/resource,153792,323417
internal/graph/*.*,158549,323021
editor/code/shader,152107,322942
lib/arm64-macos/libmodelc_shared.dylib,101469,319616
editor/types,163780,317390
editor/script_api,145936,310634
_unpack/x86_64-linux/bin/lsp/lua/meta/default utf8/UnityEngine.UIElements.lua,33541,305510
editor/search_results_view,147554,301508
lib/time_report_template.html,92651,297825
libexec/wasm-web/dmengine.js,67528,296794
editor/factory,137837,294875
SourceSansPro-Regular.ttf,129096,293956
editor/animation_set,137555,292859
SourceSansPro-Light.ttf,127919,292680
SourceSansPro-Semibold.ttf,128416,292404
libexec/x86_64-linux/zipalign,103508,292140
libexec/wasm-web/dmengine_release.js,65400,283579
editor/editor_script,129333,279540
builtins/assets/images/logo/logo_blue_1024.png,246149,276899
editor/editor_localization,125674,274923
editor/game_properties,126219,273274
editor/compute,128181,271695
editor/placeholder_resource,122519,268025
editor/prefs_dialog,129469,266047
editor/data_text,123272,265093
editor/code/text_file,122628,262568
editor/html,122149,259486
org/checkerframework/*.*,133894,258994
editor/collection_proxy,118915,255915
editor/dialogs,125254,254098
DejaVuSansMono-BoldOblique.ttf,151366,253580
editor/command_requests,123728,253414
DejaVuSansMono-Oblique.ttf,150034,251932
editor/image,118832,251213
editor/protobuf_types,116003,249495
editor/scene_selection,114660,242211
localization/en.editor_localization,61120,237689
editor/prefs,121828,234187
editor/debugging/mobdebug,95737,230501
editor/welcome,109688,229460
editor/data,107902,226256
builtins/ca-certificates/cacert.pem,129286,226158
icons/app.iconset/icon_512x512@2x.png,218168,221004
editor/targets,114194,219964
OpenSans-Regular.ttf,113969,217360
_unpack/x86_64-linux/bin/lsp/lua/meta/default utf8/System.Runtime.InteropServices.lua,17496,216968
editor/graphics/types,108836,215719
editor/live_update_settings,99562,213383
net/jpountz/util/linux/aarch64/liblz4-java.so,93938,209176
net/jpountz/util/linux/ppc64le/liblz4-java.so,65770,209096
editor/graphics,99791,207752
editor/gamepads,97103,206227
net/jpountz/util/darwin/x86_64/liblz4-java.dylib,87820,205112
editor/updater,100656,195009
editor/changes_view,93743,192784
editor/image_util,92622,192112
editor/settings_core,94505,181155
mozilla/public-suffix-list.txt,59250,180498
editor/editor_extensions/coerce,86105,179987
editor.css,21542,179695
_unpack/x86_64-linux/bin/lsp/lua/meta/3rd/OpenResty/library/ngx.lua,44292,179147
editor/gl/attribute,86994,177919
editor/grid,88155,177896
_unpack/x86_64-linux/bin/lsp/lua/meta/default utf8/System.Xml.lua,12601,177260
editor/outline,90497,177208
net/jpountz/util/darwin/aarch64/liblz4-java.dylib,73578,173886
editor/handler,89232,173810
localization/ja_JP.editor_localization,42289,172718
editor/view,82506,172405
editor/gl,92210,170304
editor/binary_file,77884,165980
lua-annotations/meta.lua,32978,165747
_unpack/shared/lua-annotations/meta.lua,32978,165747
_unpack/x86_64-linux/bin/lsp/lua/meta/default utf8/System.ComponentModel.lua,11942,165228
editor/localization,83720,164769
_unpack/x86_64-linux/bin/lsp/lua/meta/3rd/love2d/library/love/graphics.lua,32988,163858
editor/buffers,85505,163360
editor/code/view__init,50146,160380
net/jpountz/util/linux/amd64/liblz4-java.so,70811,154886
editor/gl/vertex2,73076,151674
localization/pt_BR.editor_localization,38683,150703
libjavafx_iio.so,72686,148688
_unpack/x86_64-linux/bin/lsp/lua/script/parser/compile.lua,25187,147433
editor/gl/shader,74597,142357
editor/math,77480,142117
editor/engine/build_errors,72305,139828
_unpack/x86_64-linux/bin/lsp/lua/meta/default utf8/System.Security.Cryptography.lua,10158,139279
editor/rulers,67554,137021
doc/editor.apidoc_doc.sdoc,16519,136954
_unpack/x86_64-linux/bin/lsp/lua/meta/default utf8/System.Reflection.Emit.lua,10965,135307
_unpack/x86_64-linux/bin/lsp/lua/meta/3rd/lovr/library/lovr/graphics.lua,31320,132815
editor/build_errors_view,65354,129977
editor/editor_extensions/runtime,65232,127740
_unpack/x86_64-linux/bin/lsp/lua/meta/default utf8/System.Linq.Expressions.lua,6595,126170
_unpack/x86_64-linux/bin/lsp/lua/meta/default utf8/System.Data.SqlTypes.lua,6268,125665
editor/pipeline/texture_set_gen,61951,124878
editor/particlefx__init,36632,123277
editor/gl/texture,62656,122524
icons/document.iconset/icon_256x256@2x.png,121199,121922
editor/collection_common,59070,121836
editor/collision_object__init,34902,120492
editor/html_view,57157,120291
editor/font__init,35627,119482
editor/ui__init,35436,118886
editor/lsp/jsonrpc,59406,117779
builtins/assets/images/logo/logo_blue_512.png,116328,117668
editor/ui/settings_popup,58293,115418
editor/code/preprocessors,55862,114551
editor/gl/vertex,60077,114335
editor/app_view__init,37474,113946
_unpack/x86_64-linux/bin/lsp/lua/meta/3rd/love2d/library/love/physics.lua,17797,111969
_unpack/x86_64-linux/bin/lsp/lua/meta/default utf8/System.Data.lua,9646,111233
editor/fs,59739,111203
editor/gui_clipping,54687,110479
editor/scene__init,35401,109399
_unpack/x86_64-linux/bin/lsp/lua/meta/default utf8/UnityEngine.Animations.lua,9231,108477
_unpack/x86_64-linux/bin/lsp/lua/meta/default utf8/System.Net.lua,10373,108235
_unpack/x86_64-linux/bin/lsp/lua/meta/default utf8/UnityEngine.Networking.lua,15294,106980
splash.png,103703,106623
editor/gviz,55607,106073
editor/texture_set,50916,105987
SourceSansPro-Italic.ttf,53049,103828
SourceSansPro-SemiBoldItalic.ttf,52889,103556
editor/boot_open_project,50031,103494
lua-annotations/bullet3d.lua,15829,102912
_unpack/shared/lua-annotations/bullet3d.lua,15829,102912
doc/gui_script.cpp_doc.sdoc,17251,102692
editor/code/data__init,28210,102447
doc/dmsdk-graphics-graphics.h_doc.sdoc,14765,102013
_unpack/x86_64-linux/bin/lsp/lua/meta/default utf8/System.Diagnostics.lua,8939,101323
_unpack/x86_64-linux/bin/lsp/lua/meta/default utf8/UnityEngine.Rendering.PostProcessing.lua,7775,100534
_unpack/x86_64-linux/bin/lsp/lua/meta/3rd/luv/library/uv.lua,22834,100483
_unpack/x86_64-linux/bin/lsp/lua/meta/default utf8/UnityEngine.Experimental.Rendering.lua,7763,100372
editor/scene_shapes,48806,98264
net/jpountz/util/linux/s390x/liblz4-java.so,39717,97464
editor/resource_update,48488,97409
_unpack/x86_64-linux/bin/lsp/lua/changelog.md,24594,96092
editor/atlas__init,30104,95964
editor/analytics,50333,94935
_unpack/x86_64-linux/bin/lsp/lua/meta/default utf8/System.Reflection.lua,8354,94769
localization/zh_CN.editor_localization,24888,94531
_unpack/x86_64-linux/bin/lsp/lua/meta/default utf8/UnityEngine.XR.lua,13390,94096
_unpack/x86_64-linux/bin/lsp/lua/script/vm/compiler.lua,15170,93733
lua-annotations/b2d.lua,12518,93683
_unpack/shared/lua-annotations/b2d.lua,12518,93683
_unpack/x86_64-linux/bin/lsp/lua/meta/default utf8/System.Linq.lua,4592,93016
_unpack/x86_64-linux/bin/lsp/lua/meta/default utf8/UnityEngine.UI.lua,8910,92835
_unpack/x86_64-linux/bin/lsp/lua/meta/default utf8/UnityEngine.Analytics.lua,7844,92792
icons/app.iconset/icon_512x512.png,91065,91745
icons/app.iconset/icon_256x256@2x.png,91065,91745
_unpack/x86_64-linux/bin/lsp/lua/meta/default utf8/System.Globalization.lua,6073,90838
_unpack/x86_64-linux/lib/libnewt_head.so,29822,89248
editor/tile_source__init,26936,88021
_unpack/x86_64-linux/bin/lsp/lua/meta/default utf8/UnityEngine.VFX.lua,6208,87581
games/skullhorde.jpg,87328,87487
_unpack/x86_64-linux/bin/lsp/lua/meta/default utf8/System.Security.AccessControl.lua,5335,87368
editor/notifications,42216,86741
editor/disk,43128,85887
editor/game_object_common,41759,85579
editor/mouse_binding,42014,84914
editor/attachment,41176,84498
editor/pose,41517,83324
lua-annotations/gui.lua,15476,83115
_unpack/shared/lua-annotations/gui.lua,15476,83115
editor/engine/native_extensions,41455,82822
editor/particle_lib,40956,82632
icons/svg_icons.html,18562,81990
_unpack/x86_64-linux/bin/lsp/lua/meta/default utf8/System.IO.lua,6586,81973
_unpack/x86_64-linux/bin/lsp/lua/meta/default utf8/System.Threading.Tasks.lua,3591,81776
editor/editor_extensions/commands,40229,80904
libexec/x86_64-linux/liboggz.so,28902,80120
editor/code/script_intelligence,37496,79819
editor/app_manifest__init,24669,79439
editor/git,41881,79184
_unpack/x86_64-linux/bin/lsp/lua/script/core/completion/completion.lua,13684,78956
games/boreblasters.jpg,78476,78585
editor/core,39572,78545
editor/collection__init,22466,78453
_unpack/x86_64-linux/bin/lsp/lua/meta/default utf8/System.Threading.lua,6681,78425
_unpack/x86_64-linux/bin/lsp/lua/meta/default utf8/System.Numerics.lua,4569,78310
editor/code_completion,40443,78145
libdecora_sse.so,31882,77816
games/superweird.jpg,77560,77593
editor/editor_extensions/vm,42179,77450
editor/pipeline,38243,76427
localization/es_ES.editor_localization,19922,76367
editor/engine,40086,76289
editor/protobuf_forms,37095,75696
editor/tile_map__init,24793,75513
dynamo/graph__init.class,24701,75216
builtins/scripts/mobdebug.lua,19766,75143
editor/texture_util,36590,75030
games/craftomation101.jpg,74492,74527
games/warnament.jpg,74154,74222
doc/luasocket-luasocket.doc_h_doc.sdoc,10783,73322
libprism_sw.so,33864,73192
editor/code/script_annotations,34862,72830
editor/resource_watch,36459,72649
internal/node__init.class,23344,72394
_unpack/x86_64-linux/bin/lsp/lua/meta/default utf8/System.Net.Sockets.lua,5944,71063
editor/editor_extensions/docs,23197,70812
games/tinyracing.jpeg,70195,70354
_unpack/x86_64-linux/bin/lsp/lua/meta/default utf8/System.Runtime.InteropServices.ComTypes.lua,6218,69558
antlr/CppCodeGenerator.class,31830,69247
editor/progress,34967,69172
_unpack/x86_64-linux/bin/lsp/lua/script/parser/luadoc.lua,11227,68927
net/jpountz/util/linux/i386/liblz4-java.so,28871,68840
editor/code/script_compilation,33083,68567
editor/scene_cache,33943,66932
_unpack/x86_64-linux/bin/lsp/lua/meta/default utf8/System.Data.SqlClient.lua,5968,66790
games/familyisland.jpg,66499,66615
logo_blue.png,63647,64801
Defold/logo_blue.png,64801,64801
editor/keymap,31613,64114
editor/light__init,19329,63317
editor/types__init,19063,63230
libprism_es2.so,23094,62480
_unpack/x86_64-linux/bin/lsp/lua/meta/3rd/lovr/library/lovr/physics.lua,9893,62468
_unpack/x86_64-linux/bin/lsp/lua/meta/default utf8/System.Security.Permissions.lua,3986,62304
editor/fxui/combo_box,31630,62164
_unpack/x86_64-linux/bin/lsp/lua/meta/default utf8/System.Xml.Serialization.lua,4619,62107
editor/render_util,30197,61710
editor/editor_extensions/ui_docs,31393,61677
google/protobuf/descriptor.proto,16464,61186
editor/editor_localization_bundle,28291,60825
_unpack/x86_64-linux/bin/lsp/lua/meta/default utf8/System.Xml.Schema.lua,4990,60723
antlr/CSharpCodeGenerator.class,28367,60371
lib/luajit-share.zip,58004,59551
editor/defold_project_search,29874,59450
_unpack/x86_64-linux/bin/lsp/lua/meta/default utf8/System.Runtime.Serialization.lua,4448,59270
editor/lsp/async,30562,59228
editor/background,28511,59139
editor/code/script__init,19496,59101
editor/editor_extensions/zip,30448,58401
editor/lsp/project,29887,58024
editor/console__init,18802,57895
doc/gameobject_script.cpp_doc.sdoc,9859,57625
doc/scripts-script_resource.cpp_doc.sdoc,10063,57574
_unpack/x86_64-linux/bin/lsp/lua/meta/default utf8/System.Data.Common.lua,5384,57519
_unpack/x86_64-linux/bin/lsp/lua/meta/default utf8/System.ComponentModel.Design.lua,4802,57501
doc/dmsdk-gameobject-gameobject.h_doc.sdoc,7225,57389
editor/build,28733,57204
editor/pipeline/bob,28935,57002
editor/boot,29708,56472
editor/pipeline/shader_gen,28395,56471
antlr/JavaCodeGenerator.class,27222,56271
games/monkeymart.jpg,55229,56030
doc/render-render_script.cpp_doc.sdoc,11566,55664
_unpack/x86_64-linux/bin/lsp/lua/meta/default utf8/UnityEngine.Playables.lua,6735,55222
antlr/PythonCodeGenerator.class,27221,54595
_unpack/x86_64-linux/bin/lsp/lua/meta/default utf8/System.Security.Cryptography.X509Certificates.lua,3925,54065
editor/ui/bindings,27404,53678
editor/resource__init,15973,53591
editor/editor_extensions/actions,27627,53522
editor/protobuf__init,16052,53499
editor/game_object__init,16617,53483
doc/src-script_vmath.cpp_doc.sdoc,8543,53089
_unpack/x86_64-linux/bin/lsp/lua/meta/default utf8/System.Net.NetworkInformation.lua,4412,52892
editor/editor_extensions/prefs_functions,26246,52884
editor/sentry,27171,52530
editor/diff_view,25925,52391
games/fatesofort.jpg,52236,52268
libavplugin-57.so,19699,52264
libavplugin-56.so,19708,52264
libavplugin-ffmpeg-58.so,19703,52264
libavplugin-ffmpeg-56.so,19723,52264
libavplugin-ffmpeg-57.so,19702,52264
libavplugin-ffmpeg-62.so,19705,52152
libavplugin-ffmpeg-59.so,19709,52144
libavplugin-ffmpeg-61.so,19709,52144
libavplugin-ffmpeg-60.so,19708,52144
_unpack/x86_64-linux/bin/lsp/lua/locale/ja-jp/meta.lua,12213,52069
_unpack/x86_64-linux/bin/lsp/lua/script/provider/provider.lua,8537,52057
libavplugin-54.so,18757,52024
editor/model__init,16839,51957
_unpack/x86_64-linux/bin/lsp/lua/meta/3rd/lovr/library/lovr/data.lua,11558,51877
libfxplugins.so,18800,51752
editor/input,25902,51001
editor/color_dropper,24325,50798
games/solitairejazztravel.jpg,50345,50523
editor/defold_project__init,16816,50498
editor/gl/light,24934,50175
_unpack/x86_64-linux/bin/lsp/lua/meta/default utf8/UnityEngine.Timeline.lua,4285,50140
editor/ui/fuzzy_combo_box,25793,49688
editor/graph_util,23977,49477
editor/editor_extensions/ui_docs__init,17596,49373
builtins/fonts/vera_mo_bd.ttf,27238,49052
doc/scripts-bullet3d-script_bullet3d_constraint.cpp_doc.sdoc,5836,48930
editor/error_reporting,25238,48552
editor/ui/updater,24514,48483
editor/scene_async,25163,48222
editor/camera__init,14861,48153
_unpack/x86_64-linux/bin/lsp/lua/meta/default utf8/System.CodeDom.lua,3366,47969
_unpack/x86_64-linux/bin/lsp/lua/locale/ja-jp/script.lua,13106,47166
editor/code/syntax,23442,46971
_unpack/x86_64-linux/bin/lsp/lua/meta/default utf8/System.Text.lua,2942,46599
_unpack/x86_64-linux/bin/lsp/lua/meta/default utf8/UnityEngine.AI.lua,7545,46368
_unpack/x86_64-linux/bin/lsp/lua/locale/es-419/meta.lua,11804,46285
games/plaguelords.jpg,46166,46273
libexec/x86_64-linux/oggz-validate,12237,46040
editor/shared_editor_settings,22967,46030
_unpack/x86_64-linux/bin/lsp/lua/meta/3rd/lovr/library/lovr/math.lua,8450,45931
lua-annotations/render.lua,10076,45787
_unpack/shared/lua-annotations/render.lua,10076,45787
_unpack/shared/lua-annotations/editor.editor_script,7922,45704
lua-annotations/editor.editor_script,7922,45704
dialogs.css,5721,45515
editor/model_loader,23496,45473
editor/prefs__init,14979,45424
editor/recent_files,23410,45373
_unpack/x86_64-linux/bin/lsp/lua/locale/pt-br/meta.lua,11650,45265
editor/editor_extensions/http_server,23131,45233
_unpack/x86_64-linux/bin/lsp/lua/meta/default utf8/System.Runtime.CompilerServices.lua,4272,45153
org/objectweb/asm/ClassReader.class,22697,45120
games/lookyourloot.jpg,44393,44569
editor/workspace__init,14426,44472
games/duozombies.jpg,44021,44360
editor/fuzzy_text,23200,44312
_unpack/x86_64-linux/bin/lsp/lua/meta/default utf8/System.Security.Policy.lua,3300,44034
editor/sprite__init,14488,43919
editor/engine_profiler,21830,43869
editor/editor_extensions/ui_components__init,14471,43861
editor/resource_dialog,22570,43673
_unpack/x86_64-linux/lib/libnativewindow_drm.so,10365,43584
editor/rig,22133,43556
editor/texture/engine,22475,43481
libexec/x86_64-linux/libogg.so,20921,43288
lua-annotations/graphics.lua,4639,43005
_unpack/shared/lua-annotations/graphics.lua,4639,43005
_unpack/shared/lua-annotations/meta.editor_script,5612,43002
lua-annotations/meta.editor_script,5612,43002
editor/lsp/server__init,13946,42671
_unpack/x86_64-linux/bin/lsp/lua/locale/en-us/meta.lua,10932,42651
editor/properties__init,14406,42559
editor/model_util,20448,42226
doc/dmsdk-resource-resource.h_doc.sdoc,5240,41601
editor/slice9,21398,41465
_unpack/x86_64-linux/bin/lsp/lua/locale/es-419/script.lua,12620,41191
javax/vecmath/Matrix4d.class,16540,41153
editor/render_program_utils,19966,41138
editor/lsp__init,13423,41127
_unpack/x86_64-linux/bin/lsp/lua/meta/default utf8/System.Collections.Generic.lua,2904,40597
_unpack/x86_64-linux/bin/lsp/lua/meta/default utf8/System.Xml.Linq.lua,2798,40527
_unpack/x86_64-linux/bin/lsp/lua/locale/zh-tw/meta.lua,12087,40524
editor/validation,21660,40523
editor/gl__init,10889,40463
lua-annotations/resource.lua,7920,40420
_unpack/shared/lua-annotations/resource.lua,7920,40420
_unpack/x86_64-linux/bin/lsp/lua/locale/zh-cn/meta.lua,12127,40224
editor/curve_view__init,13391,40053
_unpack/x86_64-linux/bin/lsp/lua/locale/pt-br/script.lua,12385,40042
editor/material__init,13737,40026
editor/editor_tab,19567,39690
editor/http_server/prefs,19869,39609
_unpack/x86_64-linux/bin/lsp/lua/meta/default utf8/UnityEngine.iOS.lua,5045,39524
_unpack/x86_64-linux/lib/libnativewindow_x11.so,10590,39416
internal/transaction__init.class,12196,39359
_unpack/x86_64-linux/bin/lsp/lua/meta/3rd/Defold/library/luasocket.lua,6915,39316
editor/cljfx_form_view__init,13737,39172
_unpack/shared/lua-annotations/go.lua,6752,38940
lua-annotations/go.lua,6752,38940
editor/game_object_non_editable__init,10344,38638
_unpack/x86_64-linux/bin/lsp/lua/meta/3rd/Defold/library/gui.lua,8460,38536
editor/editor_extensions/graph__init,13339,38179
editor/doc,20244,37965
editor/gl/types,19665,37794
_unpack/x86_64-linux/bin/lsp/lua/meta/default utf8/UnityEngine.Tilemaps.lua,4567,37778
_unpack/x86_64-linux/bin/lsp/lua/meta/default utf8/System.Data.OleDb.lua,3701,37630
_unpack/x86_64-linux/bin/lsp/lua/locale/en-us/script.lua,11520,37300
javax/vecmath/Matrix4f.class,15463,37124
editor/ui/proxy,10994,36721
javafx-swt.jar,34646,36680
_unpack/x86_64-linux/bin/lsp/lua/locale/zh-tw/script.lua,12370,36670
doc/dmsdk-gameobject-component.h_doc.sdoc,4238,36590
_unpack/x86_64-linux/bin/lsp/lua/locale/zh-cn/script.lua,12351,36490
_unpack/x86_64-linux/bin/lsp/lua/script/parser/guide.lua,6576,36380
doc/scripts-box2d-v3-script_box2d_joint_v3.cpp_doc.sdoc,2835,36123
_unpack/x86_64-linux/bin/lsp/lua/locale/ja-jp/setting.lua,9636,36061
icons/document.iconset/icon_256x256.png,35882,36060
icons/document.iconset/icon_128x128@2x.png,35882,36060
editor/code/data/LayoutInfo,16322,36025
_unpack/x86_64-linux/bin/lsp/lua/meta/default utf8/UnityEngine.EventSystems.lua,3058,35827
editor/debug_view__init,12161,35494
_unpack/x86_64-linux/bin/lsp/lua/meta/3rd/Cocos4.0/library/cc/Node.lua,7318,35394
_unpack/x86_64-linux/bin/lsp/lua/locale/es-419/setting.lua,9564,35352
editor/code/shader_compilation,17068,35346
editor/ns_batch_builder,18431,35291
editor/editor_extensions/prefs_docs,16713,35196
icons/app.iconset/icon_128x128@2x.png,34815,34940
icons/app.iconset/icon_256x256.png,34668,34787
editor/texture/math,17999,34773
editor/gl/shader/ShaderLifecycle,15178,34623
doc/dmsdk-script-script.h_doc.sdoc,5088,34533
editor/util,18146,34504
_unpack/x86_64-linux/bin/lsp/lua/meta/default utf8/UnityEngine.PlayerLoop.lua,2116,34430
cljs/tools/reader.cljs,8447,34392
editor/asset_browser__init,12105,34384
editor/scene_tools__init,12189,34287
_unpack/shared/luajit/jit/dis_x86.lua,10498,34234
editor/handler__init,11371,34231
editor/resource/FileResource,14970,34213
_unpack/x86_64-linux/bin/lsp/lua/meta/3rd/love2d/library/love/audio.lua,7029,34210
_unpack/x86_64-linux/bin/lsp/lua/meta/default utf8/System.Net.Http.Headers.lua,2358,34140
doc/scripts-box2d-script_box2d.cpp_doc.sdoc,4482,34139
editor/gl/pass,18840,33960
_unpack/x86_64-linux/bin/lsp/lua/meta/default utf8/UnityEngine.WSA.lua,4021,33940
editor/math__init,10491,33844
doc/dmsdk-render-render.h_doc.sdoc,4254,33789
editor/label__init,11660,33724
doc/scripts-script_physics.cpp_doc.sdoc,6357,33689
editor/cubemap__init,11190,33651
lua-annotations/vmath.lua,6896,33550
_unpack/shared/lua-annotations/vmath.lua,6896,33550
editor/web_server,18060,33318
editor/yaml,16508,33264
editor/notifications_view,16305,32971
antlr/actions/csharp/ActionLexer.class,11333,32774
doc/scripts-box2d-v3-script_box2d_body_v3.cpp_doc.sdoc,4364,32760
_unpack/x86_64-linux/bin/lsp/lua/meta/default utf8/UnityEngine.Experimental.TerrainAPI.lua,4595,32702
editor/mesh__init,11231,32603
com/googlecode/javaewah/EWAHCompressedBitmap.class,15475,32544
doc/scripts-box2d-v2-script_box2d_joint_v2.cpp_doc.sdoc,2907,32511
internal/graph__init.class,10297,32434
editor/fxui__init,11663,32357
com/googlecode/javaewah32/EWAHCompressedBitmap32.class,15260,32345
antlr/actions/python/ActionLexer.class,11171,32284
org/objectweb/asm/MethodWriter.class,15528,32222
_unpack/x86_64-linux/bin/lsp/lua/script/utility.lua,7827,32180
_unpack/x86_64-linux/bin/lsp/lua/locale/pt-br/setting.lua,8947,32176
javax/vecmath/Matrix3d.class,15289,32141
cljs/core/async.cljs,8573,31929
editor/form,17013,31860
antlr/actions/cpp/ActionLexer.class,11324,31796
builtins/assets/images/logo/logo_blue_256.png,31705,31777
editor/scene_layout,15294,31557
_unpack/x86_64-linux/bin/lsp/lua/locale/en-us/setting.lua,8602,31482
_unpack/x86_64-linux/bin/lsp/lua/script/core/semantic-tokens.lua,4232,31425
antlr/actions/java/ActionLexer.class,10815,31425
bundle.editor_script,5272,31408
editor/scene_visibility__init,9926,31404
editor/editor_extensions__init,10633,31203
cljs/core/async/impl/ioc_macros.clj,7280,31194
games/voidscrappers.jpg,31012,31150
logo_text.png,30315,31148
_unpack/x86_64-linux/bin/lsp/lua/meta/default utf8/UnityEngine.Experimental.GlobalIllumination.lua,3396,31032
_unpack/shared/luajit/jit/dis_arm64.lua,6836,30867
_unpack/x86_64-linux/bin/lsp/lua/meta/default utf8/System.Configuration.lua,2896,30827
_unpack/x86_64-linux/bin/lsp/lua/script/vm/tracer.lua,4731,30603
_unpack/x86_64-linux/bin/lsp/lua/meta/3rd/love2d/library/love/math.lua,5446,30475
_unpack/x86_64-linux/bin/lsp/lua/script/vm/type.lua,4915,30385
com/samskivert/mustache/Mustache.java,6675,30321
editor/outline_view__init,10518,30263
doc/dmsdk-hid-hid.h_doc.sdoc,3563,30032
_unpack/x86_64-linux/bin/lsp/lua/meta/default utf8/UnityEngine.TextCore.LowLevel.lua,3051,29765
editor/resource/ZipResource,13072,29611
logo-ver-outline-white.png,25418,29332
_unpack/x86_64-linux/bin/lsp/lua/meta/default utf8/UnityEngine.Video.lua,4231,29182
_unpack/x86_64-linux/bin/lsp/lua/meta/default utf8/System.Data.Odbc.lua,2953,29171
editor/types/Camera,13422,29041
editor/graphics/types__init,9353,29032
editor/ui/fuzzy_choices,14871,29004
_unpack/x86_64-linux/bin/lsp/lua/meta/default utf8/System.Security.lua,3172,28732
_unpack/x86_64-linux/bin/lsp/lua/meta/3rd/lovr/library/lovr/audio.lua,6307,28472
_unpack/x86_64-linux/bin/lsp/lua/script/plugins/ffi/c-parser/cpp.lua,5466,28429
engine-profiler/remotery/vis/Code/Remotery.js,6167,28377
editor/settings__init,8917,28369
builtins/assets/images/logo/logo_256.png,26991,28213
javax/vecmath/GMatrix.class,13808,28162
antlr/ANTLRParser.class,11845,28106
doc/dmsdk-extension-extension_gen.hpp_doc.sdoc,3020,28059
_unpack/x86_64-linux/bin/lsp/lua/locale/zh-tw/setting.lua,9130,28005
_unpack/shared/lua-annotations/sys.lua,7169,28003
lua-annotations/sys.lua,7169,28003
doc/src-script_sys.cpp_doc.sdoc,6840,27928
_unpack/x86_64-linux/bin/lsp/lua/locale/zh-cn/setting.lua,9141,27840
_unpack/x86_64-linux/bin/lsp/lua/meta/default utf8/UnityEngine.Assertions.lua,1175,27828
_unpack/x86_64-linux/bin/lsp/lua/meta/default utf8/System.Net.Security.lua,1878,27790
_unpack/x86_64-linux/bin/lsp/lua/meta/default utf8/System.CodeDom.Compiler.lua,2752,27645
editor/collection_non_editable__init,7748,27557
_unpack/x86_64-linux/bin/lsp/lua/meta/default utf8/UnityEngine.Windows.WebCam.lua,3159,27557
_unpack/x86_64-linux/bin/lsp/lua/meta/default utf8/System.Diagnostics.Eventing.Reader.lua,2464,27373
doc/scripts-bullet3d-script_bullet3d_world.cpp_doc.sdoc,5853,27235
editor/sound__init,9021,27081
_unpack/x86_64-linux/lib/libnewt_drm.so,7991,27008
doc/scripts-box2d-v2-script_box2d_body_v2.cpp_doc.sdoc,3552,26873
editor/code/data/Rect,7964,26777
editor/pipeline/tex_gen,13405,26744
_unpack/x86_64-linux/lib/libmouse_capture_shared.so,11994,26736
editor/font/NativeRendererSpec,12187,26688
editor/camera_editor__init,8696,26137
_unpack/x86_64-linux/bin/lsp/lua/script/plugins/ffi/c-parser/c99.lua,5992,26044
libjavafx_font_freetype.so,7794,25928
editor/code/lang/cish__init,9796,25912
util/coll__init.class,8876,25854
editor/collection_string_data,12761,25850
doc/src-script_graphics.cpp_doc.sdoc,3451,25723
editor/future,13312,25589
doc/dmsdk-resource-resource_gen.hpp_doc.sdoc,2832,25448
_unpack/x86_64-linux/bin/lsp/lua/script/files.lua,6262,25411
editor/system,14165,25349
editor/types/EngineFormatTexture,11415,25311
doc/scripts-bullet3d-script_bullet3d_rigid_body.cpp_doc.sdoc,3528,25278
_unpack/x86_64-linux/bin/lsp/lua/meta/default utf8/UnityEngine.Rendering.VirtualTexturing.lua,3198,25257
editor/types/TextureSetAnimation,11376,25239
editor/resource_node__init,8262,25216
editor/gl/texture__init,8255,25091
editor/types/FrustumCorners,11258,25089
editor/keymap__init,9596,25052
builtins/assets/gltf/sphere.gltf,8832,25042
_unpack/x86_64-linux/bin/lsp/lua/meta/default utf8/System.Xml.XPath.lua,2335,24958
org/projectodd/shimdandy/impl/ClojureRuntimeShimImpl.class,5834,24928
editor/model_scene__init,8190,24798
editor/scene_shapes__init,9504,24677
editor/gl/shader__init,7875,24600
_unpack/x86_64-linux/bin/lsp/lua/meta/default utf8/UnityEngine.Windows.Speech.lua,3337,24592
util/http_server__init.class,8555,24577
editor/properties_view__init,8878,24531
_unpack/x86_64-linux/bin/lsp/lua/meta/default utf8/System.Collections.lua,2046,24516
libjavafx_font_pango.so,6646,24448
editor/code/util,13088,24408
_unpack/x86_64-linux/bin/lsp/lua/meta/default utf8/UnityEngine.SceneManagement.lua,2823,24335
editor/node_util,12302,24241
logo.png,23779,24099
editor/engine/build_errors__init,8078,23964
_unpack/x86_64-linux/bin/lsp/lua/meta/default utf8/System.Dynamic.lua,1602,23929
_unpack/x86_64-linux/bin/lsp/lua/meta/3rd/lovr/library/lovr/headset.lua,5493,23894
doc/dmsdk-font-text_layout.h_doc.sdoc,4620,23840
lib/classes.dex,11210,23808
editor/code/resource__init,8129,23772
editor/buffers__init,7523,23622
editor/types/TextureSetAnimationFrame,10485,23438
_unpack/x86_64-linux/bin/lsp/lua/script/config/template.lua,4269,23424
TestScript/TestDdf$Msg$Builder.class,8101,23353
_unpack/x86_64-linux/bin/lsp/lua/meta/3rd/love2d/library/love/keyboard.lua,4437,23262
_unpack/x86_64-linux/bin/lsp/lua/meta/3rd/love2d/library/love/filesystem.lua,4600,23260
editor/icons,12516,23174
editor/types/Image,10492,23172
editor/gl/vertex__init,8026,23038
_unpack/x86_64-linux/bin/lsp/lua/script/core/code-action.lua,4106,22993
editor/atlas/AtlasRect,10310,22848
editor/code/shader__init,8505,22813
_unpack/x86_64-linux/bin/lsp/lua/meta/default utf8/UnityEngine.Android.lua,3210,22798
editor/debug,12076,22723
editor/editor_extensions/tile_map,11782,22638
editor/gl/attribute__init,6312,22552
_unpack/x86_64-linux/bin/lsp/lua/meta/default utf8/System.Security.Principal.lua,2113,22535
doc/dmsdk-dlib-profile.h_doc.sdoc,2528,22347
editor/game_project__init,7574,22309
lua-annotations/physics.lua,4710,22261
_unpack/shared/lua-annotations/physics.lua,4710,22261
editor/search_results_view__init,7340,22240
_unpack/x86_64-linux/bin/lsp/lua/meta/3rd/Defold/library/render.lua,5837,22202
editor/fs__init,7018,22113
_unpack/x86_64-linux/bin/lsp/lua/meta/default utf8/System.Runtime.Remoting.Messaging.lua,1764,22104
editor/render_target__init,7338,22077
editor/code_completion__init,7331,22066
editor/markdown__init,7703,22061
doc/scripts-bullet3d-script_bullet3d_collision_object.cpp_doc.sdoc,3102,22024
_unpack/x86_64-linux/bin/lsp/lua/meta/default utf8/System.Runtime.Remoting.Metadata.W3cXsd2001.lua,1097,22013
_unpack/shared/luajit/jit/dis_mips.lua,4871,22010
editor/tile_map_common/Tile,9858,22001
editor/field_expression,12131,21916
editor/editor_extensions/runtime__init,7474,21907
_unpack/x86_64-linux/bin/lsp/lua/meta/3rd/love2d/library/love/image.lua,3737,21885
_unpack/x86_64-linux/bin/lsp/lua/meta/default utf8/System.Diagnostics.Tracing.lua,2002,21698
editor/breakpoints_view__init,7445,21630
javax/vecmath/Matrix3f.class,9394,21533
editor/gl/attribute/TransformedAttributeValueBinding,9667,21378
editor/color_dropper/ColorDropper,9468,21347
editor/process,11446,21199
editor/code/transpilers__init,6868,21196
editor/debugging/mobdebug__init,6877,21133
editor/dialogs__init,7411,21068
editor/types/FrustumPlanes,9400,21008
editor/types/Animation,9461,20960
_unpack/x86_64-linux/bin/lsp/lua/meta/default utf8/System.Runtime.Remoting.Channels.lua,1847,20959
doc/lua_base.doc_h_doc.sdoc,5330,20841
doc/dmsdk-extension-extension.h_doc.sdoc,3139,20834
_unpack/x86_64-linux/bin/lsp/lua/script/library.lua,4569,20775
_unpack/shared/luajit/jit/dump.lua,6393,20755
_unpack/x86_64-linux/bin/lsp/lua/meta/default utf8/System.Runtime.Remoting.lua,2232,20714
_unpack/x86_64-linux/bin/lsp/lua/meta/3rd/skynet/library/skynet.lua,7492,20680
internal/util__init.class,7349,20614
_unpack/x86_64-linux/bin/lsp/lua/script/json-edit.lua,4079,20613
templates/template.gamepads,1037,20609
editor/input/InputState,9353,20609
_unpack/x86_64-linux/bin/lsp/lua/meta/default utf8/System.Net.Configuration.lua,1941,20545
_unpack/x86_64-linux/bin/lsp/lua/script/vm/global.lua,3652,20536
editor/welcome__init,6953,20519
doc/scripts-script_sound.cpp_doc.sdoc,4607,20516
editor/geom__init,7474,20514
editor/resource/MemoryResource,8758,20510
editor/localization__init,6849,20471
_unpack/x86_64-linux/bin/lsp/lua/meta/default utf8/UnityEngine.UIElements.Experimental.lua,1824,20470
editor/lua,10903,20411
doc/dmsdk-dlib-http.h_doc.sdoc,2805,20308
_unpack/shared/luajit/jit/dis_ppc.lua,5769,20301
_unpack/x86_64-linux/bin/lsp/lua/meta/3rd/Cocos4.0/library/cc/ParticleSystem.lua,3137,19964
editor/gl/attribute/TransformedAttributeBufferLifecycle,8838,19856
editor/workspace/BuildResource,8118,19771
antlr/DiagnosticCodeGenerator.class,9266,19766
editor/gl/texture/TextureLifecycle,8756,19751
_unpack/x86_64-linux/bin/lsp/lua/meta/default utf8/UnityEngine.U2D.lua,3548,19628
editor/targets__init,7161,19558
editor/lua_parser,9180,19555
editor/settings_core__init,6917,19534
editor/outline__init,7121,19513
editor/editor_extensions/localization,9897,19507
_unpack/x86_64-linux/bin/lsp/lua/meta/3rd/Defold/library/game_object.lua,4615,19463
editor/code/data/GestureInfo,8826,19373
_unpack/shared/luajit/jit/dis_arm.lua,4758,19344
editor/gl/shader/ShaderRequestData,8698,19276
editor/github,10109,19249
release-notes/1.14.0.json,4398,19249
editor/render_pb__init,6575,19244
javax/LICENSE.txt,7186,19241
_unpack/x86_64-linux/bin/lsp/lua/script/provider/diagnostic.lua,4295,19200
editor/display_profiles__init,6498,19185
doc/dmsdk-gui-gui.h_doc.sdoc,2555,19178
editor/types/TexturePacking,8588,19174
editor/types/Rect,8686,19168
_unpack/x86_64-linux/bin/lsp/lua/meta/default utf8/System.Collections.Specialized.lua,1738,19142
plumbing/fnk/impl.clj,5320,18995
_unpack/x86_64-linux/bin/lsp/lua/script/client.lua,4047,18955
editor/localization/MessageWithNestedPatterns,8366,18932
_unpack/x86_64-linux/bin/lsp/lua/meta/default utf8/System.Xml.Xsl.lua,1697,18922
org/objectweb/asm/SymbolTable.class,8607,18866
cljs/tools/cli.cljs,5749,18852
editor/graphics__init,6262,18729
util/num__init.class,6343,18683
editor/handler/Context,8448,18678
editor/localization/Join,8390,18594
_unpack/x86_64-linux/bin/lsp/lua/script/workspace/workspace.lua,4361,18576
doc/dmsdk-dlib-vmath.h_doc.sdoc,2144,18547
_unpack/x86_64-linux/bin/lsp/lua/meta/template/string.buffer.lua,6265,18524
_unpack/x86_64-linux/bin/lsp/lua/script/vm/operator.lua,3477,18517
_unpack/x86_64-linux/bin/lsp/lua/meta/default utf8/System.Net.Mail.lua,2237,18503
_unpack/x86_64-linux/bin/lsp/lua/meta/Lua 5.4 zh-cn utf8/string/buffer.lua,6243,18490
_unpack/x86_64-linux/bin/lsp/lua/meta/LuaJIT zh-cn utf8/string/buffer.lua,6243,18490
editor/colors,9811,18481
util/path__init.class,6480,18425
doc/dmsdk-dlib-socket.h_doc.sdoc,2806,18422
_unpack/x86_64-linux/lib/libgluegen_rt.so,4424,18408
icons/slask/ex.png,4516,18381
editor/pose__init,5709,18361
_unpack/x86_64-linux/bin/lsp/lua/meta/3rd/love2d/library/love/window.lua,3893,18350
editor/resource_io,8786,18235
_unpack/x86_64-linux/bin/lsp/lua/meta/default utf8/System.Net.Http.lua,1749,18222
editor/gl/vertex2__init,5955,18166
doc/scripts-script_material.cpp_doc.sdoc,2758,18092
_unpack/x86_64-linux/bin/lsp/lua/meta/default utf8/System.Collections.Concurrent.lua,1536,18085
prelude.lua,3865,17992
antlr/ANTLRLexer.class,7342,17990
_unpack/shared/luajit/jit/bcsave.lua,5246,17827
editor/animation_set__init,6162,17807
editor/types/Region,8086,17772
editor/ui/fuzzy_choices_popup,9171,17725
editor/editor_extensions/image,9356,17624
_unpack/x86_64-linux/bin/lsp/lua/meta/Lua 5.4 zh-cn utf8/basic.lua,5509,17622
_unpack/x86_64-linux/bin/lsp/lua/script/doctor.lua,3911,17577
editor/curve_view/proxy,5084,17556
_unpack/x86_64-linux/bin/lsp/lua/meta/3rd/luv/library/types.lua,4537,17542
editor/prefs_dialog__init,6038,17489
editor/bootloader,9256,17425
editor/types/Frustum,7743,17391
editor/editor_extensions/vm__init,6093,17368
editor/outline_view/proxy,5014,17355
editor/fxui/proxy,5007,17347
doc/scripts-box2d-v3-script_box2d_world_v3.cpp_doc.sdoc,2193,17326
editor/scene_selection__init,6211,17322
editor/code/data/SpliceInfo,7820,17314
_unpack/x86_64-linux/bin/lsp/lua/meta/3rd/Defold/library/vector_math.lua,3834,17301
antlr/MakeGrammar.class,8315,17275
editor/localization/Transform,7671,17267
internal/system__init.class,6312,17267
editor/updater__init,6034,17249
editor/progress/Progress,7770,17242
editor/editor_extensions/server,8999,17185
javax/xml/bind/DatatypeConverterImpl.class,7674,17174
org/objectweb/asm/ClassWriter.class,7278,17166
editor/library,8330,17159
editor/factory__init,6150,17127
editor/gl/pass/RenderPass,7622,17111
editor/gl/attribute/AttributeBufferBinding,7815,17099
org/objectweb/asm/Frame.class,8815,17092
editor/types/TextureSet,7666,17091
editor/editor_extensions/coerce/RegexOp,7531,17087
editor/code/view/CodeEditorGutterView,7636,17053
_unpack/x86_64-linux/bin/lsp/lua/script/vm/infer.lua,3592,17033
_unpack/x86_64-linux/bin/lsp/lua/script/plugins/ffi/c-parser/ctypes.lua,3630,16982
_unpack/x86_64-linux/bin/lsp/lua/script/vm/sign.lua,3285,16957
editor/code/view/CursorRangeDrawInfo,7561,16941
_unpack/x86_64-linux/bin/lsp/lua/meta/default utf8/System.ComponentModel.Design.Serialization.lua,1687,16923
editor/lsp/base,9186,16906
editor/code/syntax/Match,7579,16882
editor/hot_reload,8981,16877
editor/localization/ListWithNestedPatterns,7488,16850
internal/node/OverrideNode.class,6760,16803
_unpack/x86_64-linux/bin/lsp/lua/script/fs-utility.lua,3170,16763
antlr/preprocessor/PreprocessorLexer.class,6605,16672
editor/gl/attribute/AttributeRenderArgBinding,7372,16671
_unpack/x86_64-linux/bin/lsp/lua/meta/3rd/OpenResty/library/cjson.lua,4932,16659
_unpack/x86_64-linux/bin/lsp/lua/meta/default utf8/System.Text.RegularExpressions.lua,1465,16646
antlr/LLkAnalyzer.class,8018,16612
doc/lua_string.doc_h_doc.sdoc,4634,16557
_unpack/x86_64-linux/bin/lsp/lua/meta/default utf8/System.Diagnostics.SymbolStore.lua,1802,16551
editor/game_project/CustomResource,6537,16548
internal/cache__init.class,5414,16527
editor/gl/attribute/AttributeBufferLifecycle,7235,16511
_unpack/x86_64-linux/bin/lsp/lua/meta/LuaJIT zh-cn utf8/basic.lua,5143,16482
_unpack/x86_64-linux/bin/lsp/lua/meta/3rd/Cocos4.0/library/cc/FileUtils.lua,3465,16475
editor/gl/attribute/AttributeValueBinding,7197,16446
editor/gl/attribute/IndexBufferLifecycle,7256,16431
editor/gamepads/GamepadDatabaseBuildResource,6425,16399
_unpack/x86_64-linux/bin/lsp/lua/meta/3rd/Cocos4.0/library/ccui/Widget.lua,3439,16385
editor/compute__init,5982,16353
editor/luajit,8795,16300
_unpack/x86_64-linux/bin/lsp/lua/script/core/hover/description.lua,3472,16220
doc/gamesys-physics_ddf.proto_doc.sdoc,2680,16147
lib/vkquality/vkqualitydata.vkq,5209,16088
doc/scripts-script_collectionproxy.cpp_doc.sdoc,3124,16061
_unpack/x86_64-linux/bin/lsp/lua/meta/default utf8/UnityEngine.Profiling.lua,2857,16035
javax/xml/bind/ContextFinder.class,7179,16031
editor/scene/proxy,4572,16031
libjavafx_font.so,6269,15992
_unpack/x86_64-linux/bin/lsp/lua/meta/3rd/OpenResty/library/resty/dns/resolver.lua,4339,15933
editor/gl/vertex/VertexBufferShaderLink,6924,15840
editor/gl/attribute/TransformedAttributeBufferData,6980,15821
TestScript/TestDdf$Msg.class,5851,15780
doc/dmsdk-dlib-buffer.h_doc.sdoc,2691,15771
editor/collection_common__init,4974,15706
editor/code/view/GlyphMetrics,7023,15696
internal/node/NodeTypeImpl.class,5998,15678
_unpack/x86_64-linux/bin/lsp/lua/meta/default utf8/UnityEngine.Experimental.AI.lua,2925,15630
_unpack/x86_64-linux/bin/lsp/lua/meta/3rd/luv/library/errors.lua,3057,15529
editor/grid__init,5821,15521
editor/texture_set__init,5649,15498
_unpack/x86_64-linux/bin/lsp/lua/meta/default utf8/UnityEngine.SocialPlatforms.lua,1957,15483
editor/build_target,7614,15473
plumbing/core.clj,5491,15455
plumbing/core.cljs,3132,15455
editor/localization/SimpleMessage,6733,15374
cljs/tools/reader/edn.cljs,4250,15359
editor/graphics/types/ElementType,6848,15331
editor/editor_extensions/node_types,7504,15327
mime.types,4523,15293
engine-profiler/remotery/vis/Code/TimelineRow.js,3739,15273
editor/collection_proxy__init,5221,15229
_unpack/x86_64-linux/bin/lsp/lua/script/json.lua,3388,15218
_unpack/x86_64-linux/bin/lsp/lua/script/vm/function.lua,2690,15215
_unpack/x86_64-linux/bin/lsp/lua/meta/3rd/Cocos4.0/library/ccui/ScrollView.lua,2410,15210
editor/types/Vertices,6730,15126
editor/code/data/Subsequence,6716,15120
editor/properties/CurveSpread,6540,15056
engine-profiler/remotery/vis/extern/BrowserLib/WindowManager/Styles/WindowManager.css,2943,15006
editor/game_project/DependencyMetadataResource,6241,14984
_unpack/x86_64-linux/bin/lsp/lua/meta/3rd/Cocos4.0/library/cc/PhysicsBody.lua,3187,14965
doc/dmsdk-resource-resource.hpp_doc.sdoc,2073,14841
antlr/DefineGrammarSymbols.class,6404,14767
internal/node/NodeImpl.class,6174,14699
engine-profiler/remotery/vis/Code/TimelineWindow.js,3497,14670
editor/pose/Pose,6576,14666
editor/editor_extensions/zlib,8050,14663
_unpack/x86_64-linux/bin/lsp/lua/meta/3rd/love2d/library/love/joystick.lua,3266,14531
_unpack/x86_64-linux/bin/lsp/lua/meta/3rd/luassert/library/luassert.lua,3486,14521
editor/scene_picking,7488,14500
doc/scripts-script_model.cpp_doc.sdoc,3625,14427
editor/code/data/CursorRange,6325,14382
editor/protobuf_types__init,5312,14341
_unpack/x86_64-linux/bin/lsp/lua/script/vm/doc.lua,2684,14262
doc/render-render_script_camera.cpp_doc.sdoc,2331,14211
editor/types/AABB,6244,14189
util/digestable__init.class,5256,14182
sponsors/moonactive.png,14139,14141
_unpack/x86_64-linux/lib/libnativewindow_awt.so,2208,14080
_unpack/shared/lua-annotations/socket.lua,3930,14007
lua-annotations/socket.lua,3930,14007
editor/code/data/Cursor,6237,13987
_unpack/x86_64-linux/bin/lsp/lua/script/core/document-symbol.lua,2443,13978
editor/lsp/server/MarkupContent,6120,13968
_unpack/x86_64-linux/bin/lsp/lua/meta/default utf8/System.IO.Pipes.lua,1583,13961
editor/rulers__init,5572,13958
_unpack/x86_64-linux/bin/lsp/lua/meta/default utf8/System.IO.IsolatedStorage.lua,1455,13937
_unpack/x86_64-linux/bin/lsp/lua/script/vm/node.lua,2234,13935
plumbing/core__init.class,5252,13930
editor/gui_attachment,7187,13907
_unpack/x86_64-linux/bin/lsp/lua/meta/3rd/Cocos4.0/library/cc/Label.lua,3131,13874
editor/engine/native_extensions__init,4927,13862
icons/app.iconset/icon_128x128.png,13745,13746
_unpack/x86_64-linux/bin/lsp/lua/script/core/rename.lua,2419,13532
_unpack/x86_64-linux/bin/lsp/lua/meta/3rd/OpenResty/library/ngx/pipe.lua,3476,13442
meshes/camera-preview-edge-list.json,1352,13431
editor/code/text_file__init,4819,13424
editor/geom/DoubleRange,5971,13406
editor/gl/attribute/AttributeBufferData,5810,13346
editor/localization/SimpleList,5819,13335
editor/gl/attribute/IndexBufferData,5822,13298
editor/image__init,4765,13255
editor/lsp/project/ProjectLauncher,5888,13242
plumbing/graph.cljs,3663,13226
plumbing/graph.clj,4385,13226
_unpack/x86_64-linux/bin/lsp/lua/meta/default utf8/System.Net.WebSockets.lua,1535,13224
editor/debugging/mobdebug/LuaBlackBox,5763,13217
editor/asset_browser/AssetGroup,5764,13200
_unpack/x86_64-linux/bin/lsp/lua/script/core/completion/postfix.lua,1692,13190
editor/pipeline/texture_set_gen__init,4661,13144
antlr/DocBookCodeGenerator.class,6469,13140
editor/code/syntax/AnalysisContext,5761,13133
TestScript/TestDdf$DefaultValue$Builder.class,4800,13097
editor/attachment__init,4502,13094
doc/dmsdk-platform-window.h_doc.sdoc,2284,13088
editor/buffer__init,4769,13072
com/samskivert/mustache/Template.java,3731,13047
_unpack/x86_64-linux/bin/lsp/lua/meta/3rd/Cocos4.0/library/cc/Sprite.lua,2985,13046
editor/resource_types,5339,13023
_unpack/x86_64-linux/bin/lsp/lua/script/cli/doc/export.lua,3588,13017
TestScript/TestDdf$RepeatedContainer$Builder.class,4408,13011
editor/code/lang/zig__init,5287,12992
editor/shaders__init,4426,12990
editor/editor_extensions/coerce__init,4775,12949
doc/scripts-box2d-v3-script_box2d_shape_v3.cpp_doc.sdoc,1887,12923
bundle/ios/Info-dev-app.plist,1334,12891
util/array__init.class,4017,12867
_unpack/x86_64-linux/bin/lsp/lua/script/core/completion/keyword.lua,1681,12858
_unpack/x86_64-linux/bin/lsp/lua/meta/default utf8/UnityEngine.Events.lua,1493,12789
doc/dmsdk-dlib-hash.h_doc.sdoc,1588,12746
doc/dmsdk-dlib-configfile_gen.hpp_doc.sdoc,1423,12682
editor/disk_availability,6667,12611
editor/script_api__init,4496,12590
editor/progress__init,4102,12560
org/slf4j/LoggerFactory.class,5897,12550
editor/vcs_status,6253,12514
editor/build_errors_view__init,4763,12497
org/json/simple/parser/Yylex.class,6205,12458
util/debug_util__init.class,4633,12455
util/fn/PartialFn.class,2970,12421
_unpack/x86_64-linux/bin/lsp/lua/meta/default utf8/System.IO.MemoryMappedFiles.lua,988,12416
editor/asset_browser/SelectionProvider,5306,12410
antlr/HTMLCodeGenerator.class,6164,12403
org/projectodd/shimdandy/ClojureRuntimeShim.class,1265,12397
icons/document.iconset/icon_128x128.png,12314,12333
editor/texture_util__init,3949,12331
editor/gui_clipping__init,4248,12265
editor/outline_view/SelectionProvider,5240,12251
editor/properties/Curve,5136,12237
util/bit_set__init.class,4462,12219
internal/paper_tape__init.class,3980,12191
editor.fxml,1802,12161
_unpack/x86_64-linux/bin/lsp/lua/meta/3rd/Cocos4.0/library/ccui/EditBox.lua,2195,12148
editor/ui/bindings__init,4128,12133
TestScript/TestDdf$DefaultValue.class,4484,12131
_unpack/x86_64-linux/bin/lsp/lua/meta/3rd/luassert/library/luassert/match.lua,2202,12124
TestScript/TestDdf$Transform$Builder.class,4058,12059
sorted_clojure_ns_list.edn,3178,12049
antlr/Tool.class,5971,12048
_unpack/x86_64-linux/bin/lsp/lua/meta/3rd/Cocos4.0/library/cc/Properties.lua,1957,11990
editor/input__init,4916,11910
doc/dmsdk-font-font.h_doc.sdoc,1963,11893
editor/id,6591,11890
util/fn__init.class,4583,11845
sponsors/op-games.png,11821,11816
editor/gamepads__init,4526,11806
editor/curve_view/SubSelectionProvider,5026,11805
editor/particle_lib__init,4353,11802
_unpack/x86_64-linux/bin/lsp/lua/meta/default utf8/UnityEngine.Audio.lua,1976,11796
_unpack/x86_64-linux/bin/lsp/lua/meta/3rd/Cocos4.0/library/cc/Director.lua,3047,11757
editor/app_view/SelectionProvider,5014,11757
_unpack/x86_64-linux/bin/lsp/lua/script/core/highlight.lua,1913,11708
doc/dmsdk-dlib-array.h_doc.sdoc,1918,11700
_unpack/x86_64-linux/bin/lsp/lua/meta/default utf8/System.Runtime.Remoting.Contexts.lua,1215,11665
editor/properties_view/SelectionProvider,4920,11623
editor/game_object_common__init,3965,11619
_unpack/shared/lua-annotations/material.lua,1801,11613
lua-annotations/material.lua,1801,11613
_unpack/x86_64-linux/bin/lsp/lua/meta/3rd/OpenResty/library/ngx/ssl.lua,2529,11609
lua-annotations/camera.lua,2428,11594
_unpack/shared/lua-annotations/camera.lua,2428,11594
doc/dmsdk-dlib-message.h_doc.sdoc,2189,11550
editor/notifications__init,4339,11521
editor/editor_localization__init,3794,11515
editor/analytics__init,4094,11500
libglass.so,2835,11488
engine-profiler/remotery/vis/extern/BrowserLib/Core/Code/DOM.js,3464,11442
editor/git__init,4259,11410
editor/localization/Date,4894,11378
LICENSE,3949,11358
editor/render_util__init,4148,11344
editor/live_update_settings__init,3875,11325
_unpack/x86_64-linux/bin/lsp/lua/meta/default utf8/System.Security.Claims.lua,1320,11321
lazymap/core.clj,3120,11317
internal/cache/RetainingLRUCache.class,4692,11299
_unpack/x86_64-linux/bin/lsp/lua/meta/3rd/luaecs/library/ecs.lua,3635,11264
editor/core__init,4418,11242
editor/debugging/mobdebug/LuaRef,4822,11217
editor/placeholder_resource__init,3600,11210
doc/scripts-script_sprite.cpp_doc.sdoc,2724,11208
editor/editor_extensions/zip__init,4616,11198
org/objectweb/asm/Type.class,5339,11173
potemkin/types.clj,3008,11171
editor/mouse_binding__init,4113,11149
editor/data_text__init,3724,11122
editor/data__init,4091,11122
internal/node/ProtocolType.class,4562,11120
_unpack/x86_64-linux/bin/lsp/lua/meta/3rd/Cocos4.0/library/ccui/ListView.lua,2298,11106
antlr/debug/ParserEventSupport.class,4647,11088
_unpack/x86_64-linux/bin/lsp/lua/meta/3rd/love2d/library/love.lua,2893,11085
doc/dmsdk-dlib-jobsystem.h_doc.sdoc,2109,11080
editor/volatile_cache,5740,11074
doc/scripts-script_tilemap.cpp_doc.sdoc,2446,11052
editor/changes_view__init,4340,10992
editor/editor_script__init,3885,10963
internal/system/UndoState.class,4518,10901
antlr/preprocessor/Preprocessor.class,5288,10853
editor/shared_editor_settings__init,4443,10838
_unpack/x86_64-linux/bin/lsp/lua/meta/default utf8/System.IO.Ports.lua,1183,10834
doc/dmsdk-dlib-configfile.h_doc.sdoc,1768,10821
editor/view__init,3785,10813
internal/transaction$realize_connect.class,4569,10813
_unpack/x86_64-linux/bin/lsp/lua/script/vm/variable.lua,2062,10810
_unpack/x86_64-linux/bin/lsp/lua/script/jsonc.lua,2337,10805
TestScript/TestDdf$OptionalNoDefaultValue.class,3825,10788
editor/engine__init,4138,10760
doc/scripts-box2d-v2-script_box2d_fixture_v2.cpp_doc.sdoc,1474,10729
internal/node/ClassType.class,4428,10726
_unpack/shared/lua-annotations/sound.lua,3113,10658
lua-annotations/sound.lua,3113,10658
editor/tile_map_common,5461,10622
_unpack/x86_64-linux/bin/lsp/lua/meta/3rd/lovr/library/lovr/filesystem.lua,2668,10614
internal/node/SchemaType.class,4371,10589
_unpack/x86_64-linux/bin/lsp/lua/meta/3rd/OpenResty/library/prometheus.lua,2332,10583
editor/game_properties__init,3700,10582
doc/dmsdk-gameobject-gameobject_props.h_doc.sdoc,1195,10549
util/id_vec/IdVec.class,4442,10532
_unpack/x86_64-linux/bin/lsp/lua/meta/default utf8/System.Runtime.Serialization.Json.lua,855,10479
util/eduction__init.class,3962,10456
_unpack/x86_64-linux/bin/lsp/lua/script/plugins/ffi/init.lua,2838,10453
engine-profiler/remotery/vis/Code/GridWindow.js,2726,10453
org/slf4j/helpers/SubstituteLogger.class,3075,10417
doc/dmsdk-gamesys-render_constants.h_doc.sdoc,1622,10389
util/text_util__init.class,3724,10364
builtins/input/all.input_binding,1599,10334
_unpack/x86_64-linux/bin/lsp/lua/script/workspace/require-path.lua,2344,10291
doc/lua_io.doc_h_doc.sdoc,2725,10287
com/googlecode/javaewah/datastructure/BitSet.class,4714,10270
doc/scripts-script_buffer.cpp_doc.sdoc,2346,10261
doc/lua_debug.doc_h_doc.sdoc,2389,10228
builtins/render/default.render_script,2786,10207
TestScript/TestDdf$LuaDDFBufferOverflow.class,3543,10130
editor/gl/types__init,3686,10127
TestScript/TestDdf$Transform.class,3467,10103
internal/node/ValueTypeRef.class,4217,10083
_unpack/x86_64-linux/bin/lsp/lua/meta/default utf8/UnityEngine.Networking.Match.lua,1868,10079
internal/node/NodeTypeRef.class,4221,10077
TestScript/TestDdf$RepeatedItem.class,3529,10051
javax/xml/bind/helpers/AbstractMarshallerImpl.class,4026,10047
doc/scripts-bullet3d-script_bullet3d_shape.cpp_doc.sdoc,2103,10018
editor/editor_extensions/commands__init,4151,10005
TestScript/TestDdf$RepeatedContainer.class,3417,9981
doc/profiler.cpp_doc.sdoc,2774,9975
_unpack/x86_64-linux/bin/lsp/lua/meta/3rd/Cocos4.0/library/ccui/LayoutComponent.lua,1682,9965
_unpack/x86_64-linux/bin/lsp/lua/meta/template/basic.lua,1939,9952
editor/ui/settings_popup__init,3717,9935
editor/resource_watch__init,3737,9925
_unpack/x86_64-linux/bin/lsp/lua/meta/3rd/Cocos4.0/library/cc/Renderer.lua,2100,9885
_unpack/x86_64-linux/bin/lsp/lua/meta/3rd/love2d/library/love/data.lua,2379,9881
_unpack/x86_64-linux/bin/lsp/lua/script/parser/relabel.lua,3330,9879
doc/dmsdk-gamesys-script.h_doc.sdoc,1781,9879
doc/src-script_bitop.cpp_doc.sdoc,1927,9865
editor/editor_extensions/error_handling,4767,9861
engine-profiler/remotery/vis/Code/Shaders/Timeline.glsl,2547,9818
javax/xml/bind/helpers/AbstractUnmarshallerImpl.class,3346,9805
_unpack/shared/lua-annotations/profiler.lua,2702,9776
lua-annotations/profiler.lua,2702,9776
editor/code/preprocessors__init,3539,9746
doc/lua_math.doc_h_doc.sdoc,1678,9719
plumbing/fnk/schema.clj,3279,9637
plumbing/fnk/schema.cljs,3231,9637
_unpack/x86_64-linux/bin/lsp/lua/meta/default utf8/UnityEngine.SocialPlatforms.Impl.lua,1017,9580
_unpack/x86_64-linux/bin/lsp/lua/meta/default utf8/UnityEngine.Experimental.Audio.lua,1506,9572
engine-profiler/remotery/vis/extern/BrowserLib/WindowManager/Code/Treeview.js,2622,9565
editor/editor_extensions/http_server__init,3694,9559
doc/scripts-script_label.cpp_doc.sdoc,2257,9554
doc/scripts-script_window.cpp_doc.sdoc,2015,9527
editor/gl/light__init,3821,9516
_unpack/x86_64-linux/bin/lsp/lua/script/core/hint.lua,1949,9477
plumbing/fnk/README.md,3993,9473
editor/colors__init,3862,9468
javax/vecmath/GVector.class,4235,9439
_unpack/x86_64-linux/bin/lsp/lua/meta/3rd/Cocos4.0/library/ccui/Scale9Sprite.lua,1687,9391
net/jpountz/lz4/LZ4FrameInputStream.class,4663,9357
TestScript/TestDdf$OptionalNoDefaultValue$Builder.class,3337,9339
lua-annotations/model.lua,2776,9246
_unpack/shared/lua-annotations/model.lua,2776,9246
lua-language-server/plugin.lua,2225,9245
_unpack/shared/lua-language-server/plugin.lua,2225,9245
icons/ios/ios_icon_144.png,9245,9240
editor/disk__init,3418,9218
editor/gviz__init,3494,9216
_unpack/x86_64-linux/bin/lsp/lua/meta/default utf8/System.Runtime.InteropServices.WindowsRuntime.lua,1026,9193
editor/validation__init,3617,9171
plumbing/fnk/schema__init.class,3937,9159
editor/form__init,3804,9147
doc/scripts-script_particlefx.cpp_doc.sdoc,2128,9133
_unpack/x86_64-linux/bin/lsp/lua/script/vm/ref.lua,1803,9132
camel_snake_kebab__init.class,3898,9131
antlr/CodeGenerator.class,4504,9120
editor/code/script_compilation__init,3725,9110
_unpack/shared/luajit/jit/p.lua,3055,9087
editor/shaders,4609,9051
_unpack/x86_64-linux/bin/lsp/lua/meta/3rd/lovr/library/callback.lua,3228,9047
javax/xml/bind/JAXB.class,3263,9041
doc/dmsdk-gamesys-resources-res_font.h_doc.sdoc,1398,9020
internal/node$verify_inputs_for_dynamics.class,3663,9004
_unpack/x86_64-linux/bin/lsp/lua/meta/3rd/love2d/library/love/mouse.lua,2035,8967
plumbing/fnk/impl__init.class,3708,8961
org/jvnet/mimepull/MIMEParser.class,4227,8952
util/diff$make_diff_output_lines_impl$fn__33281.class,3822,8945
lua-annotations/tilemap.lua,2304,8943
_unpack/shared/lua-annotations/tilemap.lua,2304,8943
_unpack/x86_64-linux/bin/lsp/lua/meta/Lua 5.4 zh-cn utf8/math.lua,1569,8923
doc/dmsdk-dlib-transform.h_doc.sdoc,1353,8907
doc/script-sys_ddf.proto_doc.sdoc,2834,8902
_unpack/x86_64-linux/bin/lsp/lua/meta/3rd/Defold/library/collision_object.lua,2165,8888
editor/html__init,3348,8873
_unpack/x86_64-linux/bin/lsp/lua/script/cli/check_worker.lua,2787,8873
editor/html_view__init,3564,8863
cljs/tools/reader/reader_types.cljs,2276,8860
doc/dmsdk-dlib-hashtable.h_doc.sdoc,1716,8848
google/protobuf/api.proto,3177,8845
TestScript/TestDdf$Uint64Msg.class,3098,8844
org/slf4j/event/EventRecodingLogger.class,2331,8833
org/json/simple/parser/JSONParser.class,4027,8831
_unpack/x86_64-linux/bin/lsp/lua/meta/3rd/Defold/library/system.lua,3000,8770
com/googlecode/javaewah/FastAggregation.class,3330,8757
_unpack/x86_64-linux/bin/lsp/lua/script/vm/generic.lua,1897,8755
_unpack/x86_64-linux/bin/lsp/lua/meta/3rd/Cocos4.0/library/cc/ControlButton.lua,1403,8748
_unpack/x86_64-linux/bin/lsp/lua/meta/3rd/Cocos4.0/library/ccui/TextField.lua,1799,8741
editor/pipeline/shader_gen__init,3304,8717
TestScript/TestDdf$SubMsg.class,3032,8678
editor/scene_cache__init,3252,8661
internal/node$fnk_argument_form.class,3285,8629
_unpack/x86_64-linux/bin/lsp/lua/script/lazytable.lua,2124,8627
_unpack/x86_64-linux/bin/lsp/lua/script/cli/doc/init.lua,2922,8627
editor/os,4900,8624
_unpack/shared/lua-annotations/buffer.lua,2136,8611
lua-annotations/buffer.lua,2136,8611
internal/graph$query_successors.class,3740,8606
_unpack/x86_64-linux/bin/lsp/lua/meta/3rd/Cocos4.0/library/ccui/Layout.lua,2032,8592
TestScript/TestDdf$RepeatedItem$Builder.class,2981,8591
riddley/walk.clj,2383,8564
walk.clj,2383,8564
net/objecthunter/exp4j/tokenizer/Tokenizer.class,3742,8500
icons/scene/light_omni.png,8413,8471
_unpack/x86_64-linux/bin/lsp/lua/script/inspect.lua,2908,8470
editor/collision_groups,4467,8453
_unpack/x86_64-linux/bin/lsp/lua/meta/default utf8/System.Diagnostics.Contracts.lua,880,8437
potemkin/collections.clj,2485,8421
antlr/ANTLRTokdefLexer.class,3539,8416
com/cognitect/transit/TransitFactory.class,2478,8407
com/googlecode/javaewah32/IteratorAggregation32.class,3706,8395
_unpack/x86_64-linux/bin/lsp/lua/meta/default utf8/System.Runtime.Serialization.Configuration.lua,598,8389
TestScript/TestDdf$LuaDDFBufferOverflow$Builder.class,2944,8387
_unpack/x86_64-linux/bin/lsp/lua/meta/LuaJIT zh-cn utf8/math.lua,1441,8374
editor/code/script_intelligence__init,3147,8365
_unpack/x86_64-linux/bin/lsp/lua/meta/default utf8/UnityEngine.TextCore.lua,1435,8327
editor/pipeline__init,3267,8326
net/objecthunter/exp4j/Expression.class,3881,8318
util/digest__init.class,2871,8283
_unpack/shared/lua-annotations/window.lua,1918,8280
lua-annotations/window.lua,1918,8280
com/cognitect/transit/impl/WriterFactory.class,2871,8278
editor/editor_tab__init,2725,8275
editor/fxui/combo_box__init,3365,8250
org/objectweb/asm/AnnotationWriter.class,3679,8250
com/googlecode/javaewah/IteratorAggregation.class,3650,8216
util/http_server$start_BANG_$reify__25160$fn$reify__25170$fn__25171.class,3830,8213
editor/protobuf_forms__init,3268,8205
editor/system__init,3097,8194
lua-annotations/liveupdate.lua,2143,8177
_unpack/shared/lua-annotations/liveupdate.lua,2143,8177
_unpack/shared/luajit/jit/vmdef.lua,2875,8107
_unpack/shared/lua-annotations/bit.lua,1929,8105
lua-annotations/bit.lua,1929,8105
doc/script_crash.cpp_doc.sdoc,1796,8097
editor/resource_update__init,3257,8088
com/cognitect/transit/impl/AbstractEmitter.class,3624,8071
engine-profiler/remotery/vis/extern/BrowserLib/Core/Code/Convert.js,3120,8070
editor/launcher,3998,8068
cljs/core/async/impl/channels.cljs,1962,8062
org/objectweb/asm/MethodVisitor.class,3167,8050
TestScript/TestDdf$EmptyMsg.class,2637,8043
google/protobuf/field_mask.proto,3141,8041
plumbing/fnk/pfnk__init.class,3359,8033
doc/scripts-script_collection_factory.cpp_doc.sdoc,2181,8005
editor/gl/vertex/PersistentVertexBuffer,3536,7989
_unpack/x86_64-linux/bin/lsp/lua/meta/default utf8/System.Resources.lua,967,7972
plumbing/map.clj,2397,7960
plumbing/map.cljs,1712,7960
internal/java__init.class,3107,7946
util/crypto__init.class,2756,7937
_unpack/x86_64-linux/bin/lsp/lua/meta/3rd/Defold/library/resource.lua,1860,7914
_unpack/x86_64-linux/bin/lsp/lua/meta/default utf8/UnityEngine.Experimental.Playables.lua,994,7912
engine-profiler/remotery/vis/extern/BrowserLib/WindowManager/Code/Window.js,1970,7899
sponsors/king.png,7901,7896
antlr/CharScanner.class,3579,7891
builtins/manifests/web/dark_theme.css,2538,7853
com/googlecode/javaewah32/FastAggregation32.class,3017,7848
TestScript/TestDdf.class,2757,7833
_unpack/x86_64-linux/bin/lsp/lua/meta/default utf8/UnityEngine.ParticleSystemJobs.lua,1069,7826
builtins/manifests/web/light_theme.css,2513,7819
_unpack/x86_64-linux/bin/lsp/lua/script/pub/pub.lua,2351,7815
_unpack/x86_64-linux/bin/lsp/lua/meta/3rd/Cocos4.0/library/cc/Physics3DSliderConstraint.lua,1008,7813
google/protobuf/type.proto,2609,7774
_unpack/x86_64-linux/bin/lsp/lua/meta/3rd/love2d/library/love/font.lua,1496,7769
editor/scene_async__init,3053,7738
_unpack/x86_64-linux/bin/lsp/lua/script/service/service.lua,2098,7731
_unpack/x86_64-linux/bin/lsp/lua/meta/3rd/Cocos4.0/library/ccui/Button.lua,1511,7728
_unpack/x86_64-linux/bin/lsp/lua/meta/default utf8/System.IO.Compression.lua,828,7697
doc/dmsdk-dlib-connection_pool.h_doc.sdoc,1148,7688
_unpack/x86_64-linux/bin/lsp/lua/meta/default utf8/UnityEngine.Apple.ReplayKit.lua,1515,7683
com/cognitect/transit/impl/JsonParser.class,2728,7680
antlr/Parser.class,2787,7671
_unpack/x86_64-linux/bin/lsp/lua/meta/Lua 5.4 zh-cn utf8/debug.lua,2027,7669
editor/code/script_annotations__init,3107,7664
doc/lua_os.doc_h_doc.sdoc,2455,7662
editor/texture/engine__init,3194,7655
doc/dmsdk-graphics-graphics_vulkan.h_doc.sdoc,1163,7652
editor/pipeline/tex_gen__init,2852,7618
_unpack/x86_64-linux/bin/lsp/lua/script/proto/proto.lua,2110,7584
org/objectweb/asm/Opcodes.class,2930,7579
_unpack/x86_64-linux/bin/lsp/lua/meta/3rd/lfs/library/lfs.lua,2307,7574
antlr/TokenStreamRewriteEngine.class,3269,7569
builtins/scripts/edn.lua,2272,7565
_unpack/shared/lua-annotations/collectionfactory.lua,2186,7546
lua-annotations/collectionfactory.lua,2186,7546
org/slf4j/helpers/MessageFormatter.class,3203,7545
com/cognitect/transit/impl/MsgpackParser.class,2713,7529
engine-profiler/remotery/vis/Code/WebGL.js,1922,7518
_unpack/x86_64-linux/bin/lsp/lua/meta/3rd/Cocos4.0/library/cc/GLView.lua,1828,7511
com/cognitect/transit/impl/WriteHandlerMap.class,2916,7506
editor/recent_files__init,2943,7497
editor/fuzzy_text__init,2791,7477
editor/protobuf_forms_util,3856,7472
editor/binary_file__init,2868,7437
editor/build__init,2900,7426
doc/dmsdk-dlib-log.h_doc.sdoc,1468,7419
util/http_client$request.class,3184,7416
_unpack/x86_64-linux/bin/lsp/lua/meta/LuaJIT zh-cn utf8/debug.lua,1955,7416
icons/scene/light_ambient.png,6705,7390
org/jvnet/mimepull/MIMEMessage.class,3543,7383
net/jpountz/lz4/LZ4JavaUnsafeCompressor.class,3591,7372
net/jpountz/lz4/LZ4JavaSafeCompressor.class,3587,7362
editor/gl/vertex/TransientVertexBuffer,3054,7296
doc/dmsdk-dlib-intersection.h_doc.sdoc,966,7285
editor/render_program_utils__init,2840,7282
antlr/debug/LLkDebuggingParser.class,3082,7272
_unpack/x86_64-linux/bin/lsp/lua/meta/3rd/love2d/library/love/thread.lua,2068,7253
util/diff__init.class,2925,7226
com/samskivert/mustache/Template.class,3053,7196
javax/xml/bind/DatatypeConverter.class,2216,7176
javax/vecmath/Quat4f.class,3409,7173
net/jpountz/lz4/LZ4FrameOutputStream.class,3356,7156
editor/editor_extensions/prefs_functions__init,2930,7150
javax/vecmath/Tuple4d.class,3040,7137
javax/vecmath/Quat4d.class,3317,7116
icons/ios/ios_icon_114.png,7085,7080
editor/field_expression__init,2858,7075
_unpack/x86_64-linux/bin/lsp/lua/meta/3rd/Cocos4.0/library/ccui/Text.lua,1792,7058
editor/boot_open_project__init,2981,7050
util/net$download_BANG_.class,3351,7033
libprism_common.so,2143,7032
internal/node$parse_type_form.class,3086,7018
doc/src-script_liveupdate.h_doc.sdoc,2099,7017
editor/lsp/jsonrpc__init,2829,7007
editor/pipeline/bob__init,2936,7004
editor/model_loader__init,2781,6996
icons/scene/light_sun.png,6949,6994
_unpack/x86_64-linux/bin/lsp/lua/meta/3rd/Cocos4.0/library/cc/PhysicsWorld.lua,1757,6965
editor/editor_extensions/tile_map__init,2720,6965
_unpack/x86_64-linux/bin/lsp/lua/meta/default utf8/System.Management.Instrumentation.lua,635,6959
_unpack/x86_64-linux/bin/lsp/lua/meta/default utf8/System.Diagnostics.PerformanceData.lua,643,6953
_unpack/x86_64-linux/bin/lsp/lua/meta/3rd/Cocos4.0/library/cc/PhysicsShape.lua,1638,6939
cljs/tools/reader/impl/errors.cljs,2007,6929
_unpack/x86_64-linux/bin/lsp/lua/script/core/signature.lua,1846,6927
_unpack/x86_64-linux/bin/lsp/lua/meta/3rd/Cocos4.0/library/cc/SpriteBatchNode.lua,1619,6922
editor/volatile_cache/VolatileCache,2744,6918
_unpack/x86_64-linux/bin/lsp/lua/meta/3rd/Cocos4.0/library/cc/Physics3DRigidBody.lua,1284,6904
plumbing/fnk/impl$letk_arg_bind_sym_and_body_form.class,3023,6867
_unpack/x86_64-linux/bin/lsp/lua/script/config/config.lua,1442,6864
editor/gl/pass__init,2950,6860
editor/sentry__init,2863,6853
editor/code/util__init,2795,6847
_unpack/x86_64-linux/bin/lsp/lua/meta/Lua 5.4 zh-cn utf8/string.lua,1739,6831
TestScript/TestDdf$Uint64Msg$Builder.class,2365,6829
_unpack/x86_64-linux/bin/lsp/lua/meta/LuaJIT zh-cn utf8/string.lua,1746,6813
com/cognitect/transit/impl/JsonEmitter.class,2903,6807
_unpack/x86_64-linux/bin/lsp/lua/script/glob/gitignore.lua,1953,6804
editor/code/shader_compilation__init,2763,6798
_unpack/x86_64-linux/bin/lsp/lua/meta/3rd/Cocos4.0/library/cc/DrawNode.lua,1355,6792
_unpack/x86_64-linux/bin/lsp/lua/meta/LuaJIT zh-cn utf8/io.lua,1679,6792
_unpack/x86_64-linux/bin/lsp/lua/meta/Lua 5.4 zh-cn utf8/io.lua,1675,6792
_unpack/x86_64-linux/bin/lsp/lua/script/core/hover/label.lua,1607,6776
net/jpountz/lz4/LZ4Factory.class,3131,6763
TestScript/TestDdf$SubMsg$Builder.class,2343,6758
plumbing/fnk/impl$letk_input_schema_and_body_form.class,3067,6754
_unpack/shared/lua-annotations/crash.lua,1604,6751
lua-annotations/crash.lua,1604,6751
_unpack/shared/lua-annotations/particlefx.lua,1714,6746
lua-annotations/particlefx.lua,1714,6746
_unpack/x86_64-linux/bin/lsp/lua/meta/3rd/busted/library/busted.lua,1648,6673
doc/dmsdk-dlib-dstrings.h_doc.sdoc,1769,6627
org/objectweb/asm/Constants.class,2983,6624
doc/dmsdk-dlib-crypt.h_doc.sdoc,947,6621
_unpack/x86_64-linux/bin/lsp/lua/script/workspace/loading.lua,1573,6619
internal/cache/NullCache.class,2534,6601
google/protobuf/timestamp.proto,2902,6595
doc/dmsdk-dlib-webserver.h_doc.sdoc,1255,6582
util/http_server$response.class,2887,6573
editor/boot__init,3017,6571
_unpack/x86_64-linux/bin/lsp/lua/meta/3rd/Cocos4.0/library/ccui/PageView.lua,1405,6567
doc/scripts-script_factory.cpp_doc.sdoc,1776,6555
editor/connection_properties,3246,6530
antlr/collections/impl/BitSet.class,3293,6527
_unpack/x86_64-linux/bin/lsp/lua/script/service/net.lua,1263,6502
doc/gamesys-camera_ddf.proto_doc.sdoc,1599,6485
builtins/manifests/web/engine_template.html,2819,6469
doc/dmsdk-dlib-android.h_doc.sdoc,1135,6468
antlr/debug/DebuggingCharScanner.class,2707,6461
_unpack/x86_64-linux/bin/lsp/lua/meta/default utf8/System.Diagnostics.Eventing.lua,768,6453
antlr/BaseAST.class,3069,6450
builtins/scripts/debugger.lua,2287,6444
editor/code/syntax__init,2587,6435
doc/dmsdk-ddf-ddf.h_doc.sdoc,1128,6424
com/cognitect/transit/impl/MsgpackEmitter.class,2503,6406
_unpack/x86_64-linux/bin/lsp/lua/meta/3rd/Cocos4.0/library/ccui/Slider.lua,1337,6400
util/id_vec__init.class,2446,6387
editor/util__init,2669,6387
javax/vecmath/Tuple3d.class,2712,6380
_unpack/x86_64-linux/bin/lsp/lua/script/lclient.lua,1813,6375
_unpack/x86_64-linux/bin/lsp/lua/script/core/hover/table.lua,1478,6361
internal/node$property_dynamics$iter__22017__22021$fn__22022.class,2688,6354
doc/dmsdk-dlib-sys.h_doc.sdoc,1144,6350
editor/editor_extensions/actions__init,2796,6338
_unpack/x86_64-linux/bin/lsp/lua/meta/3rd/Cocos4.0/library/cc/SpriteFrame.lua,1127,6337
javax/vecmath/Tuple4f.class,2750,6332
doc/lua_package.doc_h_doc.sdoc,2271,6325
net/jpountz/lz4/LZ4ByteBufferUtils.class,3205,6321
_unpack/x86_64-linux/bin/lsp/lua/script/core/definition.lua,1535,6278
_unpack/x86_64-linux/bin/lsp/lua/meta/default utf8/System.Security.Authentication.ExtendedProtection.lua,796,6254
editor/image_util__init,2747,6246
editor/editor_localization_bundle__init,2474,6224
com/cognitect/transit/impl/ReaderFactory.class,2064,6217
_unpack/x86_64-linux/bin/lsp/lua/meta/3rd/lovr/library/lovr/thread.lua,2076,6209
javax/xml/bind/ServiceLoaderUtil.class,2676,6208
cljs/core/async/impl/timers.cljs,1634,6206
_unpack/x86_64-linux/bin/lsp/lua/script/proto/diagnostic.lua,1508,6191
doc/scripts-box2d-v3-script_box2d_chain_v3.cpp_doc.sdoc,1156,6186
editor/error_reporting__init,2639,6179
_unpack/x86_64-linux/bin/lsp/lua/meta/3rd/Cocos4.0/library/cc/RenderTexture.lua,1365,6174
_unpack/x86_64-linux/bin/lsp/lua/meta/3rd/skynet/library/skynet/socketdriver.lua,1857,6157
_unpack/x86_64-linux/bin/lsp/lua/script/vm/value.lua,1099,6157
editor/rig__init,2401,6152
riddley/.DS_Store,178,6148
_unpack/x86_64-linux/bin/lsp/lua/script/proto/converter.lua,1266,6148
profiler_template.html,2048,6147
internal/util$into_multiple.class,2630,6117
_unpack/x86_64-linux/bin/lsp/lua/meta/3rd/luv/library/uv_udp_t.lua,1537,6113
engine-profiler/remotery/vis/Code/Console.js,2029,6107
editor/editor_extensions/prefs_docs__init,2636,6100
splash.css,1453,6096
net/jpountz/lz4/LZ4BlockInputStream.class,3109,6074
editor/editor_extensions/error_handling__init,2343,6073
antlr/preprocessor/Grammar.class,2762,6068
util/pkid_vector__init.class,2569,6063
_unpack/x86_64-linux/bin/lsp/lua/meta/3rd/lovr/library/lovr/event.lua,1731,6059
_unpack/x86_64-linux/bin/lsp/lua/meta/3rd/OpenResty/library/resty/websocket/protocol.lua,1554,6055
_unpack/x86_64-linux/bin/lsp/lua/script/await.lua,1736,6048
_unpack/x86_64-linux/bin/lsp/lua/meta/3rd/luv/library/uv_stream_t.lua,1878,6048
icons/scene/light_spot.png,6046,6041
doc/scripts-script_image.cpp_doc.sdoc,1358,6027
antlr/actions/python/CodeLexer.class,2912,6019
doc/scripts-script_font.cpp_doc.sdoc,1700,6015
net/objecthunter/exp4j/ExpressionBuilder.class,2394,6009
editor/slice9__init,2507,6001
internal/system$update_cache_from_evaluation_context.class,2588,5996
editor/lsp/project__init,2536,5990
TestScript/TestDdf$EmptyMsg$Builder.class,1918,5990
doc/src-script_timer.cpp_doc.sdoc,1665,5989
net/jpountz/lz4/LZ4BlockOutputStream.class,3163,5988
internal/transaction$realize_set_property_impl.class,2715,5988
net/jpountz/lz4/LZ4HCJavaUnsafeCompressor.class,2723,5965
org/jvnet/mimepull/BASE64DecoderStream.class,3419,5965
engine-profiler/remotery/vis/Code/TimelineMarkers.js,1837,5963
engine-profiler/remotery/vis/extern/BrowserLib/WindowManager/Code/ComboBox.js,1740,5962
_unpack/x86_64-linux/bin/lsp/lua/meta/default utf8/UnityEngineInternal.lua,783,5961
util/array$of_type.class,2164,5951
_unpack/x86_64-linux/bin/lsp/lua/meta/3rd/love2d/library/love/sound.lua,1409,5947
net/jpountz/lz4/LZ4HCJavaSafeCompressor.class,2722,5947
_unpack/x86_64-linux/bin/lsp/lua/script/vm/visible.lua,1231,5941
editor/menu_items,2952,5940
service/log$log_expr.class,2437,5938
_unpack/x86_64-linux/bin/lsp/lua/meta/default utf8/System.Collections.ObjectModel.lua,711,5937
_unpack/x86_64-linux/bin/lsp/lua/meta/3rd/Cocos4.0/library/cc/Camera.lua,1475,5936
editor/ui/fuzzy_choices__init,2478,5936
Lua.g4,2262,5926
internal/transaction$realize_clear_property.class,2727,5923
lua-annotations/factory.lua,1748,5920
_unpack/shared/lua-annotations/factory.lua,1748,5920
antlr/ASTFactory.class,2890,5916
javax/vecmath/AxisAngle4f.class,2722,5912
javax/vecmath/AxisAngle4d.class,2670,5900
editor/ui/updater__init,2386,5899
javax/ws/rs/core/MediaType.class,2587,5884
camel_snake_kebab$fn__4774.class,2728,5875
_unpack/x86_64-linux/bin/lsp/lua/meta/3rd/Cocos4.0/library/cc/PUParticleSystem3D.lua,1198,5870
_unpack/shared/luajit/jit/v.lua,2159,5869
luajc.class,2972,5859
_unpack/x86_64-linux/bin/lsp/lua/script/core/diagnostics/param-type-mismatch.lua,1632,5855
internal/node$extract_def_fns$fn__21890.class,2272,5854
net/jpountz/util/Native.class,3183,5852
_unpack/x86_64-linux/bin/lsp/lua/meta/default utf8/System.Runtime.Serialization.Formatters.lua,750,5841
_unpack/x86_64-linux/bin/lsp/lua/meta/LuaJIT zh-cn utf8/os.lua,1288,5832
_unpack/x86_64-linux/bin/lsp/lua/meta/Lua 5.4 zh-cn utf8/os.lua,1288,5832
com/googlecode/javaewah32/IteratingBufferedRunningLengthWord32.class,2467,5829
net/jpountz/lz4/LZ4HCJavaUnsafeCompressor$HashTable.class,2646,5822
_unpack/x86_64-linux/bin/lsp/lua/meta/3rd/Defold/library/sound.lua,1722,5819
editor/future__init,2428,5811
net/jpountz/lz4/LZ4HCJavaSafeCompressor$HashTable.class,2645,5804
_unpack/x86_64-linux/bin/lsp/lua/meta/3rd/Cocos4.0/library/cc/AudioEngine.lua,1249,5803
editor/editor_extensions/localization__init,2489,5799
_unpack/x86_64-linux/bin/lsp/lua/meta/3rd/skynet/library/skynet/socket.lua,2297,5792
plumbing/fnk/impl$fnk_form.class,2656,5775
editor/color_dropper__init,2463,5768
editor/defold_project_search__init,2389,5764
dynamo/graph$defnode.class,2592,5762
doc/src-script_msg.cpp_doc.sdoc,1669,5742
_unpack/shared/lua-annotations/http.editor_script,1441,5733
lua-annotations/http.editor_script,1441,5733
com/googlecode/javaewah/IteratingBufferedRunningLengthWord.class,2495,5730
editor/ui/fuzzy_combo_box__init,2504,5726
internal/node$node_type_merge.class,2274,5711
internal/node$fn__21755.class,2751,5710
editor/diff_view__init,2363,5679
net/jpountz/xxhash/XXHashFactory.class,2606,5660
_unpack/x86_64-linux/bin/lsp/lua/script/core/folding.lua,859,5621
util/array$of.class,2120,5616
antlr/Grammar.class,2701,5590
antlr/RuleBlock.class,2629,5589
editor/command_requests__init,2343,5583
_unpack/x86_64-linux/bin/lsp/lua/meta/default utf8/UnityEngine.SubsystemsImplementation.lua,1099,5583
editor/collection_string_data__init,2142,5582
org/objectweb/asm/Label.class,3031,5580
_unpack/x86_64-linux/bin/lsp/lua/script/core/diagnostics/init.lua,1401,5578
_unpack/x86_64-linux/bin/lsp/lua/meta/template/debug.lua,1211,5575
_unpack/x86_64-linux/bin/lsp/lua/script/core/completion/auto-require.lua,1524,5570
util/ensure$argument_satisfies.class,2428,5568
editor/model_util__init,2292,5568
service/log__init.class,2568,5557
google/protobuf/any.proto,2463,5552
editor/background__init,2374,5552
_unpack/shared/luajit/jit/bc.lua,1994,5547
_unpack/x86_64-linux/bin/lsp/lua/meta/3rd/Cocos4.0/library/cc/Texture2D.lua,1485,5529
dynamo/graph$node_property_dynamic.class,2433,5519
_unpack/x86_64-linux/bin/lsp/lua/meta/3rd/OpenResty/library/ngx/balancer.lua,2181,5514
_unpack/x86_64-linux/bin/lsp/lua/meta/3rd/Cocos4.0/library/ccui/AbstractCheckButton.lua,960,5513
javax/vecmath/Tuple3f.class,2378,5510
css-demo.fxml,978,5508
internal/node$verify_inputs_for_outputs.class,2599,5506
_unpack/x86_64-linux/bin/lsp/lua/meta/3rd/Cocos4.0/library/cc/TMXLayer.lua,1319,5493
internal/node$property_dynamics$iter__22017__22021$fn__22022$fn__22023.class,2386,5490
com/googlecode/javaewah/datastructure/ImmutableBitSet.class,2629,5487
_unpack/x86_64-linux/bin/lsp/lua/meta/3rd/skynet/library/skynet/db/mongo.lua,1593,5476
internal/util$group_into.class,2278,5443
_unpack/x86_64-linux/bin/lsp/lua/meta/3rd/Cocos4.0/library/ccui/RichText.lua,1072,5425
editor/process__init,2262,5412
editor/doc__init,2536,5405
antlr/AlternativeBlock.class,2660,5403
google/protobuf/wrappers.proto,1762,5392
org/jvnet/mimepull/TempFiles.class,2337,5382
editor/graph_util__init,2445,5369
editor/github__init,2541,5368
util/debug_util$log_time_and_memory.class,2140,5353
_unpack/x86_64-linux/bin/lsp/lua/script/cli/help.lua,1599,5352
engine-profiler/remotery/vis/extern/BrowserLib/WindowManager/Code/Grid.js,1755,5351
plumbing/fnk/impl$positional_arg_bind_sym_and_body.class,2441,5305
editor/icons__init,2173,5303
util/http_server$router_handler$route_request__25206.class,2500,5299
_unpack/x86_64-linux/bin/lsp/lua/meta/3rd/Cocos4.0/library/cc/EventDispatcher.lua,1177,5294
lua.class,2669,5281
util/coll$pmapv.class,2492,5275
_unpack/x86_64-linux/bin/lsp/lua/meta/default utf8/System.Xml.Serialization.Configuration.lua,602,5266
_unpack/x86_64-linux/bin/lsp/lua/script/plugin.lua,1596,5264
_unpack/x86_64-linux/bin/lsp/lua/meta/3rd/luv/library/uv_handle_t.lua,1601,5252
engine-profiler/remotery/vis/Styles/Remotery.css,1641,5241
doc/scripts-script_compute.cpp_doc.sdoc,1138,5213
_unpack/x86_64-linux/bin/lsp/lua/meta/3rd/Cocos4.0/library/cc/ActionManager.lua,1086,5208
net/jpountz/util/UnsafeUtils.class,2339,5204
editor/yaml__init,2351,5200
doc/scripts-script_sys_gamesys.cpp_doc.sdoc,1495,5195
internal/node$declared_properties_function_form.class,2184,5157
_unpack/x86_64-linux/bin/lsp/lua/meta/3rd/Cocos4.0/library/ccs/ActionTimeline.lua,1119,5142
javax/vecmath/Tuple4i.class,2289,5136
_unpack/x86_64-linux/bin/lsp/lua/script/timer.lua,1192,5133
net/jpountz/lz4/LZ4UnsafeUtils.class,2838,5119
_unpack/x86_64-linux/bin/lsp/lua/meta/3rd/Cocos4.0/library/cc/FastTMXLayer.lua,1169,5118
javax/ws/rs/core/Response.class,1820,5102
engine-profiler/remotery/vis/Code/Shaders/Shared.glsl,1623,5101
_unpack/x86_64-linux/bin/lsp/lua/meta/3rd/OpenResty/library/resty/lock.lua,1826,5083
org/jvnet/mimepull/MIMEPart.class,2248,5077
_unpack/x86_64-linux/bin/lsp/lua/meta/default utf8/UnityEngine.Networking.Types.lua,1074,5062
dynamo/graph$copy.class,2537,5057
_unpack/x86_64-linux/bin/lsp/lua/script/core/fix-indent.lua,1364,5054
editor/code/lang/json,2598,5050
builtins/scripts/socket.lua,1444,5038
internal/node/OverrideNode$fn__22082.class,2294,5028
org/slf4j/bridge/SLF4JBridgeHandler.class,2367,4983
_unpack/x86_64-linux/bin/lsp/lua/meta/default utf8/System.Runtime.Versioning.lua,666,4982
editor/scene_layout__init,2141,4971
editor/gui_attachment__init,2136,4964
potemkin/namespaces$import_fn.class,2147,4961
editor/ui/fuzzy_choices_popup__init,2206,4957
tips.txt,2380,4957
doc/scripts-box2d-v2-script_box2d_world_v2.cpp_doc.sdoc,727,4950
internal/node$validate_property_value_impl.class,2371,4949
dynamo/graph$paste.class,2402,4947
editor/game_project_core,2560,4934
about.fxml,1078,4925
potemkin/utils.clj,1715,4921
dynamo/graph$override_predecessors.class,2349,4915
doc/dmsdk-graphics-graphics_native.h_doc.sdoc,655,4911
lua-annotations/collectionproxy.lua,1540,4904
_unpack/shared/lua-annotations/collectionproxy.lua,1540,4904
util/debug_util$inspect_impl.class,2346,4903
editor/buffers/BufferData,2459,4899
google/protobuf/java_features.proto,1547,4899
dynamo/graph$make_nodes.class,2201,4898
_unpack/x86_64-linux/bin/lsp/lua/meta/LuaJIT zh-cn utf8/table.lua,1531,4895
_unpack/x86_64-linux/bin/lsp/lua/meta/Lua 5.4 zh-cn utf8/table.lua,1531,4895
google/protobuf/duration.proto,2058,4892
internal/transaction$realize_populate_overrides.class,2345,4891
_unpack/x86_64-linux/bin/lsp/lua/script/workspace/scope.lua,1174,4889
engine-profiler/remotery/vis/Code/Shaders/Grid.glsl,1043,4879
plumbing/fnk/schema$fn__20575$sequence_schemata__20580.class,2232,4865
engine-profiler/remotery/vis/Code/TraceDrop.js,1404,4864
doc/scripts-bullet3d-script_bullet3d.cpp_doc.sdoc,1387,4860
editor/web_server__init,2185,4854
internal/node$fn__21748.class,2340,4852
potemkin/namespaces$import_def.class,2093,4839
javax/vecmath/ExceptionStrings.properties,907,4816
builtins/manifests/ios/Info.plist,1120,4811
org/jvnet/mimepull/WeakDataFile.class,2345,4809
net/jpountz/lz4/LZ4SafeUtils.class,2476,4801
icons/document.iconset/icon_32x32@2x.png,4804,4799
lua-annotations/sprite.lua,1446,4791
_unpack/shared/lua-annotations/sprite.lua,1446,4791
_unpack/x86_64-linux/bin/lsp/lua/meta/default utf8/UnityEngine.Scripting.lua,1006,4786
com/cognitect/transit/impl/ReadHandlerMap.class,1839,4781
org/slf4j/helpers/MarkerIgnoringBase.class,1343,4773
potemkin/namespaces$import_macro.class,2049,4768
org/objectweb/asm/ClassVisitor.class,1982,4749
plumbing/fnk/schema$fn__20307$split_schema_keys__20312.class,2131,4728
org/objectweb/asm/FieldWriter.class,1941,4715
com/googlecode/javaewah/LongArray.class,2311,4713
util/ensure$argument.class,1996,4706
_unpack/x86_64-linux/bin/lsp/lua/script/json-beautify.lua,1105,4704
plumbing/fnk/schema$fn__20447$compose_schemata__20452.class,2153,4703
doc/gameobject-gameobject_ddf.proto_doc.sdoc,1458,4703
doc/dmsdk-dlib-sslsocket.h_doc.sdoc,1039,4701
builtins/scripts/LICENSE,828,4691
com/googlecode/javaewah32/IntArray.class,2284,4690
util/http_server$start_BANG_.class,2343,4689
internal/cache$retaining_lru_cache_factory.class,2181,4685
_unpack/x86_64-linux/bin/lsp/lua/script/core/hover/init.lua,1198,4681
_unpack/x86_64-linux/bin/lsp/lua/meta/3rd/love2d/library/love/event.lua,1389,4673
sponsors/poki.png,4668,4663
internal/low_memory__init.class,2218,4662
_unpack/x86_64-linux/bin/lsp/lua/script/core/workspace-symbol.lua,1048,4660
javax/ws/rs/core/CacheControl.class,1829,4654
javax/vecmath/VecmathUtils.class,2392,4644
internal/paper_tape/PaperTape.class,2035,4643
editor/editor_extensions/zlib__init,2034,4639
javax/vecmath/Tuple2d.class,2013,4638
meta_merge/core__init.class,1969,4633
dynamo/graph$fnk.class,1930,4630
engine-profiler/remotery/vis/patched.index.html,633,4625
_unpack/shared/lua-annotations/zip.editor_script,1304,4622
lua-annotations/zip.editor_script,1304,4622
_unpack/x86_64-linux/bin/lsp/lua/meta/3rd/Cocos4.0/library/cc/SpriteFrameCache.lua,1141,4620
javax/vecmath/Tuple2f.class,1998,4619
_unpack/x86_64-linux/bin/lsp/lua/meta/default utf8/UnityEngine.Jobs.lua,854,4609
plumbing/fnk/schema$fn__20256$unwrap_schema_form_key__20261.class,2129,4606
org/jvnet/mimepull/DataHead.class,2304,4596
logo_small.png,4595,4590
plumbing/fnk/schema$fn__20447.class,2018,4586
engine-profiler/remotery/vis/Code/GLCanvas.js,1289,4582
lua-annotations/compute.lua,1148,4575
_unpack/shared/lua-annotations/compute.lua,1148,4575
_unpack/x86_64-linux/bin/lsp/lua/meta/default utf8/UnityEngine.Windows.lua,969,4573
_unpack/x86_64-linux/bin/lsp/lua/script/lazy-cacher.lua,1125,4571
util/coll$removing_update.class,1649,4566
doc/dmsdk-dlib-object_pool.h_doc.sdoc,1034,4559
_unpack/x86_64-linux/bin/lsp/lua/script/core/type-definition.lua,1275,4557
_unpack/x86_64-linux/bin/lsp/lua/meta/3rd/OpenResty/library/ngx/errlog.lua,1801,4553
icons/app.iconset/icon_32x32@2x.png,4557,4552
util/macro__init.class,1991,4543
internal/transaction$call_setter_fn.class,2044,4539
_unpack/x86_64-linux/bin/lsp/lua/meta/3rd/Cocos4.0/library/cc/Animation.lua,949,4539
util/array$hash_code.class,2299,4533
doc/dmsdk-dlib-thread.h_doc.sdoc,1168,4528
_unpack/x86_64-linux/bin/lsp/lua/meta/default utf8/System.Xml.Serialization.Advanced.lua,587,4526
org/objectweb/asm/ByteVector.class,2253,4523
editor/code/lang/java_properties,2401,4522
org/jvnet/mimepull/UUDecoderStream.class,2458,4509
util/coll$gen_reduce_kv_form.class,1743,4508
editor/resource_dialog__init,2018,4501
editor/debug__init,2039,4500
editor/luajit__init,1988,4475
javax/vecmath/Tuple3i.class,1989,4462
_unpack/x86_64-linux/bin/lsp/lua/meta/template/math.lua,751,4460
internal/transaction$realize_transfer_overrides$fn__22515.class,2233,4459
editor/code/lang/json__init,2222,4455
dynamo/graph$commit_tx_result_BANG_.class,2197,4445
_unpack/x86_64-linux/bin/lsp/lua/meta/default utf8/UnityEngine.TestTools.lua,871,4445
_unpack/x86_64-linux/bin/lsp/lua/meta/3rd/Cocos4.0/library/cc/MotionStreak3D.lua,891,4438
cljs/tools/reader/impl/commons.cljs,1562,4435
dynamo/graph$strict_evaluation_context_scope_reporting_variant.class,1787,4433
_unpack/x86_64-linux/bin/lsp/lua/script/linked-table.lua,906,4430
editor/texture/math__init,2022,4430
antlr/preprocessor/Hierarchy.class,2071,4423
plumbing/fnk/impl$positional_fn.class,2191,4423
engine-profiler/remotery/vis/Code/WebGLFont.js,1602,4422
_unpack/shared/lua-annotations/timer.lua,1374,4417
lua-annotations/timer.lua,1374,4417
plumbing/fnk/schema$fn__20343$union_input_schemata__20348.class,2002,4411
_unpack/x86_64-linux/bin/lsp/lua/script/provider/build-meta.lua,1232,4407
engine-profiler/remotery/vis/extern/BrowserLib/Core/Code/Keyboard.js,1823,4401
_unpack/x86_64-linux/bin/lsp/lua/script/core/command/autoRequire.lua,1341,4385
util/ensure__init.class,1926,4380
plumbing/fnk/schema$fn__20493$split_schema__20498.class,1993,4380
_unpack/x86_64-linux/bin/lsp/lua/meta/3rd/Cocos4.0/library/cc/ParticleBatchNode.lua,1034,4370
_unpack/x86_64-linux/bin/lsp/lua/meta/3rd/Cocos4.0/library/ccs/Bone.lua,1108,4369
internal/node$collect_property_value_form.class,1804,4355
_unpack/x86_64-linux/bin/lsp/lua/meta/3rd/Cocos4.0/library/cc/TMXMapInfo.lua,842,4355
editor/editor_extensions/node_types__init,1944,4352
_unpack/x86_64-linux/bin/lsp/lua/meta/3rd/luassert/library/luassert/spy.d.lua,983,4348
editor/code/lang/ini__init,2114,4338
_unpack/x86_64-linux/bin/lsp/lua/script/provider/markdown.lua,1128,4330
_unpack/x86_64-linux/bin/lsp/lua/script/core/diagnostics/missing-fields.lua,1207,4327
_unpack/x86_64-linux/bin/lsp/lua/meta/3rd/Defold/library/profiler.lua,1641,4326
_unpack/x86_64-linux/bin/lsp/lua/meta/default utf8/UnityEngine.Assertions.Must.lua,397,4324
google/protobuf/struct.proto,1954,4319
net/objecthunter/exp4j/function/Functions.class,1765,4319
_unpack/x86_64-linux/bin/lsp/lua/script/core/implementation.lua,1100,4317
internal/transaction$ctx_replace_arc.class,2015,4316
plumbing/fnk/schema$fn__20284$explicit_schema_key_map__20289.class,2006,4309
internal/node$type_compatible_QMARK_.class,2044,4307
internal/transaction$realize_transfer_overrides.class,1989,4303
_unpack/x86_64-linux/bin/lsp/lua/script/encoder/utf16.lua,973,4297
editor/notifications_view__init,1896,4294
potemkin/namespaces__init.class,2025,4285
plumbing/fnk/schema$fn__20373$required_toplevel_keys__20378.class,1996,4281
editor/menu_items__init,2080,4274
_unpack/x86_64-linux/bin/lsp/lua/script/core/reference.lua,1109,4272
_unpack/x86_64-linux/bin/lsp/lua/script/core/diagnostics/inject-field.lua,1019,4270
javax/xml/bind/util/JAXBSource$1.class,1717,4257
plumbing/fnk/schema$fn__20575.class,1896,4248
internal/transaction$realize_override.class,1894,4248
com/googlecode/javaewah/LongBufferWrapper.class,1924,4238
_unpack/x86_64-linux/bin/lsp/lua/script/proto/define.lua,1477,4236
com/googlecode/javaewah32/IntBufferWrapper.class,1899,4217
com/samskivert/mustache/Mustache$Accumulator.class,1861,4216
_unpack/x86_64-linux/bin/lsp/lua/script/plugins/ffi/c-parser/typed.lua,1223,4214
org/objectweb/asm/ModuleWriter.class,1972,4212
templates/template.particlefx,655,4209
util/net__init.class,1981,4204
util/coll$gen_reduce_form.class,1645,4204
editor/collision_groups__init,2023,4201
internal/transaction$new_transaction_context.class,1985,4193
dynamo/graph$loading__6812__auto____23157.class,1942,4190
util/debug_util$allocated_bytes.class,1717,4187
doc/scripts-script_http.cpp_doc.sdoc,1322,4186
editor/lsp/async__init,1929,4182
plumbing/fnk/schema$fn__20575$sequence_schemata__20580$fn__20601.class,1867,4182
plumbing/core$if_letk.class,1830,4181
util/http_client__init.class,1970,4178
_unpack/x86_64-linux/bin/lsp/lua/meta/default utf8/UnityEngine.Networking.PlayerConnection.lua,615,4178
editor/resource_io__init,1923,4176
editor/url,2302,4171
_unpack/x86_64-linux/bin/lsp/lua/script/plugins/ffi/c-parser/cdefines.lua,1193,4166
plumbing/fnk/impl$positional_fnk_form.class,1828,4164
_unpack/x86_64-linux/bin/lsp/lua/script/string-merger.lua,1057,4160
meta_merge/core$meta_merge.class,1899,4159
editor/ui/fuzzy_choices_popup/proxy,1584,4153
_unpack/x86_64-linux/bin/lsp/lua/script/core/diagnostics/undefined-doc-name.lua,1147,4149
editor/ui/settings_popup/proxy,1578,4148
internal/node$node_output_value_function_form.class,1716,4147
editor/debugging/mobdebug/LuaStructure,2021,4145
util/thread_util__init.class,1876,4137
org/objectweb/asm/RecordComponentWriter.class,1566,4132
plumbing/fnk/impl$extract_special_args.class,2071,4127
dynamo/graph$let_ec_strict_form.class,1928,4126
editor/id__init,1953,4126
_unpack/x86_64-linux/bin/lsp/lua/script/progress.lua,1271,4122
com/googlecode/javaewah32/symmetric/ThresholdFuncBitmap32.class,2228,4112
internal/system$custom_evaluation_context.class,1948,4107
com/googlecode/javaewah/symmetric/ThresholdFuncBitmap.class,2299,4106
editor/code/lang/java_properties__init,1987,4102
editor/engine_profiler__init,1961,4094
antlr/ANTLRTokdefParser.class,2191,4093
net/jpountz/lz4/LZ4JavaUnsafeSafeDecompressor.class,2011,4088
com/samskivert/mustache/Mustache.class,1655,4082
net/jpountz/lz4/LZ4JavaSafeSafeDecompressor.class,2008,4078
com/cognitect/transit/impl/AbstractParser.class,1513,4076
util/debug_util$measuring.class,1601,4064
icons/ios/ios_icon_72.png,4067,4062
cljs/core/async/impl/buffers.cljs,1267,4060
org/jvnet/mimepull/MIMEParser$MIMEEventIterator.class,1709,4049
editor/vcs_status__init,1903,4046
cljs/core/async.clj,1653,4045
editor/connection_properties__init,2020,4043
_unpack/x86_64-linux/bin/lsp/lua/meta/3rd/Cocos4.0/library/ccui/VideoPlayer.lua,1054,4041
net/jpountz/util/ByteBufferUtils.class,1707,4033
internal/node$call_production_function_form.class,1646,4030
lua-annotations/font.lua,1410,4027
com/samskivert/mustache/DefaultCollector.class,1693,4027
_unpack/shared/lua-annotations/font.lua,1410,4027
_unpack/x86_64-linux/bin/lsp/lua/meta/3rd/luv/library/uv_tcp_t.lua,1402,4017
_unpack/x86_64-linux/bin/lsp/lua/meta/3rd/Cocos4.0/library/cc/Sprite3D.lua,1276,4017
org/objectweb/asm/TypeReference.class,1536,4016
editor/http_server/prefs__init,1839,4013
util/digestable$digest_map_BANG_.class,1954,4008
org/apache/harmony/beans/BeansUtils.class,1991,3996
_unpack/x86_64-linux/bin/lsp/lua/meta/3rd/Cocos4.0/library/ccs/Armature.lua,980,3992
dynamo/graph$defnode$iter__23291__23295$fn__23296.class,1846,3984
internal/transaction$realize_disconnect.class,2015,3981
javax/ws/rs/core/NewCookie.class,1685,3974
org/objectweb/asm/Attribute.class,1912,3972
_unpack/x86_64-linux/bin/lsp/lua/meta/3rd/bee/library/bee/filesystem.lua,792,3970
internal/graph$basis_plan_delete_nodes.class,1893,3970
doc/dmsdk-dlib-atomic.h_doc.sdoc,570,3969
doc/lua_table.doc_h_doc.sdoc,1263,3967
org/json/simple/JSONValue.class,2003,3964
internal/node$extract_def_fns.class,1708,3962
editor/library__init,1846,3960
_unpack/x86_64-linux/bin/lsp/lua/meta/3rd/Cocos4.0/library/cc/Physics3DHingeConstraint.lua,753,3959
_unpack/x86_64-linux/bin/lsp/lua/meta/3rd/Cocos4.0/library/cc/ProgressTimer.lua,1062,3959
javax/xml/bind/helpers/ValidationEventLocatorImpl.class,1598,3956
internal/node$loading__6812__auto____21031.class,1863,3953
_unpack/x86_64-linux/bin/lsp/lua/meta/default utf8/UnityEngine.Profiling.Memory.Experimental.lua,649,3950
_unpack/x86_64-linux/bin/lsp/lua/meta/3rd/Cocos4.0/library/cc/ProtectedNode.lua,1060,3950
plumbing/fnk/schema$fn__20493.class,1758,3949
_unpack/x86_64-linux/bin/lsp/lua/meta/3rd/Cocos4.0/library/cc/TextureCache.lua,1215,3942
org/json/simple/ItemList.class,1690,3939
plumbing/core$defnk.class,1919,3937
util/http_server$loading__6812__auto____24946.class,1891,3930
util/ensure$argument_type.class,1674,3921
internal/transaction$ctx_connect_arcs$fn__22613.class,2014,3914
internal/cache$make_cache.class,1866,3909
javax/COPYRIGHT.txt,1639,3908
internal/transaction$mark_property_state_changes.class,1915,3905
plumbing/fnk/schema$fn__20307.class,1776,3893
javax/ws/rs/core/Response$Status.class,2126,3892
_unpack/x86_64-linux/bin/lsp/lua/script/core/code-lens.lua,1121,3890
util/fn$with_logged_calls.class,1549,3889
javax/xml/bind/JAXBContext.class,1538,3888
net/jpountz/lz4/LZ4JavaUnsafeFastDecompressor.class,1889,3885
com/samskivert/mustache/Mustache$Parser.class,1952,3883
internal/cache$miss_update_lru.class,1786,3878
_unpack/x86_64-linux/bin/lsp/lua/meta/3rd/Cocos4.0/library/cc/MotionStreak.lua,828,3876
net/jpountz/lz4/LZ4JavaSafeFastDecompressor.class,1886,3875
util/time__init.class,1698,3870
_unpack/x86_64-linux/bin/lsp/lua/meta/default utf8/UnityEngine.tvOS.lua,1104,3870
sync-push.fxml,911,3866
internal/transaction$realize_transfer_overrides$fn__22501.class,1973,3865
antlr/build/Tool.class,2004,3857
util/fn$evict_memoized_BANG_.class,1957,3846
plumbing/fnk/schema$fn__20343.class,1700,3843
doc/dmsdk-dlib-endian.hpp_doc.sdoc,510,3843
javax/ws/rs/ext/RuntimeDelegate.class,1764,3837
lua-annotations/image.lua,1141,3817
_unpack/shared/lua-annotations/image.lua,1141,3817
doc/lua_coroutine.doc_h_doc.sdoc,1193,3802
editor/node_util__init,1720,3800
util/path$loading__6812__auto____6907.class,1682,3797
editor/lsp/base__init,1745,3793
_unpack/x86_64-linux/bin/lsp/lua/meta/3rd/Cocos4.0/library/cc/TMXTiledMap.lua,802,3789
_unpack/x86_64-linux/bin/lsp/lua/meta/default utf8/System.Runtime.Remoting.Metadata.lua,474,3788
_unpack/x86_64-linux/bin/lsp/lua/meta/Lua 5.4 zh-cn utf8/bit32.lua,774,3786
_unpack/x86_64-linux/bin/lsp/lua/meta/LuaJIT zh-cn utf8/bit32.lua,774,3786
_unpack/x86_64-linux/bin/lsp/lua/script/log.lua,1231,3784
javax/vecmath/Tuple2i.class,1677,3782
_unpack/x86_64-linux/bin/lsp/lua/meta/default utf8/UnityEngine.Experimental.Video.lua,727,3782
editor/disk_availability__init,1796,3780
internal/node$validate_evaluation_context_options.class,1722,3780
editor/bootloader__init,1791,3779
doc/dmsdk-dlib-endian.h_doc.sdoc,499,3777
internal/node$check_caches_form.class,1595,3769
TestScript/TestDdf$Enum.class,1580,3767
antlr/PrintWriterWithSMAP.class,1881,3766
internal/transaction$assert_schema_type_compatible.class,1585,3765
internal/graph$cascade_delete_sources.class,1828,3760
_unpack/x86_64-linux/bin/lsp/lua/meta/3rd/Cocos4.0/library/sp/SkeletonRenderer.lua,624,3757
util/murmur__init.class,1805,3754
editor/build_target__init,1763,3753
_unpack/x86_64-linux/bin/lsp/lua/meta/3rd/OpenResty/library/ngx/re.lua,1441,3751
com/googlecode/javaewah32/ChunkIteratorImpl32.class,1783,3750
util/array$set_items_impl_BANG_.class,1656,3749
plumbing/graph/positional.clj,1284,3741
dynamo/graph$let_ec_relaxed_form.class,1657,3739
plumbing/core$memoized_fn.class,1458,3738
util/defonce__init.class,1699,3737
_unpack/x86_64-linux/bin/lsp/lua/meta/3rd/Cocos4.0/library/ccui/TabControl.lua,931,3733
_unpack/x86_64-linux/bin/lsp/lua/meta/template/io.lua,864,3730
com/googlecode/javaewah/ChunkIteratorImpl.class,1803,3728
internal/node$node_type_deref_ordered_property_setter_infos_raw.class,1704,3727
internal/node$fn__21774$iter__21778__21782$fn__21783.class,1891,3724
_unpack/x86_64-linux/bin/lsp/lua/meta/default utf8/UnityEngine.SocialPlatforms.GameCenter.lua,610,3721
plumbing/fnk/schema$fn__20256.class,1743,3720
_unpack/x86_64-linux/bin/lsp/lua/script/cli/check.lua,1210,3719
internal/graph$loading__6812__auto____19837.class,1727,3717
editor/lua__init,1788,3714
internal/util$intov.class,1492,3711
_unpack/x86_64-linux/bin/lsp/lua/meta/3rd/Cocos4.0/library/cc/Pass.lua,791,3711
editor/scene_picking__init,1654,3710
util/coll$into__GT_.class,1441,3708
editor/hot_reload__init,1786,3708
_unpack/x86_64-linux/bin/lsp/lua/meta/3rd/Cocos4.0/library/cc/Terrain.lua,1141,3707
antlr/preprocessor/Tool.class,2036,3704
dynamo/graph$make_tree_tracer$fn__23391.class,1743,3699
_unpack/x86_64-linux/bin/lsp/lua/meta/3rd/love2d/library/love/system.lua,1176,3690
editor/gl/texture/TextureRequestData,1860,3689
internal/transaction$update_property.class,1647,3689
_unpack/x86_64-linux/bin/lsp/lua/script/language.lua,1147,3688
util/text_util$binary_QMARK_.class,1960,3686
internal/transaction$realize_delete_nodes.class,1852,3678
org/slf4j/MDC.class,1721,3678
_unpack/x86_64-linux/bin/lsp/lua/meta/default utf8/System.Runtime.Remoting.Lifetime.lua,490,3675
plumbing/fnk/schema$schema_diff$iter__20417__20421$fn__20422.class,1833,3669
_unpack/x86_64-linux/bin/lsp/lua/meta/3rd/Cocos4.0/library/ccb/Texture2DBackend.lua,560,3662
net/objecthunter/exp4j/shuntingyard/ShuntingYard.class,1610,3659
_unpack/x86_64-linux/bin/lsp/lua/script/vm/def.lua,834,3657
_unpack/x86_64-linux/bin/lsp/lua/meta/3rd/Cocos4.0/library/ccs/ArmatureDataManager.lua,673,3653
internal/transaction$realize_transfer_overrides$fn__22489.class,1871,3647
dynamo/graph$endpoint_invalidated_pred.class,1693,3646
icons/64/Icons_04-Project-file.png,3649,3644
editor/ns_batch_builder__init,1677,3640
plumbing/core$keywordize_map.class,1801,3634
_unpack/x86_64-linux/bin/lsp/lua/meta/3rd/Cocos4.0/library/cc/NavMeshAgent.lua,846,3632
_unpack/x86_64-linux/bin/lsp/lua/meta/3rd/Cocos4.0/library/cc/Physics3DConeTwistConstraint.lua,877,3630
plumbing/fnk/schema$fn__20373.class,1685,3621
org/slf4j/helpers/BasicMarker.class,1868,3621
_unpack/x86_64-linux/bin/lsp/lua/script/config/loader.lua,882,3620
_unpack/x86_64-linux/bin/lsp/lua/meta/3rd/Cocos4.0/library/cc/ControlPotentiometer.lua,783,3618
_unpack/x86_64-linux/bin/lsp/lua/meta/default utf8/System.Net.Cache.lua,415,3612
_unpack/x86_64-linux/bin/lsp/lua/meta/default utf8/System.Net.Mime.lua,580,3603
internal/transaction$realize_update_graph_value.class,1750,3599
internal/graph$dependencies.class,1719,3590
util/fn$memoize_details.class,1822,3582
_unpack/x86_64-linux/bin/lsp/lua/script/glob/matcher.lua,857,3580
antlr/MismatchedTokenException.class,1629,3580
net/jpountz/xxhash/XXHash64JavaUnsafe.class,1746,3575
_unpack/x86_64-linux/bin/lsp/lua/meta/3rd/OpenResty/library/ngx/ssl/clienthello.lua,1057,3574
net/jpountz/xxhash/XXHash64JavaSafe.class,1744,3567
_unpack/x86_64-linux/bin/lsp/lua/script/provider/language-configuration.lua,858,3559
util/http_server$fn$reify__25141.class,1557,3553
plumbing/fnk/schema$fn__20284.class,1680,3553
util/coll$assoc_in_ex.class,1709,3553
javax/ws/rs/ext/FactoryFinder.class,1791,3540
editor/os__init,1698,3535
_unpack/x86_64-linux/bin/lsp/lua/meta/default utf8/UnityEngine.Build.Pipeline.lua,502,3530
internal/node$canonicalize.class,1619,3529
_unpack/x86_64-linux/bin/lsp/lua/meta/3rd/OpenResty/library/ngx/ocsp.lua,1123,3527
util/debug_util$log_time.class,1558,3521
service/smoke_log__init.class,1756,3520
internal/node$merge_display_order.class,1721,3503
engine-profiler/remotery/vis/index.html,611,3494
editor/lua_parser__init,1728,3494
_unpack/x86_64-linux/bin/lsp/lua/meta/3rd/Cocos4.0/library/cc/Follow.lua,614,3490
internal/low_memory$ensure_notification_listener_BANG___18674.class,1803,3487
_unpack/x86_64-linux/bin/lsp/lua/meta/3rd/Defold/library/tilemap.lua,1151,3487
plumbing/fnk/impl$efficient_call_forms.class,1648,3486
internal/transaction$ctx_revert_add_nodes.class,1630,3483
javax/xml/bind/helpers/DefaultValidationEventHandler.class,1635,3479
luac.class,1855,3478
internal/node$update_fn_maps$fn__21818$fn__21820.class,1567,3477
splash.fxml,850,3475
dynamo/graph$tx_cached_value_BANG_.class,1452,3471
internal/transaction$realize_add_override.class,1703,3471
internal/node$validate_evaluation_context.class,1466,3471
plumbing/core$for_map.class,1378,3469
internal/transaction$ctx_add_nodes.class,1632,3467
potemkin/PersistentMapProxy.class,1450,3466
util/http_server$start_BANG_$reify__25160.class,1646,3464
service/log$logging_exceptions.class,1558,3463
com/cognitect/transit/impl/WriteHandlers$MapWriteHandler.class,1401,3460
_unpack/x86_64-linux/bin/lsp/lua/meta/3rd/Cocos4.0/library/ccs/BoneNode.lua,755,3460
com/googlecode/javaewah/RunningLengthWord.class,1476,3457
dynamo/graph$restore_overridden_properties$iter__23595__23599$fn__23600.class,1695,3454
net/jpountz/lz4/LZ4DecompressorWithLength.class,1463,3445
dynamo/graph$collect_overridden_properties$fn__23586.class,1692,3444
_unpack/x86_64-linux/bin/lsp/lua/script/glob/glob.lua,1099,3442
util/coll$loading__6812__auto____3881.class,1644,3439
_unpack/x86_64-linux/bin/lsp/lua/meta/template/string.lua,677,3435
util/bit_set$clear_bit.class,1472,3433
util/bit_set$set_bit.class,1463,3429
util/coll$pair_fn.class,1346,3426
plumbing/core$letk$fn__20998.class,1630,3423
com/cognitect/transit/impl/ReaderFactory$ReaderImpl.class,1316,3415
com/samskivert/mustache/Mustache$Compiler.class,1175,3411
dynamo/graph$tx_cached_node_value_BANG_.class,1720,3408
doc/dmsdk-dlib-file_descriptor.h_doc.sdoc,615,3401
_unpack/x86_64-linux/bin/lsp/lua/meta/3rd/Cocos4.0/library/cc/LayerGradient.lua,698,3401
internal/transaction$realize_make_override_nodes$fn__22405.class,1683,3399
potemkin/namespaces.clj,887,3396
doc/dmsdk-sound-sound.h_doc.sdoc,729,3388
internal/transaction$realize_add_nodes.class,1722,3385
internal/graph$arcs_by_target$fn__19989.class,1680,3382
editor/editor_extensions/server__init,1567,3379
_unpack/x86_64-linux/bin/lsp/lua/meta/3rd/OpenResty/library/resty/lrucache.lua,1264,3376
internal/node$default_evaluation_context.class,1562,3375
util/time$vague_description.class,1688,3370
_unpack/x86_64-linux/bin/lsp/lua/meta/3rd/Defold/library/collection_factory.lua,1166,3370
antlr/LexerGrammar.class,1784,3370
com/googlecode/javaewah32/RunningLengthWord32.class,1427,3370
plumbing/core$map_vals.class,1750,3366
internal/transaction$realize_update_property.class,1490,3361
internal/node$fn__21765.class,1730,3358
internal/transaction$ctx_delete_nodes.class,1516,3357
util/fn$memoize_late_bound.class,1678,3353
editor/tile_map_common__init,1604,3352
_unpack/x86_64-linux/bin/lsp/lua/meta/3rd/Cocos4.0/library/ccs/ArmatureAnimation.lua,805,3347
_unpack/x86_64-linux/bin/lsp/lua/script/core/diagnostics/unused-function.lua,952,3347
_unpack/shared/lua-annotations/tilemap.editor_script,787,3343
lua-annotations/tilemap.editor_script,787,3343
sponsors/heroiclabs.png,3347,3342
doc/render-render_ddf.proto_doc.sdoc,883,3336
internal/system$replay_changes.class,1635,3334
util/debug_util$metrics_time.class,1487,3333
_unpack/x86_64-linux/bin/lsp/lua/meta/default utf8/System.Security.Authentication.lua,390,3332
antlr/TreeParser.class,1544,3331
internal/node$register_type.class,1484,3330
com/googlecode/javaewah32/IteratorUtil32.class,1431,3329
internal/node$property_value_exprs.class,1516,3321
local_extensions__init.class,1617,3308
doc/dmsdk-gamesys-property.h_doc.sdoc,678,3302
internal/transaction$assert_type_compatible.class,1529,3301
javax/xml/bind/DatatypeConverterImpl$CalendarFormatter.class,1760,3296
_unpack/x86_64-linux/bin/lsp/lua/meta/3rd/Cocos4.0/library/cc/FastTMXTiledMap.lua,726,3295
plumbing/graph_async.clj,1045,3293
plumbing/graph_async.cljs,1049,3293
_unpack/x86_64-linux/bin/lsp/lua/meta/3rd/Cocos4.0/library/sp/SkeletonAnimation.lua,499,3292
_unpack/x86_64-linux/bin/lsp/lua/script/core/diagnostics/unused-local.lua,902,3290
org/slf4j/impl/StaticLoggerBinder.class,1570,3288
util/fn$constantly_fail.class,1334,3288
util/diff$make_diff_output_lines_impl.class,1550,3288
doc/dmsdk-dlib-mutex.h_doc.sdoc,806,3286
potemkin/PersistentMapProxy.java,925,3279
editor/code/data/proxy,1393,3278
editor/resource/proxy,1381,3276
util/fn$loading__6812__auto____6762.class,1538,3275
org/slf4j/helpers/NOPLogger.class,855,3267
_unpack/x86_64-linux/bin/lsp/lua/meta/3rd/lovr/library/lovr/system.lua,1065,3266
util/num$ushort__16102.class,1453,3263
util/num$ubyte__16090.class,1450,3259
internal/node$call_with_error_checked_fnky_arguments_form.class,1415,3258
util/num$uint__16114.class,1449,3255
internal/transaction$loading__6812__auto____22231.class,1561,3255
util/debug_util$loading__6812__auto____18904.class,1553,3251
org/jvnet/mimepull/MIMEConfig.class,1551,3248
util/num$eval16094$fn__16095.class,1452,3241
_unpack/x86_64-linux/bin/lsp/lua/script/filewatch.lua,960,3241
com/googlecode/javaewah/IteratorUtil.class,1436,3241
util/digestable$fn__GT_symbol.class,1605,3239
util/num$eval16082$fn__16083.class,1449,3238
internal/node$node_type_deref_defaults_raw.class,1507,3236
util/num$eval16106$fn__16107.class,1450,3235
dynamo/graph$transact.class,1650,3235
util/coll$remove_from_associative.class,1395,3233
internal/transaction$override_node_ids_removed_by_disconnect.class,1615,3233
internal/util$name_index.class,1646,3229
util/digestable$loading__6812__auto____39814.class,1594,3229
util/bit_set$and_bits.class,1353,3227
util/bit_set$or_bits.class,1351,3225
org/jvnet/mimepull/MemoryData.class,1581,3223
editor/volatile_cache__init,1535,3221
util/array$of_type_impl.class,1470,3214
editor/ui/MenuEventHandler,1587,3214
builtins/materials/skinning.glsl,916,3212
_unpack/x86_64-linux/bin/lsp/lua/script/encoder/init.lua,681,3212
javax/xml/bind/Messages.properties,1488,3211
org/jvnet/mimepull/FactoryFinder.class,1589,3211
dynamo/graph$maybe_node_value.class,1631,3210
internal/graph$collect_override_chains_PLUS_explicit_arcs.class,1561,3208
org/jvnet/mimepull/InternetHeaders.class,1614,3206
dynamo/graph$default_node_serializer.class,1582,3205
dynamo/graph$defnode$iter__23291__23295$fn__23296$fn__23297.class,1499,3204
internal/transaction$update_successors.class,1597,3201
com/googlecode/javaewah32/AndIt.class,1364,3198
antlr/preprocessor/Rule.class,1468,3197
internal/system$cancel_undo.class,1534,3194
internal/node$schema_check_result.class,1572,3194
util/diff$insert_nop_edits.class,1516,3193
internal/graph$pre_traverse.class,1521,3193
_unpack/x86_64-linux/bin/lsp/lua/meta/3rd/Cocos4.0/library/cc/UserDefault.lua,636,3191
com/samskivert/mustache/Mustache$SectionSegment.class,1382,3190
templates/template.emitter,635,3185
_unpack/x86_64-linux/bin/lsp/lua/meta/3rd/Cocos4.0/library/cc/Ripple3D.lua,603,3185
_unpack/x86_64-linux/bin/lsp/lua/meta/3rd/Cocos4.0/library/cc/EventMouse.lua,575,3177
util/coll$resize.class,1530,3176
_unpack/x86_64-linux/bin/lsp/lua/meta/whimsical/rule.lua,590,3175
engine-profiler/remotery/vis/Code/WebSocketConnection.js,875,3175
internal/graph$basis_plan_replace_arc.class,1573,3170
_unpack/x86_64-linux/bin/lsp/lua/meta/default utf8/System.Runtime.Remoting.Proxies.lua,594,3168
dynamo/graph$with_auto_or_fake_evaluation_context.class,1382,3167
internal/system$loading__6812__auto____22919.class,1580,3164
_unpack/x86_64-linux/bin/lsp/lua/script/core/diagnostics/assign-type-mismatch.lua,1024,3164
util/debug_util$stack_trace_impl.class,1486,3162
_unpack/x86_64-linux/bin/lsp/lua/script/brave/work.lua,963,3158
_unpack/shared/lua-annotations/localization.editor_script,833,3154
lua-annotations/localization.editor_script,833,3154
com/googlecode/javaewah/BufferedAndIterator.class,1347,3153
editor/protobuf_forms_util__init,1487,3152
internal/node$check_caches_BANG_.class,1521,3152
_unpack/x86_64-linux/bin/lsp/lua/meta/3rd/Cocos4.0/library/cc/AtlasNode.lua,800,3128
dynamo/graph$valid_node_value.class,1587,3126
util/profiler__init.class,1524,3124
antlr/Lookahead.class,1508,3122
internal/util$count_where.class,1485,3117
internal/transaction$finalize_update.class,1551,3117
util/bit_set$of.class,1341,3116
com/googlecode/javaewah32/BufferedIterator32.class,1291,3116
template-projects/welcome.new-project.empty-project.title.zip,1475,3116
_unpack/x86_64-linux/bin/lsp/lua/meta/default utf8/System.Runtime.Remoting.Activation.lua,498,3115
internal/node/OverrideNode$fn__22082$fn__22087.class,1468,3114
util/diff$redundant_edit_QMARK_.class,1549,3114
_unpack/x86_64-linux/bin/lsp/lua/meta/3rd/Cocos4.0/library/ccui/RichElementText.lua,624,3111
internal/transaction$callback.class,1457,3111
_unpack/x86_64-linux/bin/lsp/lua/meta/3rd/Cocos4.0/library/cc/ClippingNode.lua,840,3110
internal/transaction$expand.class,1465,3108
util/path$tree_walker.class,1502,3104
internal/node$attach_declared_properties_output.class,1530,3100
doc/src-script_types.cpp_doc.sdoc,504,3099
plumbing/fnk/impl$process_schematized_map.class,1653,3096
_unpack/x86_64-linux/bin/lsp/lua/meta/3rd/Cocos4.0/library/ccs/ComAudio.lua,586,3095
doc/dmsdk-font-fontcollection.h_doc.sdoc,593,3093
util/path$tree_walker$reify$reify__7032.class,1439,3092
_unpack/x86_64-linux/bin/lsp/lua/meta/3rd/Cocos4.0/library/cc/ControlSlider.lua,501,3092
util/digestable$digest_map_BANG_$digest_map_entry_BANG___39861.class,1508,3087
com/googlecode/javaewah/BufferedIterator.class,1308,3086
icons/ios/ios_icon_57.png,3084,3079
com/cognitect/transit/impl/JsonVerboseEmitter.class,1325,3078
dynamo/graph$log_evaluation_context_scope_violation_exception_BANG_.class,1624,3077
internal/transaction$mark_override_nodes_affected.class,1482,3077
javax/ws/rs/core/Cookie.class,1342,3077
org/json/simple/JSONObject.class,1429,3076
javax/xml/bind/Unmarshaller.class,829,3074
internal/system$clone_system.class,1417,3073
internal/graph$basis_set_raw_property_state.class,1465,3073
_unpack/x86_64-linux/bin/lsp/lua/script/text-merger.lua,975,3073
local_extensions$handle_request.class,1601,3071
internal/node$construct.class,1516,3070
_unpack/x86_64-linux/bin/lsp/lua/meta/3rd/luv/library/uv_signal_t.lua,1235,3069
net/jpountz/util/SafeUtils.class,1424,3064
_unpack/x86_64-linux/bin/lsp/lua/meta/3rd/Cocos4.0/library/cc/Action.lua,920,3062
meta_merge/core.cljc,883,3061
util/macro$claim_conformed_symbol_name_BANG_.class,1307,3061
_unpack/x86_64-linux/bin/lsp/lua/meta/3rd/luv/library/uv_pipe_t.lua,1018,3060
antlr/DefaultToolErrorHandler.class,1625,3059
doc/gamesys-gui_ddf.proto_doc.sdoc,638,3058
plumbing/fnk/schema$fn__20493$split_schema__20498$fn__20499$iter__20500__20504$fn__20505$fn__20506$iter__20507__20511$fn__20512.class,1506,3058
internal/node$gather_arguments_form.class,1418,3056
internal/node$parse_flags_and_options.class,1524,3051
_unpack/x86_64-linux/bin/lsp/lua/meta/3rd/Cocos4.0/library/ccui/ImageView.lua,934,3048
doc/scripts-box2d-v2-script_box2d_shape_v2.cpp_doc.sdoc,1050,3044
util/digestable$fn__39873.class,1544,3042
_unpack/x86_64-linux/bin/lsp/lua/meta/default utf8/UnityEngine.LowLevel.lua,706,3041
plumbing/fnk/schema$fn__20493$split_schema__20498$fn__20499$iter__20500__20504$fn__20505$iter__20530__20534$fn__20535.class,1501,3038
internal/node$validate_property_labels_impl.class,1502,3033
util/coll$pair_map_by.class,1367,3032
_unpack/x86_64-linux/bin/lsp/lua/meta/3rd/Cocos4.0/library/cc/Animate3D.lua,676,3032
util/coll$sort.class,1562,3029
javax/ws/rs/core/UriBuilder.class,1179,3028
internal/node$verify_property_defaults_impl.class,1555,3027
dynamo/graph$defnk.class,1441,3025
plumbing/fnk/impl$letk_input_schema_and_body_form$fn__20730.class,1474,3024
_unpack/x86_64-linux/bin/lsp/lua/meta/default utf8/UnityEngine.Diagnostics.lua,674,3022
com/googlecode/javaewah/BufferedRunningLengthWord.class,1364,3021
internal/transaction$ctx_revert_delete_nodes.class,1359,3011
internal/util$input_annotations.class,1467,3010
_unpack/x86_64-linux/bin/lsp/lua/script/gc.lua,1143,3006
internal/node$apply_default_property_shortcut_form.class,1377,3002
internal/graph$basis_plan_add_nodes.class,1447,2994
doc/dmsdk-dlib-context_registry.h_doc.sdoc,496,2991
org/objectweb/asm/signature/SignatureWriter.class,1257,2990
internal/node$declared_properties_function_form$iter__22041__22045$fn__22046.class,1427,2987
antlr/build/ANTLR.class,1508,2983
dynamo/graph$fn__23164.class,1426,2983
com/googlecode/javaewah32/BufferedRunningLengthWord32.class,1312,2981
javax/ws/rs/core/Variant.class,1317,2976
internal/transaction$transact_STAR_.class,1456,2975
dynamo/graph$restore_overridden_properties.class,1515,2975
_unpack/x86_64-linux/bin/lsp/lua/meta/default utf8/System.Security.Authentication.ExtendedProtection.Configuration.lua,364,2975
editor/gl/vertex2/VertexBuffer,1460,2975
javax/ws/rs/core/GenericEntity.class,1365,2973
_unpack/shared/lua-annotations/msg.lua,1048,2971
lua-annotations/msg.lua,1048,2971
potemkin/template.clj,938,2970
org/apache/harmony/beans/internal/nls/Messages.class,1501,2966
org/slf4j/helpers/Util.class,1542,2966
internal/node$verify_labels.class,1479,2965
_unpack/x86_64-linux/bin/lsp/lua/script/core/diagnostics/duplicate-set-field.lua,876,2965
_unpack/x86_64-linux/bin/lsp/lua/meta/3rd/Cocos4.0/library/cc/Material.lua,896,2963
util/bit_set$of_capacity.class,1279,2962
util/eduction$loading__6812__auto____3723.class,1518,2962
dynamo/graph$collect_overridden_properties.class,1493,2961
doc/dmsdk-engine-extension.hpp_doc.sdoc,632,2958
internal/transaction$mark_input_activated.class,1463,2955
editor/code/lang/cish,1589,2952
internal/node$fn__21774$iter__21778__21782$fn__21783$fn__21784.class,1551,2951
dynamo/graph$clear_system_cache_BANG_.class,1431,2949
dynamo/graph$override.class,1421,2944
_unpack/x86_64-linux/bin/lsp/lua/script/core/diagnostics/incomplete-signature-doc.lua,790,2943
antlr/SimpleTokenManager.class,1404,2942
editor/code/lang/zig,1588,2941
internal/transaction$realize_defaults.class,1420,2939
editor/code/lang/ini,1583,2939
camel_snake_kebab$loading__6812__auto____4735.class,1406,2939
internal/node$defer_display_order_resolution.class,1307,2939
internal/transaction$successor_changes.class,1357,2938
com/googlecode/javaewah/BufferedORIterator.class,1375,2933
_unpack/x86_64-linux/bin/lsp/lua/meta/3rd/Cocos4.0/library/ccui/Helper.lua,912,2931
_unpack/x86_64-linux/bin/lsp/lua/meta/Lua 5.4 zh-cn utf8/package.lua,969,2927
util/repo__init.class,1474,2925
_unpack/x86_64-linux/bin/lsp/lua/meta/3rd/Cocos4.0/library/cc/Twirl.lua,582,2922
_unpack/x86_64-linux/bin/lsp/lua/meta/3rd/Cocos4.0/library/cc/LayerRadialGradient.lua,527,2921
javax/xml/bind/annotation/W3CDomHandler.class,1178,2918
internal/transaction$ctx_revert_repoint_override_node.class,1302,2917
doc/src-script_json.cpp_doc.sdoc,857,2915
internal/low_memory$reify__18662.class,1540,2914
org/objectweb/asm/signature/SignatureReader.class,1575,2914
internal/graph$basis_perform_delete_nodes.class,1369,2912
_unpack/x86_64-linux/bin/lsp/lua/script/core/diagnostics/return-type-mismatch.lua,893,2911
_unpack/x86_64-linux/bin/lsp/lua/meta/3rd/Cocos4.0/library/ccs/DisplayManager.lua,773,2907
internal/transaction$mark_all_outputs_activated.class,1426,2902
com/googlecode/javaewah32/ORIt.class,1346,2902
util/coll$merge_with_kv.class,1335,2900
_unpack/x86_64-linux/bin/lsp/lua/meta/3rd/Defold/library/factory.lua,973,2898
local_extensions$loading__6812__auto____45487.class,1439,2894
internal/system$invalidate_outputs.class,1387,2888
util/coll$merge_with.class,1325,2882
_unpack/x86_64-linux/bin/lsp/lua/meta/3rd/Cocos4.0/library/cc/ControlStepper.lua,624,2879
plumbing/fnk/schema$fn__20343$union_input_schemata__20348$fn__20349$fn__20352.class,1407,2878
util/debug_util$update_metrics.class,1191,2876
_unpack/x86_64-linux/bin/lsp/lua/meta/3rd/Cocos4.0/library/ccui/RadioButtonGroup.lua,742,2866
builtins/assets/gltf/cube.gltf,778,2865
internal/transaction$ctx_disconnect_arcs$fn__22627.class,1503,2864
util/fn$memoize_late_bound$memoized_fn__6834.class,1451,2863
internal/node$apply_dry_run_cache.class,1349,2862
util/eduction$concat.class,1145,2861
util/crypto$secret_bytes.class,1578,2860
util/coll$ptree$parallel_child_results__4272$fn__4273.class,1459,2860
util/diff$loading__6812__auto____33238.class,1399,2856
_unpack/x86_64-linux/bin/lsp/lua/meta/3rd/Cocos4.0/library/global.lua,806,2852
_unpack/x86_64-linux/bin/lsp/lua/script/without-check-nil.lua,502,2852
plumbing/fnk/schema$schema_diff$iter__20417__20421$fn__20422$fn__20423.class,1493,2851
_unpack/x86_64-linux/bin/lsp/lua/meta/default utf8/System.Runtime.Serialization.Formatters.Binary.lua,398,2850
editor/editor_extensions/image__init,1420,2849
internal/node/OverrideNode$fn__22082$fn__22093.class,1406,2847
dynamo/graph$defnode$iter__23306__23310$fn__23311.class,1424,2845
dynamo/graph$defective_QMARK_.class,1444,2844
_unpack/x86_64-linux/bin/lsp/lua/meta/template/os.lua,682,2831
internal/node$deduce_output_type_form.class,1343,2829
internal/node$call_with_error_checked_fnky_arguments_form$fn__21968.class,1365,2828
internal/graph$arcs_by_target$fn__19997.class,1436,2827
editor/localization/Localization,1192,2826
plumbing/core$letk.class,1366,2825
_unpack/x86_64-linux/bin/lsp/lua/script/vm/vm.lua,873,2823
util/text_util$loading__6812__auto____4289.class,1393,2823
internal/node$fn__21100.class,1353,2818
internal/util$select_keys_deep.class,1317,2817
javax/ws/rs/core/Response$ResponseBuilder.class,979,2817
util/digestable$augment_throwable_with_path.class,1374,2815
internal/node$node_input_value_function_form.class,1324,2813
builtins/fonts/font-df-ms.fp,862,2810
_unpack/x86_64-linux/bin/lsp/lua/meta/3rd/Cocos4.0/library/ccui/LoadingBar.lua,786,2806
util/text_util$guess_line_endings.class,1532,2804
net/jpountz/xxhash/StreamingXXHash64JavaUnsafe.class,1719,2803
internal/transaction$finalize_successors_changed.class,1395,2803
com/googlecode/javaewah/BufferedXORIterator.class,1318,2802
doc/dmsdk-dlib-double_linked_list.h_doc.sdoc,523,2801
com/googlecode/javaewah32/symmetric/UpdateableBitmapFunction32.class,1322,2800
javax/xml/bind/JAXBElement.class,1184,2799
com/googlecode/javaewah32/XORIt.class,1307,2799
antlr/debug/InputBufferEventSupport.class,1414,2797
com/googlecode/javaewah32/symmetric/RunningBitmapMerge32.class,1242,2794
util/digestable$digest_tagged_BANG_.class,1307,2793
internal/transaction$realize_set_property.class,1301,2789
internal/graph$propagate_source_arcs$fn__19971$fn__19972.class,1319,2788
engine-profiler/remotery/vis/extern/BrowserLib/WindowManager/Code/TreeviewItem.js,839,2788
_unpack/x86_64-linux/bin/lsp/lua/meta/3rd/OpenResty/library/resty/websocket/client.lua,1072,2787
_unpack/x86_64-linux/bin/lsp/lua/meta/3rd/Cocos4.0/library/ccui/WebView.lua,807,2787
util/array$nth_fn.class,1408,2783
_unpack/x86_64-linux/bin/lsp/lua/meta/3rd/Defold/library/particle_effects.lua,834,2783
net/jpountz/xxhash/XXHash32JavaUnsafe.class,1462,2782
internal/transaction$realize_update_overrides$fn__22434.class,1385,2782
_unpack/x86_64-linux/bin/lsp/lua/meta/3rd/Defold/library/buffer.lua,840,2778
dynamo/graph$overridden_properties.class,1450,2778
doc/dmsdk-dlib-utf8.h_doc.sdoc,756,2777
_unpack/x86_64-linux/bin/lsp/lua/meta/Lua 5.4 zh-cn utf8/coroutine.lua,919,2777
net/jpountz/xxhash/XXHash32JavaSafe.class,1461,2774
internal/node$cache_result_form.class,1212,2773
_unpack/x86_64-linux/bin/lsp/lua/meta/LuaJIT zh-cn utf8/package.lua,889,2771
doc/dmsdk-dlib-image.h_doc.sdoc,571,2767
_unpack/x86_64-linux/bin/lsp/lua/meta/3rd/Cocos4.0/library/cc/Control.lua,742,2766
internal/graph$lift_source_arc$fn__19947.class,1310,2764
_unpack/x86_64-linux/bin/lsp/lua/script/file-uri.lua,905,2762
net/jpountz/xxhash/StreamingXXHash64JavaSafe.class,1704,2761
_unpack/x86_64-linux/bin/lsp/lua/meta/3rd/Cocos4.0/library/cc/GridBase.lua,738,2761
util/coll$removing_assoc.class,1325,2760
util/http_server$provide_header.class,1162,2759
dynamo/graph$defnode$iter__23270__23274$fn__23275.class,1414,2758
internal/node$pull_first_input_value.class,1421,2758
plumbing/core$map_keys.class,1448,2756
com/googlecode/javaewah/symmetric/UpdateableBitmapFunction.class,1311,2754
plumbing/core$distinct_by$iter__20944__20948$fn__20949.class,1382,2753
internal/system$merge_into_top.class,1321,2750
internal/transaction$realize_expand.class,1262,2749
_unpack/x86_64-linux/bin/lsp/lua/script/core/hover/args.lua,638,2744
_unpack/x86_64-linux/bin/lsp/lua/meta/LuaJIT zh-cn utf8/coroutine.lua,902,2742
internal/transaction$ctx_perform_repoint_override_node.class,1246,2738
util/text_util$line_info_coll$reify__4319.class,1401,2735
internal/java$get_declared_method_raw.class,1306,2734
_unpack/x86_64-linux/bin/lsp/lua/meta/3rd/Cocos4.0/library/cc/Waves.lua,568,2728
util/bit_set$into.class,1353,2725
dynamo/graph$make_transaction_context.class,1346,2725
cljs/tools/reader/impl/inspect.cljs,1049,2723
plumbing/fnk/impl$letk_input_schema_and_body_form$make_input_schema__20740.class,1332,2723
plumbing/fnk/schema$fn__20256$unwrap_schema_form_key__20261$fn__20262.class,1387,2721
util/diff$find_edits.class,1393,2720
util/coll$aggregate_into.class,1322,2720
builtins/materials/lighting.glsl,774,2714
internal/node$check_jammed_form.class,1238,2710
_unpack/x86_64-linux/bin/lsp/lua/script/plugins/astHelper.lua,866,2710
_unpack/x86_64-linux/bin/lsp/lua/meta/3rd/luv/library/uv_poll_t.lua,1168,2709
_unpack/x86_64-linux/bin/lsp/lua/meta/default utf8/UnityEngine.Experimental.Animations.lua,552,2708
util/path$fn__6977.class,1327,2707
com/googlecode/javaewah32/ReverseIntIterator32.class,1345,2706
plumbing/core$loading__6812__auto____20231.class,1279,2706
com/googlecode/javaewah/symmetric/RunningBitmapMerge.class,1236,2704
_unpack/x86_64-linux/bin/lsp/lua/meta/default utf8/System.Runtime.lua,500,2703
dynamo/graph$deftype.class,1165,2700
internal/util$detect_renames_and_update_all.class,1250,2699
internal/node$cached_outputs_impl_raw.class,1287,2696
internal/node$extract_fn_arguments$fn__21842.class,1347,2694
com/googlecode/javaewah/ReverseIntIterator.class,1377,2690
internal/node$fn__22066.class,1246,2687
util/digestable$digest_map_BANG_$fn__39865.class,1343,2686
internal/util$loading__6812__auto____4826.class,1300,2683
_unpack/x86_64-linux/bin/lsp/lua/meta/3rd/Cocos4.0/library/cc/ParticleSystem3D.lua,624,2683
javax/xml/bind/helpers/Messages.properties,1215,2679
_unpack/x86_64-linux/bin/lsp/lua/meta/3rd/skynet/library/skynet/socketchannel.lua,1175,2677
internal/low_memory$loading__6812__auto____18658.class,1314,2677
_unpack/x86_64-linux/bin/lsp/lua/script/core/view/psi-view.lua,758,2676
doc/dmsdk-dlib-math.h_doc.sdoc,526,2670
util/diff$make_diff_output_lines.class,1332,2669
dynamo/graph$mark_defective.class,1276,2668
net/jpountz/lz4/LZ4JNIFastDecompressor.class,1435,2667
util/coll$merge.class,1309,2667
_unpack/x86_64-linux/bin/lsp/lua/script/provider/formatting.lua,850,2667
plumbing/fnk/schema$guess_expr_output_schema$iter__20393__20397$fn__20398.class,1365,2665
internal/transaction$realize_defaults$fn__22580.class,1282,2665
_unpack/x86_64-linux/bin/lsp/lua/script/core/hover/name.lua,659,2665
net/jpountz/lz4/LZ4JNISafeDecompressor.class,1438,2664
doc/dmsdk-gamesys-components-comp_collection_factory.h_doc.sdoc,740,2661
util/coll$run_BANG___GT_.class,1200,2656
internal/system$merge_or_push_undo.class,1319,2655
util/bit_set$into__GT_.class,1048,2654
cljs/tools/reader/impl/utils.cljs,1118,2653
internal/util$assert_form_kind.class,1296,2653
plumbing/fnk/schema$fn__20493$split_schema__20498$fn__20499$iter__20500__20504$fn__20505.class,1289,2651
dynamo/graph$do_strict_evaluation_context_scope_body.class,1241,2647
internal/node$output_jammer.class,1310,2647
util/path$resolve_proj_path.class,1430,2646
_unpack/x86_64-linux/bin/lsp/lua/script/core/command/solve.lua,770,2644
util/bit_set$seq.class,1179,2636
util/bit_set$not_empty.class,1170,2634
org/objectweb/asm/TypePath.class,1444,2634
internal/transaction$successor_changes$fn__22345$fn__22353.class,1307,2632
javax/xml/bind/helpers/ValidationEventImpl.class,1162,2631
util/bit_set$loading__6812__auto____62995.class,1333,2629
plumbing/core$assoc_when.class,1317,2628
internal/node$custom_evaluation_context.class,1280,2628
_unpack/x86_64-linux/bin/lsp/lua/meta/default utf8/System.Xml.Resolvers.lua,475,2626
_unpack/x86_64-linux/bin/lsp/lua/meta/template/ffi.lua,712,2624
internal/system$undo_action.class,1303,2623
internal/system$redo_action.class,1302,2623
internal/transaction$set_property.class,1247,2621
org/slf4j/helpers/BasicMDCAdapter.class,1136,2621
sync-pull.fxml,857,2618
internal/system$make_system.class,1350,2617
org/slf4j/event/SubstituteLoggingEvent.class,876,2615
internal/graph$basis_plan_repoint_override_node.class,1313,2615
_unpack/x86_64-linux/bin/lsp/lua/script/cli/visualize.lua,997,2615
_unpack/x86_64-linux/bin/lsp/lua/script/provider/completion.lua,729,2613
internal/system$fn__22925.class,1219,2611
doc/dmsdk-dlib-condition_variable.h_doc.sdoc,586,2609
import.fxml,826,2609
javax/xml/bind/WhiteSpaceProcessor.class,1432,2603
internal/graph$basis_plan_set_raw_property.class,1317,2603
engine-profiler/remotery/vis/Code/MouseInteraction.js,774,2603
antlr/DefaultJavaCodeGeneratorPrintWriterManager.class,1207,2601
net/jpountz/lz4/LZ4FrameOutputStream$FLG.class,1358,2601
internal/graph$dependencies$fn__20063.class,1338,2600
internal/node$process_property_forms.class,1304,2600
internal/node$fn__21330.class,1222,2599
internal/node$pruned_evaluation_context.class,1199,2598
com/cognitect/transit/impl/Util.class,1376,2597
editor/url__init,1302,2597
internal/cache$loading__6812__auto____19413.class,1309,2596
editor/game_project_core__init,1309,2595
internal/graph$basis_plan_delete_nodes$fn__20205.class,1334,2593
_unpack/x86_64-linux/bin/lsp/lua/script/global.d.lua,1126,2590
_unpack/x86_64-linux/bin/lsp/lua/meta/LuaJIT zh-cn utf8/ffi.lua,685,2590
_unpack/x86_64-linux/bin/lsp/lua/meta/Lua 5.4 zh-cn utf8/ffi.lua,685,2590
dynamo/graph$restore_overridden_properties$iter__23595__23599$fn__23600$fn__23601.class,1360,2587
internal/java$get_declared_constructor_raw.class,1270,2586
com/googlecode/javaewah32/ClearIntIterator32.class,1297,2582
internal/transaction$realize_tx$fn__22289.class,1320,2580
_unpack/x86_64-linux/bin/lsp/lua/script/core/diagnostics/undefined-field.lua,710,2578
internal/transaction$update_graph_value.class,1235,2577
dynamo/graph$restore_overridden_properties$iter__23595__23599$fn__23600$fn__23601$iter__23602__23606$fn__23607.class,1261,2564
plumbing/core$frequencies_fast.class,1381,2562
_unpack/x86_64-linux/bin/lsp/lua/meta/3rd/Cocos4.0/library/ccs/ActionObject.lua,580,2562
engine-profiler/remotery/vis/extern/BrowserLib/WindowManager/Code/Button.js,809,2561
antlr/ImportVocabTokenManager.class,1342,2561
sponsors/rive.png,2557,2560
_unpack/x86_64-linux/bin/lsp/lua/meta/default utf8/System.Media.lua,372,2557
com/googlecode/javaewah/ClearIntIterator.class,1312,2556
internal/node$fn__21282.class,1203,2555
_unpack/x86_64-linux/bin/lsp/lua/meta/3rd/ffi-reflect/library/reflect.lua,614,2554
internal/system$cache_output_values.class,1226,2549
internal/node$fn__21306.class,1198,2549
util/fn$has_explicit_arity_QMARK_.class,1363,2548
internal/system$merge_basis.class,1196,2548
org/objectweb/asm/ConstantDynamic.class,1165,2545
editor/launcher__init,1298,2544
util/profiler$profile.class,1106,2544
dynamo/graph$restore_overridden_properties$iter__23595__23599$fn__23600$iter__23625__23629$fn__23630.class,1250,2544
internal/node$fn__21412.class,1193,2543
util/http_server$json_response.class,1335,2541
util/array$primitive_type.class,1282,2540
lua-annotations/label.lua,999,2539
_unpack/shared/lua-annotations/label.lua,999,2539
doc/dmsdk-gameobject-script.h_doc.sdoc,653,2538
util/bit_set$last_set_bit.class,1141,2535
potemkin/namespaces$import_vars$fn__23064.class,1246,2534
_unpack/x86_64-linux/bin/lsp/lua/meta/3rd/Cocos4.0/library/cc/AssetsManagerEx.lua,731,2534
org/nibor/autolink/internal/EmailScanner.class,1428,2532
internal/cache$miss_many_lru$fn__19558.class,1267,2531
internal/graph$lift_source_arc.class,1149,2531
javax/vecmath/Tuple4b.class,1222,2530
internal/graph$basis_plan_add_nodes$fn__20100.class,1321,2529
com/googlecode/javaewah32/symmetric/EWAHPointer32.class,1207,2529
internal/graph$basis_revert_delete_nodes.class,1221,2528
util/pkid_vector$find_pkids_by_value__18902.class,1138,2525
util/time$loading__6812__auto____127327.class,1283,2524
util/digestable$to_sorted_set.class,1285,2523
util/bit_set$empty_QMARK_.class,1136,2523
builtins/manifests/android/AndroidManifest.xml,871,2522
internal/node/OverrideNode$fn__22082$fn__22091.class,1253,2519
internal/graph$override_node_id_table_include.class,1207,2519
util/id_vec$fn__44273.class,1191,2516
util/text_util$make_text_match.class,1276,2516
plumbing/fnk/schema$loading__6812__auto____20233.class,1227,2516
util/debug_util$inspect.class,1241,2512
editor/debugging/mobdebug/DebugSession,1127,2512
internal/transaction/AddNodesTXS.class,1218,2511
util/text_util$parse_comma_separated_string.class,1327,2507
internal/graph$basis_plan_clear_raw_property.class,1321,2506
editor/resource_types__init,1241,2502
internal/transaction$disconnect_sources$iter__22835__22839$fn__22840.class,1226,2499
local_extensions$inject_jvm_properties$fn__45509.class,1289,2498
antlr/MismatchedCharException.class,1362,2498
net/jpountz/lz4/LZ4HCJNICompressor.class,1390,2494
editor/editor_extensions/docs__init,1231,2492
net/jpountz/lz4/LZ4CompressorWithLength.class,1174,2490
doc/dmsdk-dlib-uri.h_doc.sdoc,745,2488
dynamo/graph$with_auto_evaluation_context.class,1119,2487
internal/node$abstract_function_form.class,1180,2486
engine-profiler/remotery/vis/Code/TitleWindow.js,803,2485
internal/node$node_property_value_function_form.class,1126,2485
util/pkid_vector$eval18895$fn__18896.class,1121,2484
com/googlecode/javaewah/symmetric/EWAHPointer.class,1205,2484
com/cognitect/transit/impl/LinkImpl.class,1118,2482
util/num$normalized__GT_short_double__16259.class,1118,2480
util/num$normalized__GT_byte_double__16243.class,1115,2479
util/num$normalized__GT_int_double__16275.class,1121,2478
internal/transaction$ctx_callback.class,1180,2477
antlr/preprocessor/GrammarFile.class,1240,2476
util/coll$deep_merge.class,1196,2472
util/num$normalized__GT_long_double__16284.class,1106,2470
_unpack/x86_64-linux/bin/lsp/lua/script/core/diagnostics/duplicate-doc-field.lua,740,2470
util/text_util$consume_separator.class,1351,2465
plumbing/fnk/impl$loading__6812__auto____20625.class,1240,2462
_unpack/x86_64-linux/bin/lsp/lua/meta/3rd/OpenResty/library/resty/shell.lua,1035,2461
util/fn$max_arity.class,1358,2460
com/googlecode/javaewah/datastructure/PriorityQ.class,1242,2457
internal/node$schema_check_result_form.class,1127,2453
_unpack/x86_64-linux/bin/lsp/lua/meta/3rd/Cocos4.0/library/cc/JumpTiles3D.lua,538,2453
internal/node$fn__21362.class,1161,2451
dynamo/graph$make_nodes$fn__23329.class,1164,2449
internal/node$fn__21077.class,1158,2446
com/cognitect/transit/impl/ReadHandlers$ListReadHandler$1.class,861,2445
internal/transaction$delete_nodes.class,1201,2445
util/coll$path_map__GT_nested_map.class,1202,2443
_unpack/x86_64-linux/bin/lsp/lua/meta/3rd/Cocos4.0/library/cc/WavesTiles3D.lua,547,2443
com/samskivert/mustache/Mustache$Accumulator$1.class,1034,2442
util/text_util$scan_line_endings.class,1298,2436
_unpack/x86_64-linux/bin/lsp/lua/meta/3rd/skynet/library/skynet/cluster.lua,1103,2436
com/cognitect/transit/impl/ReadHandlers$SetReadHandler$1.class,868,2434
util/num$eval16269$fn__16270.class,1103,2434
util/num$eval16253$fn__16254.class,1104,2434
util/num$eval16237$fn__16238.class,1098,2434
internal/node$group_node_type_forms$iter__21799__21803$fn__21804.class,1270,2429
_unpack/x86_64-linux/bin/lsp/lua/meta/3rd/Cocos4.0/library/cc/Lens3D.lua,570,2428
cljs/core/async/impl/ioc_helpers.cljs,902,2427
util/coll$removing_update_in$up__4164.class,1197,2427
_unpack/x86_64-linux/bin/lsp/lua/meta/Lua 5.4 zh-cn utf8/utf8.lua,865,2427
internal/low_memory$add_callback_BANG_.class,1191,2426
_unpack/x86_64-linux/bin/lsp/lua/script/core/diagnostics/deprecated.lua,762,2426
internal/transaction$add_nodes.class,1187,2425
util/num$eval16278$fn__16279.class,1088,2425
util/repo$loading__6812__auto____130954.class,1241,2420
util/repo$try_shell_command_BANG_.class,1252,2418
dynamo/graph$make_print_tracer$fn__23384.class,1213,2417
_unpack/x86_64-linux/bin/lsp/lua/script/core/color.lua,699,2415
_unpack/x86_64-linux/bin/lsp/lua/meta/3rd/skynet/library/skynet/netpack.lua,1239,2414
plumbing/core$assoc_when$iter__20889__20893$fn__20894.class,1236,2414
util/coll$transform__GT_.class,1151,2413
_unpack/x86_64-linux/bin/lsp/lua/meta/default utf8/System.Web.lua,383,2412
internal/node$register_node_type.class,1153,2410
util/coll$ptree$parallel_child_results__4272.class,1137,2406
javax/xml/bind/Marshaller.class,863,2401
_unpack/x86_64-linux/bin/lsp/lua/meta/3rd/bee/library/bee/socket.lua,650,2401
internal/node$attach_cascade_deletes.class,1223,2401
_unpack/x86_64-linux/bin/lsp/lua/script/core/diagnostics/lowercase-global.lua,863,2399
_unpack/x86_64-linux/bin/lsp/lua/meta/3rd/love2d/library/love/video.lua,642,2398
com/samskivert/mustache/Mustache$Accumulator$2.class,1019,2398
_unpack/x86_64-linux/bin/lsp/lua/meta/3rd/Defold/library/window.lua,840,2397
doc/dmsdk-gamesys-components-comp_model.h_doc.sdoc,661,2396
_unpack/x86_64-linux/bin/lsp/lua/script/core/diagnostics/invisible.lua,601,2396
plumbing/fnk/pfnk$input.class,1269,2394
doc/dmsdk-gamesys-components-comp_factory.h_doc.sdoc,683,2394
internal/graph$make_successors.class,1181,2391
util/pkid_vector$assoc_pkids__18873.class,1080,2388
doc/engine_doc.h_doc.sdoc,902,2388
util/bit_set$transduce.class,994,2388
doc/gamesys-sprite_ddf.proto_doc.sdoc,857,2386
internal/transaction$override_node_ids_removed_by_disconnect$fn__22771.class,1179,2384
internal/transaction$mark_output_activated.class,1196,2384
internal/java$combine_comparisons_syntax.class,1145,2383
internal/transaction$realize_tx$fn__22289$fn__22299.class,1181,2383
com/googlecode/javaewah32/IntIteratorImpl32.class,1165,2383
util/text_util$line_infos__GT_text_matches$fn__4330.class,1183,2382
util/coll$search_with_path.class,1143,2379
util/array$from.class,1256,2376
net/jpountz/lz4/LZ4JNICompressor.class,1344,2374
internal/paper_tape$loading__6812__auto____18723.class,1206,2374
net/jpountz/xxhash/StreamingXXHash32JavaUnsafe.class,1462,2373
doc/gamesys-label_ddf.proto_doc.sdoc,419,2373
antlr/TokenStreamSelector.class,1092,2372
util/num$short_range__GT_normalized__16202.class,1070,2371
util/num$int_range__GT_normalized__16218.class,1067,2369
util/num$byte_range__GT_normalized__16186.class,1063,2368
service/log$spy.class,1086,2368
internal/node$check_local_temp_cache.class,1248,2365
internal/util$filter_vals$iter__6515__6519$fn__6520.class,1217,2365
google/protobuf/empty.proto,1206,2363
util/fn$memoize_late_bound$memoized_fn__6834$fn__6838.class,1183,2362
_unpack/x86_64-linux/bin/lsp/lua/meta/default utf8/System.Configuration.Assemblies.lua,351,2362
util/num$long_range__GT_normalized__16234.class,1058,2361
util/macro$claim_conformed_symbol_name_BANG_$fn__130972$fn__130973.class,1187,2361
internal/node$invert_map$iter__21611__21617$fn__21618$iter__21613__21622$fn__21623.class,1197,2360
util/array$from_type.class,1249,2358
_unpack/x86_64-linux/bin/lsp/lua/meta/3rd/Cocos4.0/library/cc/TableView.lua,619,2353
coronest.lua,965,2352
internal/node$attach_declared_property.class,1196,2351
internal/node$extract_def_fns$fn__21890$fn__21896.class,1196,2350
util/thread_util$thread_uninterrupted_predicate.class,1120,2347
util/pkid_vector$eval18867$fn__18868.class,1058,2347
engine-profiler/remotery/vis/extern/BrowserLib/WindowManager/Code/EditBox.js,813,2347
_unpack/x86_64-linux/bin/lsp/lua/script/core/diagnostics/redundant-parameter.lua,740,2347
_unpack/x86_64-linux/bin/lsp/lua/meta/LuaJIT zh-cn utf8/utf8.lua,846,2343
google/protobuf/source_context.proto,1194,2341
internal/node$process_property_forms$iter__21728__21732$fn__21733.class,1219,2339
com/googlecode/javaewah/IntIteratorImpl.class,1171,2336
_unpack/x86_64-linux/bin/lsp/lua/meta/3rd/Cocos4.0/library/cc/SpotLight.lua,513,2336
internal/node$update_local_temp_cache_BANG_.class,1216,2335
plumbing/core$map_from_vals.class,1275,2335
plumbing/core$map_from_keys.class,1274,2335
_unpack/x86_64-linux/bin/lsp/lua/meta/3rd/luassert/library/luassert/spy.lua,690,2333
internal/cache$hit_many_lru$fn__19547.class,1165,2333
_unpack/x86_64-linux/bin/lsp/lua/script/core/look-backward.lua,608,2332
net/jpountz/xxhash/StreamingXXHash32JavaSafe.class,1448,2331
_unpack/x86_64-linux/bin/lsp/lua/meta/3rd/Cocos4.0/library/cc/ControlSwitch.lua,412,2330
dynamo/graph$node_value.class,1196,2328
util/num$eval16196$fn__16197.class,1048,2326
util/num$eval16212$fn__16213.class,1049,2326
meta_merge/core$pick_prioritized.class,1127,2324
util/num$eval16180$fn__16181.class,1043,2324
org/objectweb/asm/signature/SignatureVisitor.class,911,2323
util/net$loading__6812__auto____73501.class,1197,2321
service/log$loading__6812__auto____7181.class,1205,2321
internal/graph$arcs_by_target.class,1064,2320
internal/cache$evict_many_lru$fn__19574.class,1192,2319
javax/xml/bind/Messages.class,1068,2319
util/coll$removing_assoc_in.class,1228,2318
_unpack/x86_64-linux/bin/lsp/lua/script/core/diagnostics/ambiguity-1.lua,598,2318
internal/transaction$flag_successors_changed.class,1125,2318
util/debug_util$log_statistics_BANG_.class,1118,2317
util/num$eval16228$fn__16229.class,1039,2317
dynamo/graph$fn__23563$fn__23565.class,1226,2316
antlr/debug/ParseTreeDebugParser.class,1113,2315
plumbing/fnk/pfnk$loading__6812__auto____20627.class,1166,2314
util/http_client$loading__6812__auto____8267.class,1162,2311
com/cognitect/transit/impl/MapBuilderImpl.class,759,2307
_unpack/x86_64-linux/bin/lsp/lua/meta/3rd/Cocos4.0/library/cc/Physics3D6DofConstraint.lua,501,2306
internal/transaction$ctx_perform_append_arc.class,1206,2304
plumbing/fnk/schema$safe_get.class,1209,2302
org/nibor/autolink/internal/Scanners.class,1197,2301
util/debug_util$bytes__GT_string.class,1202,2301
javax/xml/bind/util/Messages.properties,1054,2299
_unpack/x86_64-linux/bin/lsp/lua/meta/3rd/Cocos4.0/library/cc/Waves3D.lua,511,2296
_unpack/x86_64-linux/bin/lsp/lua/script/core/diagnostics/unreachable-code.lua,713,2295
internal/transaction$perform_and_conj_change__22282.class,1004,2294
_unpack/x86_64-linux/bin/lsp/lua/meta/3rd/Cocos4.0/library/cc/Liquid.lua,512,2289
internal/node$node_property_value.class,1190,2287
antlr/debug/ParserMatchEvent.class,1086,2285
internal/transaction$realize_override$fn__22399.class,1161,2285
javax/xml/bind/helpers/Messages.class,1011,2285
_unpack/x86_64-linux/bin/lsp/lua/meta/3rd/Cocos4.0/library/cc/Mesh.lua,704,2277
internal/graph$basis_revert_repoint_override_node.class,1039,2276
org/objectweb/asm/ModuleVisitor.class,1052,2276
util/pkid_vector$dissoc_pkids__18882.class,1049,2273
engine-profiler/remotery/vis/extern/BrowserLib/Core/Code/Bind.js,780,2273
engine-profiler/remotery/vis/Code/DataViewReader.js,472,2273
_unpack/x86_64-linux/bin/lsp/lua/meta/default utf8/System.Timers.lua,442,2273
internal/low_memory$remove_callback_BANG_.class,1098,2272
_unpack/x86_64-linux/bin/lsp/lua/meta/template/table.lua,597,2271
com/cognitect/transit/impl/ReadHandlers.class,654,2271
_unpack/x86_64-linux/bin/lsp/lua/meta/3rd/OpenResty/library/ngx/semaphore.lua,862,2271
util/digestable$persistent_node_id_value.class,1162,2270
util/digestable$sha1_hash.class,1185,2270
dynamo/graph$write_graph.class,1132,2269
_unpack/x86_64-linux/bin/lsp/lua/meta/3rd/Cocos4.0/library/ccui/TabHeader.lua,594,2269
_unpack/x86_64-linux/bin/lsp/lua/meta/3rd/Cocos4.0/library/cc/Touch.lua,457,2269
_unpack/x86_64-linux/bin/lsp/lua/meta/3rd/Cocos4.0/library/ccui/TextAtlas.lua,666,2269
util/pkid_vector$find_pkids__18891.class,1048,2269
util/array$length.class,1180,2268
editor/gl/vertex2/VertexBufferShaderLink,1021,2268
plumbing/fnk/pfnk$fn__20655.class,1123,2266
util/bit_set$reduce.class,968,2266
javax/vecmath/Tuple3b.class,1112,2264
_unpack/x86_64-linux/bin/lsp/lua/meta/default utf8/System.Runtime.Remoting.Services.lua,434,2264
_unpack/x86_64-linux/bin/lsp/lua/script/core/diagnostics/global-element.lua,776,2264
internal/system$bump_invalidate_counters$fn__22972.class,1112,2261
plumbing/core$_unless_update.class,1073,2260
dynamo/graph$node_instance_match_STAR_.class,1170,2259
dynamo/graph$raw_property_value__23456.class,1015,2252
com/cognitect/transit/impl/WriteCache.class,1199,2249
internal/graph$input_deps.class,1170,2248
_unpack/x86_64-linux/bin/lsp/lua/main.lua,898,2246
internal/transaction$fn__22677.class,1061,2244
internal/cache$miss_many_base$fn__19516.class,1114,2244
editor/fs/proxy,952,2244
org/objectweb/asm/Handler.class,1120,2243
antlr/ANTLRTokenTypes.class,952,2242
internal/transaction$eval22274$fn__22275.class,983,2241
util/pkid_vector$eval18876$fn__18877.class,1036,2239
builtins/fonts/font-df.fp,686,2239
internal/node$error_checked_input_value.class,1109,2238
doc/src-script_hash.cpp_doc.sdoc,859,2238
util/pkid_vector$eval18885$fn__18886.class,1035,2237
org/nibor/autolink/LinkExtractor$Builder.class,1003,2237
org/nibor/autolink/LinkExtractor$SpanIterator.class,1105,2236
util/coll$update_vals_kv.class,1081,2235
internal/transaction$fn__22459.class,1038,2232
internal/graph$basis_revert_add_nodes.class,1122,2231
util/coll$partition_all_primitives.class,990,2229
org/jvnet/mimepull/DataHead$ReadMultiStream.class,1210,2229
util/repo$detect_engine_sha1__130961.class,1148,2229
internal/transaction$mark_arc_targets_activated.class,1075,2229
internal/node$process_node_type_forms.class,1042,2227
internal/transaction$fn__22762.class,1043,2226
internal/node$trace_expr.class,1090,2225
javax/xml/bind/TypeConstraintException.class,1003,2225
_unpack/x86_64-linux/bin/lsp/lua/meta/3rd/Cocos4.0/library/cc/CameraBackgroundBrush.lua,567,2222
util/pkid_vector$next_pkid__18864.class,1025,2221
internal/cache$evict_many_base$fn__19527.class,1130,2221
util/coll$update_vals.class,1074,2220
dynamo/graph$let_ec_relaxed_form$fn__23412.class,1143,2220
util/diff$edit_type__GT_keyword.class,1159,2220
javax/xml/bind/JAXBException.class,939,2219
util/path$of.class,1094,2217
internal/transaction$fn__22695.class,1046,2217
util/digest/proxy$java/io/OutputStream$ff19274a.class,1018,2214
_unpack/x86_64-linux/bin/lsp/lua/bin/main.lua,784,2214
internal/graph$basis_perform_repoint_override_node.class,1024,2214
internal/cache$cache_info.class,1153,2214
net/jpountz/lz4/LZ4FrameOutputStream$FrameInfo.class,988,2213
internal/node$prop_type__GT_schema.class,1150,2213
org/json/simple/parser/ParseException.class,1008,2213
_unpack/x86_64-linux/bin/lsp/lua/script/core/hover/return.lua,624,2211
_unpack/x86_64-linux/bin/lsp/lua/script/core/diagnostics/duplicate-index.lua,594,2211
util/fn$with_memoize_info__6786.class,1005,2207
internal/node$pull_input_values.class,1101,2207
internal/transaction$fn__22713.class,1037,2207
internal/paper_tape$fn__18827.class,1042,2206
antlr/collections/impl/Vector.class,1182,2205
dynamo/graph$eval23449$fn__23450.class,1000,2204
antlr/TokenStreamHiddenTokenFilter.class,1031,2203
util/id_vec$loading__6812__auto____44268.class,1095,2201
internal/node$type_resolve.class,1131,2200
org/slf4j/helpers/SubstituteLoggerFactory.class,923,2199
internal/system$undo.class,1133,2197
util/pkid_vector$eval18858$fn__18859.class,1020,2193
util/digestable$digest_sequence_BANG_$digest_element_BANG___39854.class,1159,2193
internal/transaction$fn__22540.class,1033,2191
internal/node$prop_info_default.class,1117,2191
internal/graph$basis_plan_delete_nodes$fn__20212.class,1148,2190
javax/xml/bind/util/JAXBSource.class,996,2187
dynamo/graph$update_property_BANG_.class,1021,2187
dynamo/graph$invalidate_output.class,1060,2186
dynamo/graph$read_graph.class,1082,2186
internal/graph$propagate_source_arcs.class,1125,2185
org/nibor/autolink/LinkExtractor$LinkIterator.class,1143,2180
internal/graph$basis_revert_clear_override_nodes.class,1053,2179
internal/node$node_type_deref_ordered_property_setter_infos_raw$fn__21405.class,1114,2179
util/bit_set$ensure_counted.class,986,2178
util/crypto$loading__6812__auto____6879.class,1137,2177
sync-dialog.fxml,678,2173
internal/util$deep_keep.class,1086,2173
util/coll$nested_map__GT_path_map.class,1069,2170
internal/graph$find_connected_arc_pkids.class,1065,2170
util/array$ensure_counted.class,981,2169
util/macro$loading__6812__auto____130968.class,1106,2168
internal/util$deep_map.class,1098,2168
internal/node$validate_property_labels.class,1034,2167
util/fn$memoize.class,1120,2167
util/path$tree_walker$reify__7031.class,1049,2164
internal/transaction$fn__22452.class,1016,2164
_unpack/x86_64-linux/bin/lsp/lua/script/core/diagnostics/helper/missing-doc-helper.lua,538,2164
internal/graph$override_of.class,1113,2162
internal/transaction$ctx_revert_delete_nodes$fn__22669.class,1152,2161
internal/node$all_available_arguments.class,1063,2160
net/jpountz/lz4/LZ4FrameOutputStream$BLOCKSIZE.class,1058,2159
util/digest$loading__6812__auto____16799.class,1117,2157
util/fn$eval6781$fn__6782.class,986,2156
util/debug_util$print_stack_trace_BANG_.class,1121,2156
internal/transaction$fn__22726.class,1020,2155
internal/transaction$fn__22545.class,1025,2154
dynamo/graph$comparable_exception_data.class,1098,2150
internal/cache$fn__19578.class,1025,2150
internal/transaction$fn__22737.class,1022,2150
plumbing/fnk/schema$fn__20493$split_schema__20498$fn__20499$iter__20500__20504$fn__20505$fn__20506$iter__20507__20511$fn__20512$fn__20513.class,1160,2149
engine-profiler/remotery/vis/extern/BrowserLib/Core/Code/Mouse.js,772,2147
internal/graph$basis_set_override_node_original.class,1079,2144
internal/transaction$fn__22445.class,1021,2142
org/nibor/autolink/LinkExtractor.class,886,2141
com/cognitect/transit/impl/SymbolImpl.class,1014,2140
plumbing/fnk/schema$fn__20493$split_schema__20498$fn__20499$iter__20500__20504$fn__20505$iter__20530__20534$fn__20535$fn__20536.class,1153,2139
internal/transaction$realize_update_overrides.class,1093,2138
doc/dmsdk-dlib-http_client.h_doc.sdoc,699,2137
internal/transaction$fn__22707.class,1019,2137
util/defonce$loading__6812__auto____6718.class,1101,2135
javax/ws/rs/core/EntityTag.class,1022,2134
antlr/LLkParser.class,1068,2133
internal/transaction/OverrideTXS.class,935,2133
_unpack/x86_64-linux/bin/lsp/lua/meta/3rd/Cocos4.0/library/ccb/TextureBackend.lua,690,2133
_unpack/x86_64-linux/bin/lsp/lua/meta/3rd/Cocos4.0/library/cc/AnimationCache.lua,599,2133
TestScript/TestDdf$MsgOrBuilder.class,705,2132
_unpack/x86_64-linux/bin/lsp/lua/meta/default utf8/System.Runtime.ConstrainedExecution.lua,355,2129
antlr/ANTLRGrammarParseBehavior.class,843,2127
com/samskivert/mustache/Mustache$IncludedTemplateSegment.class,917,2127
com/googlecode/javaewah32/EWAHIterator32.class,929,2126
dynamo/graph$disconnect_sources.class,1058,2125
util/http_server$start_BANG_$reify__25160$fn__25169.class,1034,2124
internal/transaction/UpdatePropertyTXS.class,942,2123
_unpack/x86_64-linux/bin/lsp/lua/meta/3rd/Cocos4.0/library/cc/Controller.lua,650,2123
internal/transaction$fn__22644.class,1017,2121
util/coll$search.class,1064,2120
internal/transaction$fn__22755.class,1011,2118
plumbing/core$lazy_get.class,966,2118
dynamo/graph$own_property_values.class,1115,2117
com/cognitect/transit/impl/WriteHandlers.class,626,2117
internal/transaction$fn__22743.class,1008,2117
internal/node$extract_def_fns$fn__21911.class,1126,2115
util/coll$fn__4240.class,1087,2113
internal/transaction$fn__22822.class,1006,2111
internal/transaction$fn__22886.class,1004,2111
internal/transaction$fn__22877.class,1002,2110
internal/transaction$fn__22750.class,1009,2109
_unpack/x86_64-linux/bin/lsp/lua/script/core/modifyRequirePath.lua,759,2108
com/cognitect/transit/impl/KeywordImpl.class,1035,2107
_unpack/x86_64-linux/bin/lsp/lua/meta/default utf8/UnityEngine.Apple.lua,482,2107
doc/src-script_html5_js.cpp_doc.sdoc,881,2105
net/jpountz/lz4/LZ4Utils.class,1046,2104
internal/transaction$fn__22720.class,1000,2104
internal/node$extract_def_fns$fn__21904.class,1121,2102
internal/transaction$successor_changes$fn__22345.class,989,2100
internal/transaction/UpdateGraphValueTXC.class,921,2099
util/coll$partition_all_primitives$fn__4085$fn__4086.class,1124,2099
javax/ws/rs/core/HttpHeaders.class,927,2099
riddley/compiler.clj,888,2098
compiler.clj,888,2098
util/path$fn__6935.class,1083,2097
internal/graph$basis_perform_clear_raw_property.class,1080,2095
internal/transaction$fn__22382.class,994,2094
internal/node$collect_raw_property_value_form.class,958,2093
lua-annotations/image.editor_script,741,2093
_unpack/shared/lua-annotations/image.editor_script,741,2093
internal/system$make_cache.class,1067,2093
util/debug_util$update_subtask_metrics.class,1024,2092
clj_tuple.clj,587,2092
internal/node$extract_def_fns$fn__21883.class,1115,2091
util/coll$partition_all_float_arrays$fn__4077$fn__4078.class,1164,2088
internal/system$_EQ__STAR_.class,1034,2088
util/text_util$lines__GT_text_matches$fn__4334.class,1083,2086
util/path$fn__6932.class,1070,2083
meta_merge/core$loading__6812__auto____23814.class,1063,2080
internal/node$check_argument_errors.class,1034,2080
internal/transaction$fn__22701.class,992,2079
org/json/simple/JSONArray.class,1052,2077
util/http_server$fn__25122.class,989,2076
icons/64/Icons_27-AT-Mesh.png,2080,2075
internal/java$loading__6812__auto____6727.class,1083,2073
util/fn$memoize_any.class,1052,2072
_unpack/x86_64-linux/bin/lsp/lua/meta/3rd/Cocos4.0/library/cc/Physics3DWorld.lua,518,2072
internal/graph$basis_perform_append_arc.class,1078,2070
util/path$fn__6983.class,1043,2069
_unpack/x86_64-linux/bin/lsp/lua/script/brave/brave.lua,775,2069
dynamo/graph$flag_nodes_as_migrated_BANG_.class,1027,2067
dynamo/graph$defnode$iter__23306__23310$fn__23311$fn__23312.class,1091,2067
internal/transaction$fn__22856.class,986,2067
_unpack/x86_64-linux/bin/lsp/lua/meta/template/jit.util.lua,569,2066
org/nibor/autolink/Autolink.class,989,2066
_unpack/x86_64-linux/bin/lsp/lua/meta/3rd/Cocos4.0/library/cc/PolygonInfo.lua,525,2066
_unpack/shared/lua-annotations/json.lua,706,2064
lua-annotations/json.lua,706,2064
_unpack/x86_64-linux/bin/lsp/lua/meta/3rd/Cocos4.0/library/cc/TMXObjectGroup.lua,510,2064
util/path$fn__6914.class,1069,2063
internal/graph$invalidate_graph_successors$fn__20024.class,1076,2063
com/googlecode/javaewah/EWAHIterator.class,917,2060
liveupdate-meta.properties,532,2059
org/objectweb/asm/Handle.class,1005,2059
_unpack/x86_64-linux/bin/lsp/lua/meta/3rd/OpenResty/library/ngx/ssl/session.lua,726,2057
dynamo/graph$fn__23176.class,1068,2056
internal/transaction$fn__22688.class,982,2055
org/objectweb/asm/RecordComponentVisitor.class,992,2054
about.html,1001,2052
internal/transaction$fn__22871.class,981,2051
internal/transaction$fn__22862.class,980,2050
internal/transaction$fn__22661.class,981,2049
icons/tabs/ic_breakpoints-grey.png,2054,2049
plumbing/fnk/schema$fn__20447$compose_schemata__20452$fn__20467.class,1068,2049
_unpack/x86_64-linux/bin/lsp/lua/meta/3rd/Cocos4.0/library/cc/LayerColor.lua,573,2048
_unpack/x86_64-linux/bin/lsp/lua/meta/3rd/Cocos4.0/library/cc/Menu.lua,613,2047
internal/transaction$fn__22829.class,980,2047
_unpack/x86_64-linux/bin/lsp/lua/meta/3rd/luv/library/uv_timer_t.lua,755,2047
_unpack/x86_64-linux/bin/lsp/lua/meta/3rd/Cocos4.0/library/cc/PhysicsJointSpring.lua,485,2047
util/debug_util$inspect_impl$fn__18985$fn__18987.class,1069,2046
antlr/StringLiteralElement.class,1143,2046
util/array$of_floats.class,1036,2046
util/coll$pmapv$fn__4264.class,1062,2045
internal/node$throw_clear_property_disallowed_exception_BANG_.class,1063,2045
icons/32/Icons_04-Project-file.png,2046,2041
dynamo/graph$override_id.class,1060,2041
internal/transaction$fn__22239.class,976,2040
_unpack/shared/lua-annotations/builtins.lua,878,2038
internal/transaction$fn__22815.class,976,2038
lua-annotations/builtins.lua,878,2038
util/path$fn__6973.class,1056,2035
internal/transaction$fn__22850.class,976,2034
internal/node$with_tracer_calls_form.class,957,2034
engine-profiler/remotery/vis/extern/BrowserLib/Core/Code/MurmurHash3.js,717,2033
internal/node$dependency_seq$fn__21639.class,1045,2033
_unpack/x86_64-linux/bin/lsp/lua/meta/3rd/Cocos4.0/library/cc/Image.lua,644,2033
_unpack/x86_64-linux/bin/lsp/lua/meta/LuaJIT zh-cn utf8/jit/util.lua,537,2032
_unpack/x86_64-linux/bin/lsp/lua/meta/Lua 5.4 zh-cn utf8/jit/util.lua,537,2032
internal/system$endpoint_invalidated_since_QMARK___23022.class,911,2031
util/fn$defamong.class,955,2030
com/samskivert/mustache/Mustache$InvertedSectionSegment.class,877,2030
util/text_util$search_string__GT_re_pattern.class,1065,2027
com/cognitect/transit/impl/ListBuilderImpl.class,728,2024
antlr/ParserGrammar.class,1128,2022
internal/util$parse_fnk_arguments.class,1113,2022
com/googlecode/javaewah32/IntIteratorOverIteratingRLW32.class,1081,2022
_unpack/shared/lua-annotations/types.lua,420,2017
lua-annotations/types.lua,420,2017
util/path$fn__6917.class,1054,2016
plumbing/core$distinct_id.class,1175,2016
internal/node$argument_error_check_form.class,939,2015
internal/transaction$mark_outputs_activated.class,1018,2015
internal/node$update_local_cache_BANG_.class,1038,2015
com/googlecode/javaewah/IntIteratorOverIteratingRLW.class,1086,2013
internal/transaction$txerrstr.class,906,2013
_unpack/x86_64-linux/bin/lsp/lua/meta/3rd/OpenResty/library/resty/redis.lua,399,2012
builtins/assets/gltf/quad.gltf,682,2012
plumbing/core$swap_pair_BANG_.class,998,2011
util/coll$partition_all_float_arrays.class,944,2011
internal/graph$arc_table_find_pkids_by_arc.class,1070,2010
builtins/assets/gltf/quad_2x2.gltf,683,2008
com/googlecode/javaewah32/IteratorAggregation32$1.class,846,2007
_unpack/x86_64-linux/bin/lsp/lua/script/core/jump-source.lua,571,2004
util/fn$fn__6858.class,985,2004
org/jvnet/mimepull/ChunkInputStream.class,1076,2004
dynamo/graph$initialize_BANG_$low_memory_callback_BANG___23655.class,1128,2003
javax/ws/rs/WebApplicationException.class,797,2001
antlr/debug/misc/JTreeASTModel.class,1076,2001
plumbing/core$fn__GT__GT_.class,949,2001
com/cognitect/transit/impl/ReadHandlers$CmapReadHandler$1.class,818,2000
internal/graph$basis_revert_clear_override_nodes$fn__20119.class,1076,2000
plumbing/fnk/pfnk.clj,804,1997
util/path$fn__6929.class,1043,1997
internal/node$declared_properties_function_form$iter__22041__22045$fn__22046$fn__22047.class,1053,1997
plumbing/fnk/pfnk.cljs,777,1997
com/cognitect/transit/impl/ReaderFactory$JsonReaderImpl.class,815,1996
plumbing/core$fn__GT_.class,946,1996
internal/node$check_dry_run_form.class,900,1996
com/samskivert/mustache/Mustache$VariableSegment.class,911,1996
TestScript/TestDdf$OptionalNoDefaultValue$1.class,831,1995
internal/graph$basis_plan_update_graph_value.class,1033,1993
_unpack/x86_64-linux/bin/lsp/lua/meta/3rd/Cocos4.0/library/cc/AnimationFrame.lua,483,1992
com/googlecode/javaewah/IteratorAggregation$1.class,864,1990
_unpack/x86_64-linux/bin/lsp/lua/script/provider/capability.lua,718,1990
_unpack/x86_64-linux/bin/lsp/lua/script/core/matchkey.lua,594,1990
_unpack/x86_64-linux/bin/lsp/lua/meta/3rd/skynet/library/skynet/sharedata.lua,973,1989
service/log$without_logging.class,966,1989
internal/graph$fn__19889.class,975,1989
internal/node$mark_in_production_form.class,927,1988
internal/node$property_statics$fn__21204.class,1030,1986
org/objectweb/asm/FieldVisitor.class,1023,1985
internal/cache$fn__19510.class,965,1985
_unpack/x86_64-linux/bin/lsp/lua/meta/3rd/Cocos4.0/library/cc/Scene.lua,561,1985
_unpack/shared/lua-annotations/html5.lua,868,1984
editor/editor_extensions/tile_map/Tiles,895,1984
lua-annotations/html5.lua,868,1984
net/objecthunter/exp4j/operator/Operators.class,947,1980
TestScript/TestDdf$LuaDDFBufferOverflow$1.class,839,1977
util/coll$lazy_QMARK___3945.class,938,1976
dynamo/graph$constantly.class,923,1975
org/objectweb/asm/AnnotationVisitor.class,936,1974
icons/64/Icons_19-ParicleFX-Modifier.png,1979,1974
internal/node$node_type_name.class,1036,1973
internal/transaction$mark_nodes_outputs_activated.class,981,1971
plumbing/core$distinct_by$iter__20944__20948$fn__20949$fn__20950.class,1081,1970
internal/node$register_value_type.class,967,1970
editor/scene_async/PixelWriteCallback,994,1968
internal/system$eval23017$fn__23018.class,887,1968
internal/transaction/TransferOverridesTXS.class,956,1964
dynamo/graph$copy$fn__23511.class,1060,1963
internal/transaction$realize_transfer_overrides$fn__22486.class,1006,1963
util/fn$clear_memoized_BANG_.class,1072,1962
util/digestable$digest_tagged_bytes_BANG_.class,1099,1959
_unpack/x86_64-linux/bin/lsp/lua/meta/3rd/Cocos4.0/library/cc/TransitionPageTurn.lua,500,1959
_unpack/x86_64-linux/bin/lsp/lua/meta/3rd/Defold/library/model.lua,742,1957
internal/util$into_multiple$fn__6656.class,1092,1956
internal/transaction$mark_successor_nodes_changed.class,974,1955
javax/xml/bind/util/ValidationEventCollector.class,983,1955
internal/node$trace_expr_result.class,990,1954
internal/util$with_sorted_keys.class,1020,1953
editor/localization/LocalizationState,913,1952
TestScript/TestDdf$RepeatedContainer$1.class,824,1950
icons/document.iconset/icon_16x16@2x.png,1955,1950
_unpack/x86_64-linux/bin/lsp/lua/script/meta/bee/filesystem.lua,525,1949
doc/gamesys-collectionproxy_ddf.proto_doc.sdoc,556,1948
internal/transaction$mark_successor_arcs_changed.class,967,1946
internal/graph$basis_perform_replace_arc.class,942,1946
util/coll$eval3938$fn__3939.class,928,1945
doc/dmsdk-dlib-spinlock.h_doc.sdoc,490,1944
_unpack/x86_64-linux/bin/lsp/lua/script/core/diagnostics/missing-return.lua,647,1943
net/objecthunter/exp4j/function/Function.class,1139,1942
antlr/PreservingFileWriter.class,1166,1941
org/jvnet/mimepull/QPDecoderStream.class,1180,1941
util/id_vec$iv_filter_ids.class,990,1939
com/cognitect/transit/impl/WriteHandlers$TimeWriteHandler$1.class,722,1939
internal/node$warn_property_schema.class,984,1939
internal/transaction/SetPropertyTXS.class,886,1934
util/debug_util$inspect_impl$fn__18993.class,1039,1933
replace.fxml,548,1933
_unpack/x86_64-linux/bin/lsp/lua/script/core/diagnostics/circle-doc-class.lua,561,1931
util/path$fn__6920.class,1009,1928
_unpack/x86_64-linux/bin/lsp/lua/meta/3rd/Defold/library/message.lua,739,1927
internal/graph$basis_plan_connect_arc.class,1041,1926
_unpack/x86_64-linux/bin/lsp/lua/script/plugins/nodeHelper.lua,683,1925
internal/node$description__GT_input_dependencies.class,1028,1924
internal/transaction$flag_successors_changed$fn__22333.class,1048,1924
util/eduction$conj.class,896,1923
_unpack/x86_64-linux/bin/lsp/lua/meta/3rd/OpenResty/library/resty/aes.lua,592,1923
util/coll$find_values$fn__4213$xf__4214.class,1012,1922
util/array$loading__6812__auto____3611.class,1038,1922
internal/node$error_checked_array_input_value.class,953,1921
internal/util$inputs_needed.class,1011,1920
_unpack/x86_64-linux/bin/lsp/lua/script/core/diagnostics/redundant-return-value.lua,491,1919
util/http_client$request$fn__8276.class,1006,1919
plumbing/fnk/schema$schema_diff.class,985,1917
internal/graph$lift_target_arcs$fn__19979.class,985,1916
internal/node$wrap_constant_fn.class,953,1915
com/googlecode/javaewah32/symmetric/UpdateableBitmapFunction32$1$1.class,816,1915
_unpack/x86_64-linux/bin/lsp/lua/meta/3rd/skynet/library/skynet/db/redis.lua,857,1913
doc/dmsdk-dlib-memory.h_doc.sdoc,609,1913
javax/xml/bind/annotation/adapters/CollapsedStringAdapter.class,1060,1911
_unpack/x86_64-linux/bin/lsp/lua/meta/3rd/luassert/library/luassert/stub.lua,587,1910
internal/transaction/DeleteNodesTXS.class,933,1909
util/coll$partition_all_primitives$fn__4089.class,1018,1909
util/digestable$fn__39889.class,957,1908
internal/node$assemble_properties_map_form.class,916,1908
icons/app.iconset/icon_32x32.png,1912,1907
icons/app.iconset/icon_16x16@2x.png,1912,1907
internal/transaction/UpdateGraphValueTXS.class,853,1906
doc/src-script.cpp_doc.sdoc,880,1906
TestScript/TestDdf$RepeatedItem$1.class,821,1905
TestScript/TestDdf$DefaultValue$1.class,828,1905
util/pkid_vector$loading__6812__auto____18846.class,1020,1905
_unpack/x86_64-linux/bin/lsp/lua/meta/3rd/OpenResty/library/ngx/process.lua,810,1905
internal/graph$arcs_by_source.class,955,1903
internal/transaction$conj_change__22271.class,902,1901
internal/transaction/RepointOverrideNodeTXC.class,786,1901
util/path$fn__6926.class,1007,1901
plumbing/core$dissoc_in.class,1040,1899
util/path$fn__6911.class,1007,1899
util/coll$mapcat.class,889,1896
dynamo/graph$eager_tx_data$eager_tx_data_into__23213$fn__23214.class,1007,1896
internal/node$when_check_schemas.class,952,1893
editor/updater/proxy,902,1893
internal/node$error_substituted_input_value.class,985,1892
_unpack/x86_64-linux/bin/lsp/lua/meta/default utf8/System.Deployment.Internal.lua,281,1892
internal/util$into_multiple$fn__6666$fn__6671.class,1021,1891
javax/xml/bind/DatatypeConverterInterface.class,635,1891
service/smoke_log$loading__6812__auto____26315.class,1022,1890
antlr/debug/ParserReporter.class,649,1889
internal/graph$lift_source_arcs$fn__19959.class,956,1889
internal/node$validate_property_value.class,896,1888
editor/font/NativeVertexBufferRequest,1000,1886
util/path$atomic_replace_BANG_.class,950,1885
util/bit_set$assign_BANG_.class,879,1883
dynamo/graph$defnode$iter__23270__23274$fn__23275$fn__23276.class,1050,1880
plumbing/core$fnk.class,964,1879
util/http_server$invoke_handler.class,939,1878
util/path$fn__6923.class,990,1878
TestScript/TestDdf$Uint64Msg$1.class,817,1878
internal/transaction$mark_nodes_outputs_activated$fn__22321.class,948,1878
TestScript/TestDdf$Transform$1.class,825,1878
dynamo/graph$node_type_kw.class,934,1875
builtins/manifests/osx/Info.plist,636,1873
internal/transaction$flag_successors_changed$fn__22330.class,1025,1872
dynamo/graph$construct_node_with_id.class,909,1870
TestScript/TestDdf$EmptyMsg$1.class,818,1869
internal/transaction$eval22264$fn__22265.class,893,1868
util/fn$make_case_fn$key__GT_value__6855.class,1014,1867
PropertyList-1.0.dtd,928,1867
dynamo/graph$make_node.class,995,1865
_unpack/x86_64-linux/bin/lsp/lua/meta/3rd/Cocos4.0/library/cc/Physics3DPointToPointConstraint.lua,317,1865
javax/xml/bind/util/Messages.class,815,1864
util/num$normalized__GT_long__16406.class,942,1862
_unpack/x86_64-linux/bin/lsp/lua/meta/template/utf8.lua,396,1861
util/coll$eager_seqable_QMARK_.class,1002,1861
internal/node$argument_error_aggregate_form.class,935,1860
util/digestable$sha1s__GT_unordered_sha1_hex.class,1087,1860
org/nibor/autolink/internal/WwwScanner.class,1013,1858
com/googlecode/javaewah/symmetric/UpdateableBitmapFunction$1$1.class,804,1857
internal/graph$basis_perform_connect_arcs.class,952,1855
internal/transaction/DeleteNodesTXC.class,815,1855
internal/graph$cascade_delete_sources$fn__20018.class,1010,1855
util/http_server$start_BANG_$reify__25160$fn$reify__25170.class,861,1855
javax/vecmath/Vector4f.class,900,1855
lua-annotations/http.lua,845,1854
_unpack/shared/lua-annotations/http.lua,845,1854
internal/transaction/CallbackTXS.class,857,1853
internal/cache$miss_many_lru.class,927,1852
internal/graph$basis_revert_connect_arcs.class,946,1852
TestScript/TestDdf$SubMsg$1.class,816,1851
_unpack/x86_64-linux/bin/lsp/lua/meta/3rd/Cocos4.0/library/cc/ParticleSystemQuad.lua,584,1850
javax/vecmath/Vector4d.class,885,1848
_unpack/x86_64-linux/bin/lsp/lua/meta/3rd/Cocos4.0/library/ccui/RichElementImage.lua,491,1847
com/cognitect/transit/impl/WriteHandlers$TimeWriteHandler.class,684,1840
util/profiler$loading__6812__auto____26809.class,1003,1840
_unpack/x86_64-linux/bin/lsp/lua/script/core/diagnostics/not-yieldable.lua,570,1838
internal/transaction/ReplaceArcTXC.class,779,1837
antlr/Utils.class,969,1837
util/murmur$loading__6812__auto____43648.class,1009,1836
internal/transaction/InvalidateOutputTXS.class,851,1836
net/jpountz/lz4/LZ4Constants.class,904,1836
antlr/CharRangeElement.class,975,1836
plumbing/fnk/schema$guess_expr_output_schema$iter__20393__20397$fn__20398$fn__20399.class,1009,1835
_unpack/x86_64-linux/bin/lsp/lua/meta/3rd/Cocos4.0/library/ccui/RelativeLayoutParameter.lua,459,1835
dynamo/graph$node_type_STAR_.class,1033,1834
internal/transaction/ExpandTXS.class,827,1834
com/cognitect/transit/impl/ReadCache.class,927,1834
util/bit_set$from.class,1004,1834
_unpack/x86_64-linux/bin/lsp/lua/meta/3rd/Cocos4.0/library/ccs/ActionFrame.lua,432,1832
potemkin/namespaces$link_vars$fn__23049.class,894,1829
internal/transaction/ClearPropertyTXS.class,856,1828
antlr/collections/impl/LList.class,962,1827
antlr/ASTNULLType.class,630,1827
util/num$eval16400$fn__16401.class,931,1827
dynamo/graph$tick.class,1018,1827
templates/template.script,519,1826
util/coll$separate_by.class,971,1826
_unpack/x86_64-linux/bin/lsp/lua/meta/3rd/Defold/library/base.lua,586,1825
TestScript/TestDdf$Msg$1.class,817,1824
_unpack/x86_64-linux/bin/lsp/lua/script/core/diagnostics/count-down-loop.lua,508,1824
local_extensions$handle_request$fn__45496$fn__45497.class,1000,1823
plumbing/core$_QMARK__GT__GT_.class,870,1821
util/defonce$protocol.class,922,1821
internal/node$validate_property_values.class,875,1820
_unpack/x86_64-linux/bin/lsp/lua/meta/3rd/Cocos4.0/library/cc/FadeOutTRTiles.lua,492,1819
templates/template.appmanifest,199,1816
internal/util$deep_keep_kv_helper.class,929,1816
potemkin/namespaces$import_vars.class,866,1811
internal/util$deep_map_kv_helper.class,936,1811
plumbing/core$conj_when.class,914,1810
_unpack/x86_64-linux/bin/lsp/lua/debugger.lua,774,1810
util/coll$ptree$parallel_child_results__4272$fn__4273$fn__4274.class,914,1809
internal/transaction$trace_dependencies.class,901,1808
_unpack/x86_64-linux/bin/lsp/lua/meta/3rd/Defold/library/timer.lua,718,1807
plumbing/fnk/schema$guess_expr_output_schema.class,966,1806
plumbing/fnk/schema$merge_on_with$fn__20326.class,973,1805
org/objectweb/asm/Symbol.class,904,1803
dynamo/graph$make_evaluation_context_scope_violation_exception.class,896,1802
util/fn$declared_symbol.class,1002,1802
plumbing/fnk/schema$fn__20493$split_schema__20498$fn__20499$iter__20500__20504$fn__20505$fn__20506.class,956,1800
_unpack/x86_64-linux/bin/lsp/lua/meta/3rd/bee/library/bee/subprocess.lua,536,1800
_unpack/x86_64-linux/bin/lsp/lua/meta/3rd/Cocos4.0/library/cc/Physics3DShape.lua,410,1800
_unpack/x86_64-linux/bin/lsp/lua/meta/3rd/skynet/library/skynet/crypt.lua,552,1796
plumbing/core$_QMARK__GT_.class,845,1796
internal/graph$transform_node.class,904,1793
com/samskivert/mustache/Mustache$Delims.class,957,1793
internal/graph$basis_plan_clear_override_nodes.class,958,1792
internal/node$warn_output_schema.class,922,1791
com/cognitect/transit/impl/ReaderFactory$MsgPackReaderImpl.class,719,1790
internal/graph$arc_table_find_arc_pkids.class,953,1790
internal/graph$basis_revert_update_graph_value.class,908,1789
net/jpountz/lz4/LZ4FrameOutputStream$FLG$Bits.class,875,1788
util/bit_set$clear_bit_BANG_.class,842,1786
util/fn$memoize_two.class,973,1785
cljs/core/async/impl/protocols.cljs,861,1784
util/fn$or_fn.class,849,1783
_unpack/x86_64-linux/bin/lsp/lua/script/plugins/ffi/searchCode.lua,513,1782
util/bit_set$set_bit_BANG_.class,839,1782
_unpack/x86_64-linux/bin/lsp/lua/meta/3rd/OpenResty/library/resty/core/regex.lua,469,1781
antlr/TreeWalkerGrammar.class,1019,1781
util/bit_set$and_bits_BANG_.class,833,1780
_unpack/x86_64-linux/bin/lsp/lua/meta/3rd/Cocos4.0/library/cc/PhysicsShapeCircle.lua,511,1779
util/bit_set$or_bits_BANG_.class,830,1778
internal/graph$replace_target_arc_at.class,872,1774
_unpack/x86_64-linux/bin/lsp/lua/script/core/command/jsonToLua.lua,677,1774
javax/vecmath/Point4d.class,856,1773
javax/vecmath/Point4f.class,859,1773
com/googlecode/javaewah32/ReverseEWAHIterator32.class,911,1772
util/bit_set$indices.class,837,1771
_unpack/x86_64-linux/bin/lsp/lua/meta/3rd/OpenResty/library/tablepool.lua,765,1771
util/fn$memoize_one.class,965,1770
plumbing/core$update_in_when.class,899,1770
builtins/input/README.md,889,1770
com/googlecode/javaewah32/NonEmptyVirtualStorage32.class,811,1770
_unpack/x86_64-linux/bin/lsp/lua/meta/3rd/lovr/library/lovr/timer.lua,654,1769
_unpack/x86_64-linux/bin/lsp/lua/script/core/diagnostics/duplicate-doc-alias.lua,546,1769
plumbing/fnk/schema$merge_on_with.class,811,1769
_unpack/x86_64-linux/bin/lsp/lua/meta/3rd/love2d/library/love/timer.lua,529,1768
_unpack/x86_64-linux/bin/lsp/lua/meta/3rd/Cocos4.0/library/ccb/Program.lua,544,1768
dynamo/graph$default_node_deserializer.class,977,1766
util/path$fn__6938.class,951,1766
util/fn$and_fn.class,846,1765
dynamo/graph$let_ec.class,901,1764
plumbing/core$when_letk.class,818,1763
dynamo/graph$flattened_tx_data_into$fn__23227.class,962,1762
util/digestable$fn__39885.class,901,1762
util/fn$demunged_symbol.class,975,1760
internal/transaction$realize_tx.class,933,1760
_unpack/x86_64-linux/bin/lsp/lua/meta/default utf8/UnityEngine.Assertions.Comparers.lua,440,1759
antlr/TokenRangeElement.class,874,1758
internal/node$invert_map$iter__21611__21617$fn__21618.class,967,1757
_unpack/x86_64-linux/bin/lsp/lua/script/jsonrpc.lua,662,1757
util/array$fn__3643.class,933,1756
com/googlecode/javaewah/NonEmptyVirtualStorage.class,836,1755
internal/node$property_dynamics.class,855,1753
internal/graph$update_existing_arc_table.class,898,1752
_unpack/x86_64-linux/bin/lsp/lua/script/core/command/removeSpace.lua,632,1752
dynamo/graph$connect_BANG_.class,881,1751
internal/node$node_type.class,922,1749
util/digestable$digest_resource_BANG_.class,883,1746
net/jpountz/lz4/LZ4Compressor.class,924,1745
util/array$fn__3619.class,935,1745
_unpack/x86_64-linux/bin/lsp/lua/meta/3rd/Cocos4.0/library/ccs/Tween.lua,545,1745
util/array$fn__3622.class,935,1744
util/array$fn__3640.class,932,1743
org/nibor/autolink/internal/UrlScanner.class,986,1743
util/array$fn__3637.class,932,1741
internal/node$check_single_type.class,966,1741
util/array$fn__3631.class,932,1741
util/array$fn__3628.class,933,1741
util/coll$sort$reify__4248.class,897,1740
util/array$fn__3625.class,932,1739
util/array$fn__3634.class,932,1739
util/coll$unanimous_value.class,876,1737
javax/vecmath/Vector3f.class,855,1735
_unpack/x86_64-linux/bin/lsp/lua/script/core/diagnostics/trailing-space.lua,569,1734
internal/node$warn_declared_schema_impl.class,917,1731
com/googlecode/javaewah/ReverseEWAHIterator.class,900,1730
javax/vecmath/Vector3d.class,848,1728
internal/graph$basis_perform_add_nodes.class,940,1726
net/objecthunter/exp4j/operator/Operator.class,963,1726
internal/low_memory$ensure_notification_listener_BANG___18674$fn__18677.class,996,1724
util/coll$tree_xf$fn__4207$xf__4208.class,932,1723
util/http_server$start_BANG_$reify__25160$fn__25166.class,952,1722
dynamo/graph$node_feeding_into.class,919,1719
_unpack/x86_64-linux/bin/lsp/lua/script/core/diagnostics/cast-local-type.lua,673,1719
net/jpountz/lz4/LZ4SafeDecompressor.class,930,1718
internal/transaction$realize_invalidate_output.class,909,1718
icons/64/Icons_18-ParticleFX-emitter.png,1722,1717
Defold/config,1717,1717
_unpack/x86_64-linux/bin/lsp/lua/meta/3rd/Cocos4.0/library/ccs/ActionTimelineCache.lua,342,1715
internal/transaction/SequenceLabelTXS.class,819,1714
util/bit_set$previous_set_bit.class,823,1714
internal/system$commit_transaction_effects.class,857,1714
internal/util$deep_keep_kv_helper$fn__6636.class,919,1713
util/text_util$guess_line_separator.class,942,1712
internal/graph$basis_revert_connect_arcs$fn__20188.class,972,1711
internal/graph$basis_revert_connect_arcs$fn__20181.class,973,1711
util/coll$flatten_xf$xf__4204.class,914,1710
internal/node$output_schema__GT_declared_schema.class,923,1710
icons/64/Icons_17-ParticleFX.png,1714,1709
util/coll$lazy_QMARK_.class,926,1708
plumbing/core$as__GT__GT_.class,821,1708
meta_merge/core$different_priority_QMARK_.class,914,1708
internal/transaction/SetRawPropertyTXC.class,753,1707
internal/node$make_value_type.class,908,1706
util/bit_set$next_set_bit.class,818,1706
util/fn$make_call_logger.class,881,1705
plumbing/fnk/schema$schema_diff$fn__20415.class,906,1704
util/coll$empty_QMARK_.class,983,1704
_unpack/x86_64-linux/bin/lsp/lua/meta/3rd/Cocos4.0/library/cc/ActionTween.lua,435,1704
internal/node$fn__21687.class,938,1703
org/jvnet/mimepull/ASCIIUtility.class,1083,1702
util/digestable$fn__39823$G__39818__39832.class,896,1702
util/coll$bounded_count.class,989,1702
internal/node$fn__21692.class,911,1701
dynamo/graph$strip_alias.class,921,1701
antlr/debug/DebuggingInputBuffer.class,886,1700
com/samskivert/mustache/BasicCollector.java,647,1700
internal/system$cache_output_values$fn__22977.class,931,1700
util/coll$transform_non_empty__GT_.class,775,1699
local_extensions$local_extension_path.class,903,1699
_unpack/x86_64-linux/bin/lsp/lua/meta/3rd/Cocos4.0/library/ccb/VertexLayout.lua,569,1698
util/coll$reduce_partitioned.class,896,1697
editor/console/ConsoleGutterView,745,1696
internal/system$update_user_data.class,776,1694
icons/64/Icons_49-Collision-object.png,1692,1694
internal/node$fn__21743.class,928,1692
internal/cache$fn__19460$G__19417__19469.class,896,1692
internal/transaction/ClearRawPropertyTXC.class,749,1692
_unpack/x86_64-linux/bin/lsp/lua/meta/3rd/Cocos4.0/library/cc/ShatteredTiles3D.lua,440,1692
com/googlecode/javaewah/BitCounter.class,858,1691
internal/cache$fn__19445$G__19425__19454.class,896,1691
internal/node$mark_in_production.class,837,1690
internal/cache$seed_lru.class,908,1690
util/fn$as_late_bound_fn$late_fn__6829.class,948,1689
_unpack/x86_64-linux/bin/lsp/lua/meta/3rd/Defold/library/sprite.lua,552,1689
com/samskivert/mustache/BasicCollector.class,768,1688
org/jvnet/mimepull/MIMEParser$LineInputStream.class,939,1687
util/fn$ifn_class_max_arity_raw$fn__6817.class,965,1685
util/bit_set$bit.class,802,1685
_unpack/x86_64-linux/bin/lsp/lua/meta/3rd/Cocos4.0/library/cc/MenuItemSprite.lua,420,1684
com/googlecode/javaewah32/BitCounter32.class,831,1684
icons/64/Icons_48-Tilemap.png,1688,1683
antlr/GrammarAtom.class,884,1683
internal/util$select_keys_deep_value_helper.class,919,1683
util/coll$partition_all_float_arrays$fn__4081.class,957,1683
internal/transaction$perform_change__22254.class,814,1682
_unpack/x86_64-linux/bin/lsp/lua/meta/3rd/Cocos4.0/library/cc/ProgressFromTo.lua,402,1682
internal/transaction$revert_change__22261.class,811,1680
internal/node$pull_input_values$fn__21930.class,906,1680
com/cognitect/transit/impl/WriteHandlers$ListWriteHandler.class,660,1680
internal/node$group_node_type_forms$iter__21799__21803$fn__21804$fn__21805.class,979,1679
dynamo/graph$disconnect.class,867,1678
util/num$normalized__GT_ushort.class,973,1677
_unpack/x86_64-linux/bin/lsp/lua/script/core/diagnostics/cast-type-mismatch.lua,518,1677
util/num$normalized__GT_uint.class,970,1675
console-view.fxml,517,1675
_unpack/x86_64-linux/bin/lsp/lua/meta/3rd/Cocos4.0/library/ccb/ProgramState.lua,566,1674
internal/node$fn__21357.class,898,1673
_unpack/x86_64-linux/bin/lsp/lua/meta/3rd/Cocos4.0/library/cc/PhysicsJointLimit.lua,372,1673
util/num$normalized__GT_ubyte.class,965,1672
dynamo/graph$connect.class,862,1672
internal/node$fn__21231.class,896,1672
internal/transaction/LabelTXS.class,801,1672
internal/node$behavior.class,884,1672
local_extensions$fn__45503.class,863,1672
_unpack/x86_64-linux/bin/lsp/lua/meta/3rd/OpenResty/library/resty/signal.lua,647,1670
internal/graph$assoc_source_arcs_at.class,833,1670
internal/graph$assoc_target_arcs_at.class,833,1670
_unpack/x86_64-linux/bin/lsp/lua/meta/3rd/Cocos4.0/library/cc/Bundle3D.lua,502,1670
antlr/RuleRefElement.class,823,1668
util/http_server$fn__25052$G__25047__25059.class,886,1668
com/cognitect/transit/impl/WriterFactory$2.class,769,1667
internal/system$evaluation_context_invalidate_counters.class,906,1665
internal/system$ensure_no_concurrent_modifications_BANG_.class,909,1661
plumbing/core$safe_get.class,925,1660
util/coll$ptree$visit__4279.class,941,1660
dynamo/graph$fn__23563.class,899,1659
com/cognitect/transit/impl/RatioImpl.class,794,1658
com/cognitect/transit/impl/WriterFactory$1.class,766,1656
util/bit_set$first_set_bit.class,808,1655
camel_snake_kebab$fn__4750$G__4745__4757.class,856,1655
org/jvnet/mimepull/LineInputStream.class,1064,1655
util/path$atomic_replace_BANG_$fn__7027.class,907,1654
internal/node$make_protocol_value_type.class,827,1653
doc/script-script_engine.cpp_doc.sdoc,638,1653
net/objecthunter/exp4j/tokenizer/UnknownFunctionOrVariableException.class,839,1652
internal/transaction/InvalidateTXS.class,772,1651
internal/graph$arc_table_next_pkid.class,930,1651
util/debug_util$nanos__GT_string.class,896,1651
_unpack/x86_64-linux/bin/lsp/lua/meta/3rd/Cocos4.0/library/cc/ParallaxNode.lua,533,1650
internal/node$dependency_seq.class,823,1650
internal/transaction$realize_invalidate.class,879,1648
util/diff$cut_edit.class,772,1646
com/cognitect/transit/impl/WriteHandlers$DoubleWriteHandler.class,716,1646
internal/transaction$eval22249$fn__22250.class,805,1646
_unpack/x86_64-linux/bin/lsp/lua/script/core/diagnostics/different-requires.lua,549,1646
org/apache/harmony/beans/Argument.class,713,1646
internal/util$detect_renames_and_update_all$fn__6700.class,900,1646
internal/graph$dissoc_source_arcs_at.class,817,1645
editor/http_server/prefs/JsonParseError,828,1645
internal/graph$dissoc_target_arcs_at.class,818,1645
internal/transaction$eval22256$fn__22257.class,802,1645
internal/node$property_setter.class,871,1644
dynamo/graph$deep_arcs_by_source.class,847,1643
internal/graph$lift_source_arcs.class,793,1643
doc/src-script_zlib.cpp_doc.sdoc,584,1643
icons/64/Icons_08-Collection-factory.png,1646,1641
internal/system$register_undoable_changes.class,778,1641
internal/transaction$ctx_perform_clear_override_nodes.class,795,1641
internal/node$value_type_dispatch_value.class,926,1639
internal/transaction$ctx_revert_clear_override_nodes.class,793,1639
util/debug_util$update_task_metrics.class,860,1637
internal/transaction/DisconnectTXS.class,764,1637
dynamo/graph$property_overridden_QMARK_.class,878,1636
org/slf4j/helpers/BasicMarkerFactory.class,793,1634
internal/node$prop_PLUS_args.class,872,1634
_unpack/x86_64-linux/bin/lsp/lua/meta/template/bit32.lua,338,1632
internal/transaction$realize_transfer_overrides$fn__22481.class,873,1632
antlr/TokenRefElement.class,862,1632
com/google/errorprone/annotations/Modifier.class,862,1632
_unpack/x86_64-linux/bin/lsp/lua/meta/3rd/Cocos4.0/library/cc/TurnOffTiles.lua,491,1631
dynamo/graph$override_root.class,883,1630
plumbing/fnk/schema$assert_iae.class,778,1630
com/cognitect/transit/impl/WriteHandlers$FloatWriteHandler.class,710,1627
util/debug_util$fn__18938.class,876,1627
internal/cache$fn__19432$G__19423__19439.class,864,1625
internal/transaction/ConnectTXS.class,760,1625
internal/cache$fn__19486$G__19427__19493.class,862,1625
javax/xml/bind/Binder.class,620,1625
icons/64/Icons_31-Material.png,1629,1624
dynamo/graph$fn__23161.class,872,1622
util/coll$fn__4178$path_entries__4180.class,880,1622
internal/graph$arc_table_append.class,868,1622
antlr/Token.class,790,1621
org/slf4j/MarkerFactory.class,815,1621
internal/transaction$disconnect_sources$iter__22835__22839$fn__22840$fn__22841.class,888,1620
camel_snake_kebab$convert_case.class,859,1619
_unpack/x86_64-linux/bin/lsp/lua/meta/3rd/Cocos4.0/library/cc/Speed.lua,426,1619
doc/dmsdk-gamesys-gui.h_doc.sdoc,466,1617
_unpack/x86_64-linux/bin/lsp/lua/meta/3rd/Cocos4.0/library/cc/MenuItemFont.lua,439,1617
internal/util$distinct_by$step__6458$fn__6459$fn__6461.class,943,1616
internal/graph$basis_perform_clear_override_nodes.class,813,1615
editor/lsp/server/RawRequest,835,1614
doc/dmsdk-gamesys-components-comp_gui.h_doc.sdoc,434,1613
util/eduction$mapcat_indexed__3823.class,775,1609
internal/util$group_into$fn__6482.class,867,1609
_unpack/x86_64-linux/bin/lsp/lua/meta/3rd/Cocos4.0/library/cc/Physics3DConstraint.lua,450,1609
dynamo/graph$evaluation_context_QMARK_.class,856,1607
dynamo/graph$tx_result_QMARK_.class,863,1607
util/http_server$fn__25036$G__25031__25041.class,862,1607
_unpack/x86_64-linux/bin/lsp/lua/meta/3rd/Cocos4.0/library/cc/CameraBackgroundSkyBoxBrush.lua,402,1607
util/path$actual_cased.class,810,1607
find.fxml,489,1607
camel_snake_kebab$fn__4737.class,787,1606
internal/node$value_type_schema.class,916,1606
util/http_server$fn__25020$G__25015__25025.class,855,1605
dynamo/graph$restore_overridden_properties$iter__23595__23599$fn__23600$fn__23601$iter__23602__23606$fn__23607$fn__23608.class,890,1604
antlr/ANTLRHashString.class,943,1604
internal/transaction/ReplaceOverrideRootTXC.class,714,1602
internal/node$value_type_form.class,915,1602
org/jvnet/mimepull/PropUtil.class,881,1602
potemkin/namespaces$loading__6812__auto____23045.class,886,1601
dynamo/graph$node_instance_STAR__QMARK_.class,916,1600
_unpack/x86_64-linux/bin/lsp/lua/meta/3rd/skynet/library/skynet/sharemap.lua,679,1600
internal/transaction$fn__22233.class,784,1598
util/thread_util$loading__6812__auto____27059.class,881,1598
internal/node$ordinary_output_labels.class,847,1597
_unpack/x86_64-linux/bin/lsp/lua/meta/3rd/Cocos4.0/library/cc/ShakyTiles3D.lua,425,1597
util/diff$nop_edit_QMARK___33251.class,778,1596
util/path$real.class,800,1596
internal/system$invalidate_counters.class,878,1595
dynamo/graph$restore_overridden_properties$iter__23595__23599$fn__23600$iter__23625__23629$fn__23630$fn__23631.class,887,1594
internal/transaction$ctx_revert_clear_raw_property.class,749,1594
antlr/InputBuffer.class,913,1594
util/http_server$fn__25004$G__24999__25009.class,863,1593
net/jpountz/lz4/LZ4FrameOutputStream$BD.class,786,1593
antlr/TokenBuffer.class,893,1593
potemkin/namespaces$fn__23047.class,783,1592
internal/transaction$ctx_perform_set_raw_property.class,750,1592
scene/images/perspective_icon.svg,640,1591
util/macro$conform_gensym_name_BANG_.class,841,1591
_unpack/x86_64-linux/bin/lsp/lua/meta/3rd/Cocos4.0/library/cc/CSLoader.lua,394,1591
internal/paper_tape$fn__18773$G__18729__18778.class,854,1590
internal/paper_tape$fn__18740$G__18733__18745.class,853,1590
internal/paper_tape$fn__18784$G__18731__18789.class,854,1590
internal/paper_tape$fn__18762$G__18727__18767.class,854,1590
internal/paper_tape$fn__18751$G__18735__18756.class,846,1590
internal/paper_tape$fn__18800$G__18795__18805.class,849,1590
internal/transaction$ctx_revert_set_raw_property.class,747,1590
util/http_server$fn__24972$G__24967__24977.class,852,1589
util/num$normalized__GT_ushort_double__16266.class,793,1589
util/http_server$fn__24956$G__24951__24961.class,858,1588
internal/node$fn__21698.class,847,1588
util/num$normalized__GT_ubyte_double__16250.class,793,1587
org/jvnet/mimepull/Hdr.class,936,1587
util/pkid_vector$fn__18848.class,788,1586
internal/paper_tape$fn__18816$G__18811__18821.class,841,1586
util/num$normalized__GT_uint_double__16291.class,791,1585
internal/graph$override_node_id_table_locate.class,841,1585
util/http_client$fn__8269.class,785,1585
util/http_server$fn__24988$G__24983__24993.class,854,1585
dynamo/graph$construct.class,874,1585
internal/util$into_multiple$fn__6666.class,847,1584
service/smoke_log$fn__26317.class,783,1583
util/fn$among_values_case_expr.class,799,1583
internal/util$filter_vals$iter__6515__6519$fn__6520$fn__6521.class,900,1582
plumbing/fnk/schema$fn__20235.class,786,1580
dynamo/graph$property_value_origin_QMARK_.class,837,1579
internal/util$detect_renames.class,785,1579
internal/graph$lift_source_arc$fn__19941.class,897,1578
internal/graph$basis_perform_connect_arcs$fn__20168.class,901,1577
internal/graph$basis_perform_connect_arcs$fn__20174.class,900,1577
builtins/fonts/font.fp,472,1577
icons/64/Icons_38-GUI.png,1581,1576
internal/system$undo_stack_revisions.class,822,1575
plumbing/core$assoc_when$iter__20889__20893$fn__20894$fn__20895.class,900,1573
util/http_server$start_BANG_$fn__25198.class,871,1572
util/eduction$eval3818$fn__3819.class,768,1572
util/ensure$loading__6812__auto____6705.class,878,1572
util/fn$with_logged_calls$fn__6874.class,814,1571
com/cognitect/transit/impl/WriteHandlers$RatioWriteHandler.class,671,1568
internal/graph$dependencies$fn__20063$make_task_BANG___20064$fn__20065$fn__20066.class,852,1568
plumbing/fnk/impl$fn__20665.class,781,1568
plumbing/fnk/pfnk$fn__20629.class,777,1567
net/jpountz/xxhash/StreamingXXHash32JNI.class,835,1567
internal/cache$fn__19499$G__19421__19504.class,843,1567
internal/cache$fn__19475$G__19419__19480.class,841,1567
_unpack/x86_64-linux/bin/lsp/lua/script/core/diagnostics/missing-return-value.lua,456,1566
util/crypto$decrypt_bytes.class,882,1565
dynamo/graph$user_data_swap_BANG_.class,729,1563
util/diff$eval33246$fn__33247.class,762,1562
plumbing/fnk/pfnk$fn__20636$G__20631__20641.class,844,1562
org/jvnet/mimepull/MimeUtility.class,844,1562
_unpack/x86_64-linux/bin/lsp/lua/meta/3rd/Cocos4.0/library/cc/ShuffleTiles.lua,428,1560
internal/transaction/DisconnectArcsTXC.class,723,1559
internal/node$node_value.class,820,1559
util/num$loading__6812__auto____16055.class,877,1558
internal/node$fn__21248$G__21241__21253.class,841,1557
internal/node$fn__21259$G__21243__21264.class,846,1557
internal/node$fn__21270$G__21239__21275.class,848,1557
dynamo/graph$fn__23159.class,778,1556
plumbing/core$fn__20799.class,770,1556
com/cognitect/transit/impl/WriteHandlers$SetWriteHandler.class,587,1555
internal/util$fn__6436.class,776,1555
_unpack/x86_64-linux/bin/lsp/lua/meta/3rd/skynet/library/skynet/stm.lua,829,1554
net/jpountz/xxhash/StreamingXXHash64JNI.class,829,1553
internal/node$node_type_deref_ordered_property_setter_infos_raw$fn__21403.class,806,1553
dynamo/graph$migrated_node_ids.class,825,1553
internal/cache$evict_many_lru.class,834,1552
antlr/preprocessor/PreprocessorTokenTypes.class,705,1552
util/id_vec$iv_remove_ids.class,837,1552
_unpack/x86_64-linux/bin/lsp/lua/meta/3rd/Cocos4.0/library/cc/Shaky3D.lua,428,1551
util/http_server/ServerWithHandler.class,801,1550
internal/node$error_substituted_array_input_value.class,791,1550
internal/transaction$override_node_ids_removed_by_disconnect$fn__22771$fn__22772.class,863,1550
internal/transaction/ClearOverrideNodesTXC.class,713,1549
internal/node$fn__21052$G__21047__21057.class,836,1549
util/diff$edit__GT_map.class,862,1548
javax/xml/bind/util/JAXBResult.class,748,1548
internal/transaction/ConnectArcsTXC.class,721,1547
_unpack/x86_64-linux/bin/lsp/lua/meta/whimsical/basic.lua,497,1547
_unpack/x86_64-linux/bin/lsp/lua/meta/3rd/Cocos4.0/library/cc/AssetsManager.lua,368,1547
dynamo/graph$raw_property_value.class,859,1546
com/cognitect/transit/impl/WriteHandlers$KeywordWriteHandler.class,573,1546
service/log$fn__7183.class,776,1546
dynamo/graph$mark_defective_BANG_.class,815,1544
internal/node$process_property_forms$iter__21728__21732$fn__21733$fn__21734.class,892,1543
internal/node/OverrideNode$fn__22082$fn__22083.class,828,1543
util/num$eval16261$fn__16262.class,775,1542
internal/node$inherits_QMARK_.class,803,1542
internal/graph$basis_plan_disconnect_arc.class,863,1542
util/num$eval16245$fn__16246.class,774,1541
util/num$eval16286$fn__16287.class,774,1540
util/text_util$includes_ignore_case_QMARK_.class,898,1540
net/jpountz/util/Utils.class,851,1540
_unpack/x86_64-linux/bin/lsp/lua/script/plugins/ffi/c-parser/cdriver.lua,399,1540
_unpack/x86_64-linux/bin/lsp/lua/meta/3rd/Cocos4.0/library/ccui/TextBMFont.lua,518,1539
util/num$ushort.class,881,1538
_unpack/x86_64-linux/bin/lsp/lua/meta/3rd/Cocos4.0/library/cc/TextureCube.lua,507,1538
dynamo/graph$overridden_properties$fn__23577.class,810,1537
_unpack/x86_64-linux/bin/lsp/lua/meta/3rd/Cocos4.0/library/ccs/ActionManagerEx.lua,407,1537
util/num$uint.class,880,1536
util/path$fn__6946$G__6941__6951.class,845,1536
javax/vecmath/Point3f.class,742,1535
_unpack/x86_64-linux/bin/lsp/lua/meta/3rd/Cocos4.0/library/cc/Physics3DComponent.lua,426,1535
internal/transaction$ctx_invalidate.class,818,1534
internal/graph$basis_plan_replace_override.class,833,1534
util/diff$make_snip_line_string_raw.class,889,1533
util/id_vec$iv_into.class,861,1533
util/num$ubyte.class,876,1533
javax/vecmath/Point3d.class,737,1533
internal/node$original_root.class,838,1532
plumbing/core$mapply.class,741,1532
plumbing/core$_LT__.class,771,1531
util/debug_util$inspect_impl$fn__18985.class,788,1531
internal/util$deep_keep$fn__6627.class,827,1531
internal/node$substitute_for.class,810,1531
builtins/fonts/font-df-ms-singlelayer.fp,508,1530
org/nibor/autolink/internal/LinkSpanImpl.class,709,1528
util/defonce$interface.class,770,1527
internal/node$merge_supertypes.class,770,1526
internal/system$take_node_ids.class,880,1526
internal/transaction/AddNodesTXC.class,710,1526
internal/node$ordinary_input_labels.class,803,1526
dynamo/graph$eager_tx_data.class,823,1525
dynamo/graph$node_instance_match_STAR_$fn__23472.class,840,1525
icons/64/Icons_43-Tilesource-Collgroup.png,1530,1525
icons/64/Icons_23-Cubemap.png,1301,1524
dynamo/graph$explicit_outputs.class,771,1523
_unpack/x86_64-linux/bin/lsp/lua/meta/3rd/Cocos4.0/library/cc/ControlHuePicker.lua,350,1522
util/id_vec$iv_update_ids.class,782,1521
util/defonce$record.class,767,1521
dynamo/graph$explicit_inputs.class,774,1521
meta_merge/core$remove_top_displace.class,797,1520
dynamo/graph$set_graph_value.class,799,1519
_unpack/x86_64-linux/bin/lsp/lua/script/core/diagnostics/newline-call.lua,573,1519
util/fn$memoize_late_bound$memoized_fn__6834$fn__6842.class,824,1519
util/defonce$type.class,767,1517
_unpack/x86_64-linux/bin/lsp/lua/script/core/diagnostics/newfield-call.lua,513,1517
internal/graph$override_original.class,864,1516
internal/graph$fn__19841.class,830,1516
com/samskivert/mustache/Template$1.class,625,1516
util/debug_util$make_metrics_collector.class,789,1514
com/cognitect/transit/impl/TaggedValueImpl.class,735,1514
com/cognitect/transit/impl/WriteHandlers$UUIDWriteHandler.class,654,1513
util/debug_util$stack_trace.class,787,1512
dynamo/graph$tx_data_QMARK_.class,837,1512
internal/transaction/AddOverrideTXC.class,690,1511
internal/util$distinct_by$fn__6454$fn__6455.class,838,1511
antlr/PythonCharFormatter.class,829,1510
_unpack/x86_64-linux/bin/lsp/lua/script/core/diagnostics/empty-block.lua,461,1510
internal/system$commit_basis.class,813,1509
dynamo/graph$default_node_serializer$fn__23495.class,816,1509
internal/node$all_labels.class,797,1509
antlr/debug/misc/ASTFrame.class,841,1508
_unpack/x86_64-linux/bin/lsp/lua/meta/3rd/OpenResty/library/resty/string.lua,608,1507
com/googlecode/javaewah32/EWAHCompressedBitmap32$1.class,722,1507
internal/node$property_display_order.class,830,1506
net/jpountz/lz4/LZ4FastDecompressor.class,779,1506
_unpack/x86_64-linux/bin/lsp/lua/script/vm/field.lua,528,1504
internal/node$declared_property_labels.class,824,1503
internal/node$wrap_constant_fn_QMARK_.class,833,1503
util/num$ushort__GT_long__16128.class,760,1501
_unpack/x86_64-linux/bin/lsp/lua/meta/3rd/Cocos4.0/library/cc/OrbitCamera.lua,368,1501
util/num$ubyte__GT_long__16121.class,759,1500
org/objectweb/asm/Attribute$Set.class,824,1499
util/num$uint__GT_long__16135.class,760,1499
internal/paper_tape$paper_tape.class,730,1499
internal/node$input_dependencies.class,821,1498
_unpack/x86_64-linux/bin/lsp/lua/script/parser/tokens.lua,459,1498
com/cognitect/transit/impl/ReadHandlers$CmapReadHandler.class,563,1497
com/googlecode/javaewah32/symmetric/RunningBitmapMerge32$1.class,597,1497
util/macro$conform_gensyms.class,776,1496
dynamo/graph$outputs.class,761,1495
_unpack/x86_64-linux/bin/lsp/lua/meta/3rd/Cocos4.0/library/cc/TargetedAction.lua,391,1495
dynamo/graph$inputs.class,763,1494
util/diff$nop_edit_QMARK_.class,814,1494
internal/node$cascade_deletes.class,820,1492
_unpack/x86_64-linux/bin/lsp/lua/meta/spell/lua_dict.txt,723,1492
local_extensions$handle_request$fn__45496.class,828,1491
_unpack/x86_64-linux/bin/lsp/lua/meta/3rd/love2d/library/love/touch.lua,447,1491
internal/node$update_in_production.class,858,1491
internal/transaction$fn__22897.class,852,1491
_unpack/x86_64-linux/bin/lsp/lua/meta/3rd/Cocos4.0/library/cc/PhysicsJointRotarySpring.lua,399,1491
plumbing/fnk/schema$assert_satisfies_schema.class,832,1490
_unpack/x86_64-linux/bin/lsp/lua/script/core/diagnostics/undefined-doc-class.lua,454,1489
internal/node$apply_property_dependencies_to_outputs$fn__21872.class,761,1488
plumbing/fnk/schema$non_map_union.class,794,1487
dynamo/graph$defnode$fn__23289.class,772,1487
com/googlecode/javaewah/EWAHCompressedBitmap$1.class,717,1485
internal/node$all_properties.class,814,1484
internal/node$declared_outputs.class,813,1484
_unpack/x86_64-linux/bin/lsp/lua/meta/template/coroutine.lua,423,1483
com/cognitect/transit/impl/ReadHandlers$ListReadHandler.class,561,1483
internal/node$verify_property_defaults.class,764,1483
internal/node$supertypes.class,812,1482
internal/node$declared_inputs.class,813,1482
internal/cache$evict_many_base.class,785,1482
icons/64/Icons_12-Script-type.png,1486,1481
util/num$ushort_range__GT_normalized__16209.class,750,1481
util/text_util$join_comma_separated_string.class,794,1480
internal/graph$propagate_source_arcs$fn__19971.class,739,1480
util/num$ubyte_range__GT_normalized__16193.class,748,1479
_unpack/x86_64-linux/bin/lsp/lua/meta/3rd/Cocos4.0/library/cc/PhysicsJoint.lua,422,1479
util/num$uint_range__GT_normalized__16225.class,749,1477
internal/node$invert_map$iter__21611__21617$fn__21618$iter__21613__21622$fn__21623$fn__21624.class,835,1476
internal/node$type_name.class,811,1475
icons/64/Icons_25-AT-Image.png,1480,1475
javax/xml/bind/annotation/adapters/NormalizedStringAdapter.class,790,1473
dynamo/graph$make_tree_tracer.class,763,1473
internal/system$default_evaluation_context.class,756,1472
net/jpountz/util/Native$OS.class,778,1472
com/cognitect/transit/impl/ReadHandlers$SetReadHandler.class,563,1472
internal/graph$basis_perform_disconnect_arc_pkids.class,789,1471
_unpack/x86_64-linux/bin/lsp/lua/meta/3rd/skynet/library/skynet/sharetable.lua,677,1468
util/num$eval16123$fn__16124.class,749,1467
util/num$eval16130$fn__16131.class,750,1467
util/num$eval16116$fn__16117.class,749,1467
util/http_server$stop_BANG_.class,795,1467
internal/graph$basis_perform_connect_arc_pkids.class,787,1466
_unpack/x86_64-linux/bin/lsp/lua/meta/3rd/Cocos4.0/library/cc/ControlColourPicker.lua,340,1465
internal/graph$node_id__GT_node__19906.class,735,1461
org/jvnet/mimepull/FileData.class,738,1460
net/jpountz/xxhash/XXHash64JNI.class,806,1459
plumbing/fnk/schema$assert_distinct.class,814,1459
internal/system$undo_stack.class,829,1459
util/bit_set$hinted.class,779,1458
internal/node$property_type.class,786,1458
internal/system$redo_stack.class,830,1458
internal/node$attach_declared_properties_behavior.class,752,1458
_unpack/x86_64-linux/bin/lsp/lua/meta/3rd/lovr/library/lovr.lua,698,1458
util/bit_set$bit_set_QMARK_.class,737,1458
internal/node$output_arguments.class,783,1458
_unpack/x86_64-linux/bin/lsp/lua/script/core/command/reloadFFIMeta.lua,564,1458
util/macro$claim_conformed_symbol_name_BANG_$fn__130972.class,773,1456
internal/util$deep_map_kv_helper$fn__6617.class,785,1456
internal/util$select_keys_deep$fn__6595.class,788,1456
util/path$to_path.class,835,1455
net/jpountz/xxhash/XXHash32JNI.class,801,1455
internal/node$output_type.class,783,1454
org/slf4j/event/Level.class,753,1454
_unpack/x86_64-linux/bin/lsp/lua/meta/3rd/Cocos4.0/library/cc/Animate.lua,425,1454
util/path$absolute.class,737,1453
internal/node$input_type.class,782,1452
_unpack/x86_64-linux/bin/lsp/lua/script/core/diagnostics/missing-local-export-doc.lua,497,1452
dynamo/graph$make_tree_tracer$fn__23391$fn__23393.class,741,1451
dynamo/graph$make_tree_tracer$fn__23391$fn__23395.class,740,1451
builtins/fonts/font-df.vp,433,1451
util/path$normalized.class,735,1450
dynamo/graph$clear_property.class,790,1450
internal/graph$basis_revert_delete_nodes$fn__20226.class,778,1449
com/cognitect/transit/impl/WriteHandlers$ObjectWriteHandler.class,637,1449
util/eduction$random_sample__3844.class,724,1449
internal/java$public_implementation_QMARK_.class,842,1448
antlr/CSharpCharFormatter.class,799,1448
util/fn$memoize_any$memoized_fn__6810.class,782,1447
internal/graph$basis_perform_add_nodes$fn__20105.class,780,1447
internal/node$apply_property_dependencies_to_outputs.class,761,1447
antlr/CppCharFormatter.class,816,1446
util/eduction$partition_all__3830.class,720,1446
internal/transaction$ctx_delete_nodes$fn__22372.class,851,1445
camel_snake_kebab$fn__4765.class,791,1445
internal/util$detect_deletions.class,727,1445
javax/vecmath/Vector2f.class,730,1445
util/eduction$keep_indexed__3795.class,719,1444
util/eduction$partition_by__3837.class,719,1444
internal/transaction$ctx_perform_clear_raw_property.class,718,1444
camel_snake_kebab$fn__4767.class,797,1443
util/eduction$take_while__3879.class,722,1443
icons/tabs/ic_breakpoints-white.png,1447,1442
util/bit_set$cardinality.class,730,1442
util/eduction$map_indexed__3809.class,719,1442
util/eduction$drop_while__3767.class,719,1441
com/googlecode/javaewah/datastructure/ImmutableBitSet$2.class,730,1440
internal/node$first_input_value_form.class,730,1440
_unpack/x86_64-linux/bin/lsp/lua/script/config/env.lua,509,1439
com/googlecode/javaewah/symmetric/RunningBitmapMerge$1.class,589,1439
dynamo/graph$delete_node_BANG_.class,771,1438
internal/util$first_index_where.class,724,1438
util/eduction$interpose__3781.class,714,1438
_unpack/x86_64-linux/bin/lsp/lua/meta/3rd/Cocos4.0/library/cc/PhysicsJointGroove.lua,362,1438
util/eduction$replace__3858.class,715,1437
javax/vecmath/Vector2d.class,714,1437
util/diff$make_diff_output_lines_impl$unmodified_line__33274.class,770,1437
_unpack/shared/lua-annotations/zlib.lua,580,1436
util/eduction$take_nth__3872.class,717,1436
internal/node$input_cardinality.class,789,1436
lua-annotations/zlib.lua,580,1436
util/num$eval16204$fn__16205.class,730,1435
util/eduction$remove__3851.class,714,1435
com/googlecode/javaewah32/IteratorUtil32$1.class,645,1435
util/num$eval16188$fn__16189.class,728,1434
internal/node$check_argument_errors$fn__21958.class,846,1433
internal/node$merge_property_dependencies$fn__21864$fn__21865.class,730,1433
antlr/NameSpace.class,820,1433
util/eduction$filter__3774.class,712,1433
util/num$eval16220$fn__16221.class,729,1433
util/eduction$mapcat__3816.class,711,1432
internal/java$combine_hashes.class,701,1432
doc/gamesys-model_ddf.proto_doc.sdoc,591,1432
dynamo/graph$raw_property_value_STAR___23445.class,731,1430
internal/graph$basis_perform_replace_override.class,752,1430
internal/node$input_value_form.class,726,1429
internal/graph$basis_revert_replace_override.class,749,1429
util/eduction$take__3865.class,710,1428
util/eduction$keep__3788.class,709,1428
org/json/simple/parser/Yytoken.class,810,1427
util/eduction$drop__3760.class,708,1426
internal/util$first_where.class,716,1426
util/eduction$map__3802.class,708,1426
antlr/JavaCharFormatter.class,784,1425
util/debug_util$inspect_impl$fn__18978.class,756,1424
internal/graph$eval19901$fn__19902.class,725,1423
_unpack/x86_64-linux/bin/lsp/lua/meta/3rd/Cocos4.0/library/cc/NavMesh.lua,430,1422
builtins/materials/model_skinned_instanced.vp,597,1422
dynamo/graph$initialize_BANG_$low_memory_callback_BANG___23655$fn__23658.class,837,1421
util/debug_util$when_metrics.class,740,1418
internal/util$deep_map$fn__6606.class,765,1417
antlr/TreeElement.class,742,1417
icons/64/Icons_05-Project-info.png,1422,1417
internal/transaction/InvalidateOutputTXC.class,664,1415
engine-profiler/remotery/vis/extern/BrowserLib/WindowManager/Code/WindowManager.js,596,1414
util/eduction$eval3839$fn__3840.class,717,1413
internal/util$map_vals.class,711,1413
dynamo/graph$node_instance_match.class,741,1411
dynamo/graph$raw_property_value_STAR_.class,775,1411
internal/cache$fn__19531.class,760,1411
util/eduction$eval3874$fn__3875.class,712,1410
potemkin/namespaces$import_vars$unravel__23059$fn__23060.class,761,1410
util/eduction$eval3825$fn__3826.class,711,1410
builtins/fonts/font.vp,437,1410
util/eduction$eval3832$fn__3833.class,711,1409
util/digest$make_digest_output_stream.class,724,1409
util/eduction$eval3790$fn__3791.class,710,1409
icons/64/Icons_30-Render.png,1414,1409
net/objecthunter/exp4j/ArrayStack.class,804,1408
util/eduction$eval3804$fn__3805.class,710,1408
util/eduction$eval3762$fn__3763.class,710,1408
util/eduction$eval3853$fn__3854.class,709,1407
internal/java$invoke_class_method.class,726,1407
util/eduction$eval3846$fn__3847.class,709,1406
util/eduction$eval3776$fn__3777.class,706,1406
internal/node$apply_property_dependencies_to_outputs$fn__21872$fn__21873.class,763,1406
internal/util$count_where$fn__6584.class,797,1406
util/eduction$eval3867$fn__3868.class,706,1405
dynamo/graph$delete_node.class,763,1405
dynamo/graph$invalidate.class,763,1405
com/cognitect/transit/impl/WriteHandlers$IntegerWriteHandler.class,551,1405
com/googlecode/javaewah/IteratorUtil$1.class,635,1405
_unpack/x86_64-linux/bin/lsp/lua/script/core/type-formatting.lua,453,1405
util/eduction$eval3769$fn__3770.class,708,1404
internal/node$all_subtree_dependencies.class,727,1404
util/eduction$eval3811$fn__3812.class,706,1403
internal/util$only_or_throw.class,812,1403
internal/node$description__GT_input_dependencies$fn__21646.class,753,1403
internal/transaction$node_id__GT_override_id.class,763,1403
dynamo/graph$node_instance_QMARK_.class,742,1402
util/eduction$eval3860$fn__3861.class,703,1401
util/eduction$eval3783$fn__3784.class,703,1401
internal/transaction$next_override_id.class,749,1401
util/digestable$digest_sequence_BANG_.class,697,1400
util/eduction$eval3797$fn__3798.class,703,1400
camel_snake_kebab$fn__4774$make_name__4805.class,734,1400
camel_snake_kebab$fn__4774$make_name__4783.class,734,1400
javax/xml/bind/PropertyException.class,568,1400
util/http_server$start_BANG_$reify__25160$fn__25162.class,780,1400
icons/64/Icons_11-Script-general.png,1405,1400
javax/ws/rs/core/Response$Status$Family.class,707,1400
util/eduction$eval3755$fn__3756.class,702,1399
util/fn$memoize_two$memoized_fn__6804.class,762,1399
_unpack/x86_64-linux/bin/lsp/lua/meta/3rd/Cocos4.0/library/cc/MenuItemLabel.lua,400,1399
util/coll$search_with_path$fn__4140.class,748,1398
_unpack/x86_64-linux/bin/lsp/lua/meta/3rd/Cocos4.0/library/cc/NavMeshObstacle.lua,390,1398
internal/node$macro_expression_QMARK_.class,815,1396
_unpack/x86_64-linux/bin/lsp/lua/script/core/diagnostics/need-check-nil.lua,505,1396
internal/system$system_cache.class,759,1396
util/http_server$fn__25140.class,750,1395
util/id_vec/IdVec$reify__44277.class,743,1394
internal/node$update_fn_maps.class,722,1393
internal/node$property_behavior.class,758,1393
dynamo/graph$paste$fn__23532.class,778,1392
util/crypto$secret_string.class,705,1392
search-in-files-dialog.fxml,570,1391
internal/graph$override_traverse_fn.class,753,1391
plumbing/fnk/schema$fn__20343$union_input_schemata__20348$fn__20349$fn__20354.class,772,1391
util/http_server$allowed_methods.class,811,1390
dynamo/graph$update_property_ec.class,685,1390
internal/cache$cache_encache.class,746,1389
net/jpountz/xxhash/XXHashJNI.class,695,1389
internal/transaction$next_node_id.class,744,1389
com/cognitect/transit/impl/WriteHandlers$BooleanWriteHandler.class,542,1388
dynamo/graph$flattened_tx_data.class,761,1388
dynamo/graph$log_evaluation_context_scope_violation_exception_BANG_$fn__23185.class,793,1387
_unpack/x86_64-linux/bin/lsp/lua/meta/3rd/Cocos4.0/library/cc/Repeat.lua,407,1386
internal/system$full_invalidation_since_QMARK_.class,730,1385
_unpack/x86_64-linux/bin/lsp/lua/meta/3rd/Cocos4.0/library/cc/TileMapAtlas.lua,411,1385
util/text_util$character_count.class,812,1384
local_extensions$fn__45489.class,694,1384
internal/transaction$ctx_perform_replace_override_root.class,684,1383
plumbing/core$interleave_all$fn__20966$helper__20967.class,736,1382
internal/transaction$ctx_revert_replace_override_root.class,681,1381
com/cognitect/transit/impl/URIImpl.class,647,1380
plumbing/fnk/impl$positional_fnk_form$fn__20787.class,790,1380
com/samskivert/mustache/Mustache$BlockSegment.class,633,1378
dynamo/graph$eval23440$fn__23441.class,708,1376
antlr/debug/ParserAdapter.class,494,1375
org/slf4j/Logger.class,494,1375
internal/paper_tape$fn__18725.class,704,1375
internal/low_memory$fn__18660.class,706,1375
_unpack/x86_64-linux/bin/lsp/lua/script/meta/bee/socket.lua,383,1375
org/jvnet/mimepull/MIMEParser$STATE.class,705,1374
icons/64/Icons_32-Vertex-shader.png,1377,1372
internal/node$has_property_QMARK_.class,756,1372
dynamo/graph$user_data_swap_BANG_$fn__23375.class,718,1370
util/http_server$fn__24948.class,704,1369
internal/transaction$disconnect.class,724,1369
_unpack/x86_64-linux/bin/lsp/lua/meta/default utf8/UnityEngine.CrashReportHandler.lua,492,1369
util/thread_util$fn__27061.class,700,1369
_unpack/x86_64-linux/bin/lsp/lua/script/meta/bee/select.lua,472,1369
internal/node$has_output_QMARK_.class,754,1368
builtins/manifests/ios/PrivacyInfo.xcprivacy,368,1368
builtins/manifests/osx/PrivacyInfo.xcprivacy,368,1368
dynamo/graph$node_property_overridden_QMARK_.class,758,1366
internal/node$has_input_QMARK_.class,754,1366
internal/transaction$ctx_perform_add_override.class,675,1366
camel_snake_kebab$fn__4774$fn__4807.class,745,1366
camel_snake_kebab$fn__4774$fn__4785.class,745,1366
internal/cache$cache_clear.class,748,1365
antlr/RecognitionException.class,655,1365
util/coll$reduce_partitioned$fn__4093.class,774,1364
util/digestable$fn__39816.class,700,1363
internal/transaction$connect.class,717,1363
internal/transaction$ctx_connect_arcs.class,732,1363
util/debug_util$fn__18906.class,700,1363
util/coll$sorted_assoc_in_empty_fn.class,765,1362
_unpack/x86_64-linux/bin/lsp/lua/meta/3rd/Cocos4.0/library/cc/PhysicsJointRatchet.lua,376,1362
internal/node/NodeTypeImpl$reify__21118.class,728,1361
internal/java$invoke_no_arg_class_method.class,711,1361
util/path$last_modified_ms.class,750,1360
internal/system/UndoState$reify__22929.class,715,1358
util/fn$ifn_class_max_arity_raw.class,749,1357
plumbing/fnk/impl$positional_arg_bind_syms_and_body$fn__20755.class,728,1357
internal/node/NodeTypeImpl$reify__21116.class,722,1357
internal/node/NodeTypeImpl$reify__21120.class,722,1356
util/coll$remove_index.class,718,1356
util/text_util$fn__4291.class,699,1356
internal/node/NodeTypeImpl$reify__21124.class,723,1356
internal/system/UndoState$reify__22931.class,719,1356
internal/util$map_diff$fn__6500.class,759,1355
internal/node/OverrideNode$reify__22076.class,716,1354
internal/node/NodeTypeImpl$reify__21114.class,721,1354
internal/node/OverrideNode$reify__22072.class,717,1354
antlr/debug/InputBufferEvent.class,726,1354
internal/node/OverrideNode$reify__22078.class,718,1353
internal/util$detect_and_apply_renames$fn__6695.class,696,1353
internal/node/ProtocolType$reify__21334.class,723,1353
internal/util$map__GT_sort_key.class,693,1353
internal/util$wrap_enum.class,752,1353
internal/node/OverrideNode$reify__22070.class,716,1352
engine-profiler/remotery/vis/extern/BrowserLib/Core/Code/Animation.js,553,1352
internal/node$trace_expr$fn__21039.class,733,1352
internal/node$gather_arguments_form$fn__22000.class,668,1352
dynamo/graph$make_node_BANG_.class,697,1352
util/profiler$fn__26811.class,697,1351
internal/system$fn__22921.class,697,1351
dynamo/graph$user_data_BANG_.class,719,1351
util/eduction$fn__3725.class,694,1350
internal/node/OverrideNode$reify__22074.class,715,1350
internal/node$desc_has_property_QMARK_.class,728,1350
internal/cache$hit_many_lru.class,731,1350
_unpack/x86_64-linux/bin/lsp/lua/meta/3rd/OpenResty/library/thread/exdata.lua,656,1349
util/crypto$encrypt_bytes.class,730,1349
internal/node/NodeTypeImpl$reify__21104.class,717,1349
dynamo/graph$node_property_dynamic$fn__23559.class,739,1348
internal/util$protocol_symbol_QMARK_.class,758,1348
meta_merge/core$fn__23816.class,695,1347
internal/node/NodeTypeImpl$reify__21108.class,715,1347
internal/node/SchemaType$reify__21288.class,722,1347
internal/node/NodeTypeImpl$reify__21110.class,715,1347
internal/system/UndoState$reify__22933.class,711,1347
internal/node$desc_has_output_QMARK_.class,725,1346
org/jvnet/mimepull/MIMEEvent$EVENT_TYPE.class,676,1346
internal/node/NodeTypeImpl$reify__21122.class,715,1345
internal/cache$fn__19415.class,697,1345
internal/graph$fn__19839.class,699,1345
internal/node/ProtocolType$reify__21338.class,716,1345
util/bit_set$fn__62997.class,700,1345
internal/node$desc_has_input_QMARK_.class,725,1344
com/cognitect/transit/impl/WriteHandlers$TaggedValueWriteHandler.class,503,1344
internal/node/NodeTypeImpl$reify__21112.class,714,1344
internal/node/ClassType$reify__21312.class,721,1344
util/defonce$fn__6720.class,696,1344
internal/node$transform_properties_plumbing_map$fn__21650.class,727,1344
plumbing/fnk/impl$schema_override.class,691,1343
internal/node/NodeTypeImpl$reify__21106.class,713,1343
plumbing/fnk/schema$fn__20307$split_schema_keys__20312$fn__20313.class,743,1343
internal/node/ProtocolType$reify__21336.class,714,1343
util/http_server$fn__25150.class,746,1342
com/samskivert/mustache/MustacheException.java,464,1341
util/diff$make_diff_output_lines_impl$inserted_line__33278.class,741,1341
internal/graph$arcs_for_node.class,736,1341
internal/node/ValueTypeRef$reify__21366.class,712,1340
util/digest$fn__16801.class,696,1339
util/id_vec$fn__44270.class,699,1339
internal/node/SchemaType$reify__21286.class,715,1339
util/murmur$fn__43650.class,696,1339
internal/node$fn__21033.class,693,1339
internal/node$transform_outputs_plumbing_map$fn__21654.class,723,1339
_unpack/x86_64-linux/bin/lsp/lua/meta/3rd/Cocos4.0/library/cc/FlipX3D.lua,352,1338
internal/java$fn__6729.class,692,1338
internal/node$fn__21774.class,785,1338
util/crypto$fn__6881.class,695,1338
antlr/LexerSharedInputState.class,643,1338
util/ensure$fn__6707.class,692,1338
util/eduction$distinct__3753.class,687,1337
internal/node/NodeImpl$reify__21416.class,714,1337
util/num$normalized__GT_unchecked_short__16314.class,717,1337
internal/node$transform_inputs_plumbing_map$fn__21658.class,722,1337
internal/node/NodeTypeRef$reify__21081.class,710,1337
org/jvnet/mimepull/WeakDataFile$1.class,720,1337
util/diff$make_diff_output_lines_impl$deleted_line__33276.class,739,1337
icons/64/Icons_42-Layers.png,1341,1336
net/jpountz/xxhash/XXHashConstants.class,653,1336
internal/node/NodeImpl$reify__21418.class,714,1336
internal/node$maybe_inject_intrinsics.class,731,1336
util/http_server$fn__25144.class,757,1335
internal/node/ClassType$reify__21310.class,711,1335
org/objectweb/asm/SymbolTable$Entry.class,580,1335
util/num$normalized__GT_unchecked_byte__16299.class,714,1334
util/num$normalized__GT_unchecked_long__16344.class,712,1334
internal/node$fnk_expression_QMARK_.class,780,1334
potemkin/namespaces$import_vars$unravel__23059.class,706,1334
_unpack/x86_64-linux/bin/lsp/lua/meta/3rd/Cocos4.0/library/ccs/ComAttribute.lua,289,1334
util/macro$fn__130970.class,696,1334
util/eduction$dedupe__3746.class,684,1333
internal/graph$basis_plan_add_override.class,687,1333
util/coll$last_index_of__4109.class,684,1333
util/array$fn__3613.class,693,1332
internal/transaction$perform_and_conj_change.class,704,1332
internal/system$replay_changes$fn__22989.class,710,1332
_unpack/x86_64-linux/bin/lsp/lua/meta/3rd/Cocos4.0/library/cc/ClippingRectangleNode.lua,390,1331
util/num$normalized__GT_unchecked_int__16329.class,711,1331
_unpack/x86_64-linux/bin/lsp/lua/meta/3rd/Cocos4.0/library/cc/LabelAtlas.lua,354,1331
_unpack/x86_64-linux/bin/lsp/lua/meta/3rd/bee/library/bee/epoll.lua,312,1329
internal/util$key_set.class,688,1329
util/repo$fn__130956.class,695,1328
util/time$fn__127329.class,695,1328
internal/node$annotations__GT_checked_arguments.class,680,1328
internal/node$has_flag_QMARK_.class,715,1327
_unpack/x86_64-linux/bin/lsp/lua/meta/3rd/Cocos4.0/library/cc/Skybox.lua,380,1327
util/diff$fn__33240.class,695,1327
util/coll$join_to_string.class,679,1327
util/path$fn__6909.class,693,1326
util/coll$fn__3883.class,691,1326
com/googlecode/javaewah/datastructure/BitSet$2.class,682,1326
util/diff$lines__GT_edit_end.class,764,1325
util/coll$merge_with$merged_value__4043.class,736,1325
_unpack/x86_64-linux/bin/lsp/lua/meta/3rd/Cocos4.0/library/cc/ProgressTo.lua,366,1325
antlr/debug/TraceEvent.class,731,1325
util/coll$index_of__4102.class,678,1324
util/fn$with_memoize_info.class,712,1324
antlr/ParseTreeRule.class,781,1323
util/coll$merge_with_kv$merged_value__4059.class,741,1322
com/cognitect/transit/impl/ReadHandlers$VerboseTimeReadHandler.class,614,1322
util/num$normalized__GT_unchecked_ushort__16321.class,706,1322
util/num$fn__16057.class,692,1321
editor/editor_extensions/coerce/RegexMatch,677,1321
internal/cache$cache_invalidate.class,725,1321
util/id_vec/IdVec$reify__44279.class,708,1321
util/net$fn__73503.class,692,1321
internal/util$wrap_protocol.class,733,1321
_unpack/x86_64-linux/bin/lsp/lua/script/provider/spell.lua,480,1321
icons/64/Icons_14-Sprite.png,1324,1319
com/cognitect/transit/impl/ReadHandlers$TimeReadHandler.class,660,1319
util/num$normalized__GT_unchecked_ubyte__16306.class,707,1319
plumbing/fnk/pfnk$fn__GT_fnk.class,739,1318
util/bit_set$of_capacity__inliner__63019.class,695,1317
util/digestable$fn__39891.class,723,1317
util/num$normalized__GT_short__16370.class,703,1317
util/num$normalized__GT_unchecked_uint__16336.class,704,1316
dynamo/graph$node_type.class,757,1315
internal/util$deep_keep_kv.class,642,1315
internal/node$error_substituted_array_input_value$fn__21954.class,748,1315
util/coll$aggregate_into$lookup_fn__4117.class,730,1314
util/num$normalized__GT_byte__16352.class,702,1314
util/fn$fn__6764.class,690,1314
util/fn$memoize_one$memoized_fn__6798.class,709,1313
util/path$attributes.class,710,1313
internal/util$deep_map_kv.class,644,1313
cljs/core/async/impl/dispatch.cljs,625,1312
_unpack/x86_64-linux/bin/lsp/lua/meta/default utf8/UnityEngine.Serialization.lua,345,1312
dynamo/graph$cache_output_values_BANG_.class,755,1311
util/num$normalized__GT_int__16388.class,701,1311
internal/system$maybe_undo.class,699,1311
internal/node$error_checked_array_input_value$fn__21944.class,743,1311
internal/transaction$ctx_disconnect_arcs.class,708,1310
service/smoke_log$smoke_log.class,748,1310
net/jpountz/lz4/LZ4JNI.class,647,1310
internal/cache$cache_hit.class,718,1310
antlr/LLkGrammarAnalyzer.class,463,1310
editor/defold_project/ProjectResourceListener,635,1310
_unpack/x86_64-linux/bin/lsp/lua/meta/3rd/Cocos4.0/library/cc/ControlSaturationBrightnessPicker.lua,282,1310
plumbing/fnk/schema$fn__20343$union_input_schemata__20348$fn__20349.class,619,1309
util/eduction$eval3748$fn__3749.class,684,1309
util/text_util$search_string_numeric_QMARK_.class,784,1307
plumbing/fnk/schema$fn__20493$split_schema__20498$fn__20499.class,731,1307
_unpack/x86_64-linux/bin/lsp/lua/meta/template/bit.lua,235,1307
util/eduction$eval3741$fn__3742.class,682,1307
util/path$create_symlink_BANG_.class,701,1307
internal/graph$lift_source_arcs$fn__19959$fn__19963$fn__19964.class,756,1307
util/coll$first_index_where$fn__4221.class,738,1307
dynamo/graph$node_exists_QMARK_.class,716,1306
internal/node$fn__21100$__GT_NodeTypeImpl__21145.class,585,1306
util/http_server$start_BANG_$reify__25160$fn$reify__25170$fn__25171$fn__25178.class,731,1306
internal/java$fn__6734.class,745,1305
dynamo/graph$override_QMARK_.class,703,1304
internal/transaction$realize_populate_overrides$fn__22415.class,692,1304
util/text_util$line_info_coll.class,699,1304
util/eduction$cat__3736.class,671,1303
internal/java$fn__6731.class,745,1303
util/num$normalized__GT_ushort__16380.class,697,1302
util/path$elements.class,760,1302
util/id_vec$iv_conj.class,769,1302
util/coll$ptree.class,728,1301
internal/transaction$ctx_revert_add_override.class,662,1301
util/num$ushort__GT_double__16170.class,695,1301
antlr/debug/ParserTokenEvent.class,680,1300
util/digestable$digest_map_BANG_$put_key_in_array_BANG___39863.class,704,1300
internal/util$maybe_expand_macros.class,787,1300
util/num$ubyte__GT_double__16163.class,694,1299
util/num$ushort__GT_float__16149.class,693,1299
internal/java$invoke_no_arg_constructor.class,697,1299
util/num$normalized__GT_ubyte__16362.class,695,1299
dynamo/graph$graph_value.class,716,1298
antlr/collections/impl/IndexedVector.class,646,1298
util/num$ubyte__GT_float__16142.class,694,1297
util/num$uint__GT_double__16177.class,692,1297
internal/node$declared_properties.class,664,1297
antlr/debug/SemanticPredicateEvent.class,679,1297
util/num$unchecked_ushort__16071.class,685,1296
util/num$unchecked_ubyte__16064.class,688,1296
util/num$normalized__GT_uint__16398.class,694,1296
util/num$uint__GT_float__16156.class,691,1295
util/num$unchecked_uint__16078.class,684,1293
internal/graph$override_node_id_table_exclude.class,735,1293
_unpack/x86_64-linux/bin/lsp/lua/meta/3rd/Cocos4.0/library/cc/SplitCols.lua,386,1293
dynamo/graph$set_properties.class,655,1292
dynamo/graph$invalidate_outputs_BANG_.class,736,1292
potemkin/macros.clj,522,1292
util/coll$eval4104$fn__4105.class,671,1292
antlr/debug/misc/ASTFrame$MyTreeSelectionListener.class,689,1291
com/cognitect/transit/impl/WriteHandlers$LinkWriteHandler.class,508,1291
internal/graph$empty_graph.class,681,1291
_unpack/x86_64-linux/bin/lsp/lua/meta/3rd/Cocos4.0/library/cc/NodeGrid.lua,390,1290
scene/images/2d-mode.svg,607,1290
_unpack/x86_64-linux/bin/lsp/lua/meta/3rd/Cocos4.0/library/ccui/RichElementCustomNode.lua,359,1289
util/coll$eval4097$fn__4098.class,668,1288
util/num$eval16308$fn__16309.class,706,1288
internal/graph$arc_table__GT_pkid_vector.class,748,1287
util/num$eval16338$fn__16339.class,703,1286
com/cognitect/transit/impl/ReadHandlers$RatioReadHandler.class,547,1286
util/num$eval16293$fn__16294.class,705,1286
util/coll$mapcat_indexed.class,695,1285
util/coll$primitive_vector_type.class,765,1284
util/num$eval16323$fn__16324.class,702,1284
util/coll$unanimous_value$fn__4236.class,725,1283
dynamo/graph$override_originals.class,689,1282
internal/node$should_def_fn_QMARK_.class,714,1281
util/diff$histogram_diff_strings.class,666,1280
util/eduction$eval3731$fn__3732.class,669,1280
dynamo/graph$set_properties_BANG_.class,661,1280
internal/node$attach_property_behaviors.class,670,1280
doc/dmsdk-graphics-graphics_opengl.h_doc.sdoc,378,1280
dynamo/graph$override_original.class,687,1278
util/num$eval16364$fn__16365.class,698,1278
javax/vecmath/Color4f.class,678,1278
antlr/TokenStreamBasicFilter.class,656,1278
util/num$eval16346$fn__16347.class,695,1276
antlr/DumpASTVisitor.class,776,1276
plumbing/fnk/impl$positional_arg_bind_syms_and_body.class,660,1275
util/fn$call_logger_calls.class,717,1275
util/num$eval16382$fn__16383.class,697,1274
_unpack/x86_64-linux/bin/lsp/lua/meta/LuaJIT zh-cn utf8/bit.lua,206,1273
_unpack/x86_64-linux/bin/lsp/lua/meta/Lua 5.4 zh-cn utf8/bit.lua,206,1273
util/text_util$lines__GT_text_matches.class,669,1272
internal/transaction/InvalidateTXC.class,610,1272
util/num$eval16316$fn__16317.class,695,1272
internal/graph$update_successors.class,649,1272
org/nibor/autolink/LinkExtractor$2.class,558,1272
internal/transaction$override.class,683,1271
util/num$eval16301$fn__16302.class,696,1270
icons/64/Icons_06-Game-object.png,1275,1270
util/coll$vals$reify__3906.class,636,1269
util/coll$keys$reify__3901.class,636,1269
_unpack/x86_64-linux/bin/lsp/lua/meta/3rd/Cocos4.0/library/cc/BillBoard.lua,453,1269
util/macro$conform_gensym_BANG_.class,680,1268
util/num$eval16331$fn__16332.class,693,1268
internal/util$fnk_arguments.class,704,1267
com/cognitect/transit/impl/JsonParser$1.class,703,1267
internal/system$update_cache_from_evaluation_context$invalidated_during_node_value_QMARK___23026.class,677,1267
internal/node$attach_output_behaviors.class,663,1266
plumbing/fnk/impl$assert_unschematized.class,740,1265
util/num$eval16165$fn__16166.class,689,1265
internal/graph$dependencies$fn__20063$make_task_BANG___20064$fn__20065.class,626,1265
util/num$eval16158$fn__16159.class,688,1264
internal/util$seq_starts_with_QMARK_.class,729,1264
internal/node$attach_input_behaviors.class,664,1264
util/num$eval16144$fn__16145.class,690,1264
internal/java$combine_comparisons.class,656,1264
util/num$eval16137$fn__16138.class,690,1263
util/num$eval16172$fn__16173.class,687,1263
util/thread_util$swap_rest_BANG_.class,615,1263
util/fn$ifn_class_arities_raw$fn__6813.class,759,1263
util/num$eval16372$fn__16373.class,690,1262
util/num$eval16151$fn__16152.class,687,1262
util/num$eval16059$fn__16060.class,684,1262
org/slf4j/helpers/BasicMDCAdapter$1.class,573,1262
util/num$eval16066$fn__16067.class,682,1261
org/objectweb/asm/MethodTooLargeException.class,643,1261
plumbing/fnk/pfnk$output_schema.class,727,1260
internal/graph$basis_revert_add_override.class,651,1260
util/num$eval16073$fn__16074.class,682,1260
util/num$eval16354$fn__16355.class,687,1260
_unpack/x86_64-linux/bin/lsp/lua/meta/3rd/Cocos4.0/library/cc/Physics3DObject.lua,355,1260
_unpack/x86_64-linux/bin/lsp/lua/meta/3rd/Cocos4.0/library/cc/MenuItemToggle.lua,344,1260
_unpack/x86_64-linux/bin/lsp/lua/meta/3rd/Cocos4.0/library/cc/SplitRows.lua,377,1259
util/num$eval16390$fn__16391.class,686,1258
plumbing/fnk/pfnk$input_schema.class,724,1258
dynamo/graph$node_override_QMARK_.class,737,1258
camel_snake_kebab$capitalize_http_header.class,728,1258
dynamo/graph$overrides.class,682,1258
internal/node$localize.class,640,1258
javax/ws/rs/ext/Providers.class,346,1258
util/fn$partial.class,642,1257
dynamo/graph$take_node_ids.class,714,1257
util/http_server$url.class,706,1256
meta_merge/core$top_displace_QMARK_.class,696,1256
javax/vecmath/Point2f.class,615,1256
util/thread_util$swap_rest_BANG_$fn__27072.class,680,1255
org/jvnet/mimepull/MIMEEvent.class,574,1254
internal/node$cached_outputs_impl_raw$fn__21151.class,733,1254
javax/vecmath/Point2d.class,606,1253
_unpack/x86_64-linux/bin/lsp/lua/meta/template/package.lua,410,1252
com/cognitect/transit/impl/ReadHandlers$IntegerReadHandler.class,608,1252
internal/node$dollar_name.class,658,1252
engine-profiler/remotery/vis/Code/SampleGlobals.js,284,1251
_unpack/x86_64-linux/bin/lsp/lua/meta/3rd/Cocos4.0/library/cc/TransitionScene.lua,400,1251
engine-profiler/remotery/vis/Code/NameMap.js,416,1249
com/cognitect/transit/impl/ReadHandlers$SpecialNumberReadHandler.class,624,1249
internal/node$ordinary_property_labels.class,699,1249
doc/dmsdk-gamesys-resources-res_data.h_doc.sdoc,551,1249
org/slf4j/helpers/NOPMDCAdapter.class,520,1249
meta_merge/core$displace_QMARK_.class,689,1248
antlr/WildcardElement.class,656,1248
com/cognitect/transit/impl/ReaderFactory$1.class,529,1248
_unpack/x86_64-linux/bin/lsp/lua/meta/3rd/Cocos4.0/library/ccs/InnerActionFrame.lua,260,1248
util/coll$fn__3954.class,719,1246
util/coll$fn__3960.class,720,1246
meta_merge/core$replace_QMARK_.class,687,1246
internal/node$jammable_output_labels$fn__21218.class,727,1245
util/coll$fn__3957.class,722,1245
util/coll$fn__3951.class,718,1245
_unpack/x86_64-linux/bin/lsp/lua/meta/3rd/Cocos4.0/library/cc/CardinalSplineTo.lua,423,1244
util/http_client$request$fn__8276$fn__8279.class,709,1244
internal/graph$override_originals.class,694,1243
internal/node$node_type_deref_defaults_raw$fn__21396.class,729,1243
internal/node$cached_outputs.class,718,1243
internal/node$abstract_output_labels$fn__21211.class,727,1243
com/samskivert/mustache/DefaultCollector$2.class,545,1242
internal/node$annotations__GT_checked_arguments$fn__21965.class,704,1241
util/coll$aggregate_into$fn__4124.class,696,1240
dynamo/graph$endpoint_invalidated_pred$endpoint_invalidated_QMARK___23204.class,657,1238
util/fn$memoize_details$limited_assoc__6791.class,718,1236
internal/node$group_node_type_forms.class,686,1235
internal/system$override_id_generator.class,678,1235
antlr/ActionElement.class,685,1235
_unpack/x86_64-linux/bin/lsp/lua/script/SDBMHash.lua,499,1235
icons/64/Icons_10-Collisiongroup.png,1240,1235
icons/64/Icons_26-AT-Sound.png,1239,1234
internal/node$property_schema__GT_declared_schema.class,678,1233
internal/graph$arc_table_arcs.class,715,1233
util/text_util$lf__GT_crlf.class,696,1233
internal/node$fn__21716.class,702,1232
templates/template.gui_script,370,1232
internal/java$fn__6737.class,724,1231
util/coll$vals.class,669,1231
util/coll$keys.class,666,1231
internal/node$fn__21710.class,702,1231
dynamo/graph$callback_ec.class,646,1230
util/path$set_last_modified_ms_BANG_.class,655,1230
internal/util$detect_and_apply_renames.class,615,1230
internal/node$fn__21704.class,702,1230
internal/node$desc_input_substitute.class,658,1229
dynamo/graph$copy$serializer__23508.class,669,1229
_unpack/x86_64-linux/bin/lsp/lua/meta/3rd/Cocos4.0/library/ccs/Timeline.lua,291,1229
plumbing/fnk/schema$fn__20284$explicit_schema_key_map__20289$fn__20290.class,675,1228
_unpack/x86_64-linux/bin/lsp/lua/meta/3rd/Cocos4.0/library/cc/Grid3D.lua,388,1228
antlr/CharLiteralElement.class,683,1228
internal/system$node_id_generator.class,673,1227
util/coll$first_index_where.class,671,1226
internal/node$declared_properties_function_form$iter__22041__22045.class,606,1225
merge.fxml,446,1224
net/jpountz/xxhash/StreamingXXHash32.class,653,1224
net/jpountz/xxhash/StreamingXXHash64.class,654,1224
internal/util$parse_number.class,681,1224
dynamo/graph$deserialize_arc.class,668,1223
javax/ws/rs/ext/MessageBodyWriter.class,378,1220
_unpack/x86_64-linux/bin/lsp/lua/meta/3rd/OpenResty/library/resty/memcached.lua,291,1219
internal/util$parse_int.class,682,1219
util/coll$find_values.class,659,1218
_unpack/x86_64-linux/bin/lsp/lua/meta/3rd/Cocos4.0/library/cc/Application.lua,454,1218
com/googlecode/javaewah32/symmetric/UpdateableBitmapFunction32$1.class,496,1218
dynamo/graph$expand_ec.class,643,1217
util/fn$ifn_class_arities_raw.class,678,1217
antlr/CommonToken.class,609,1217
_unpack/x86_64-linux/bin/lsp/lua/meta/3rd/Cocos4.0/library/ccs/Skin.lua,352,1216
_unpack/x86_64-linux/bin/lsp/lua/meta/3rd/Cocos4.0/library/cc/RepeatForever.lua,325,1216
com/cognitect/transit/TransitFactory$Format.class,593,1216
antlr/NoViableAltForCharException.class,660,1214
internal/graph$find_arc_pkids_by_endpoint$fn__20082.class,680,1213
internal/system$assoc_user_data.class,616,1213
util/digestable$fn__39887.class,625,1213
util/murmur$hash32__43657.class,658,1212
dynamo/graph$tx_nodes_added.class,673,1212
util/murmur$hash64__43664.class,658,1212
internal/node$desc_has_multivalued_input_QMARK_.class,668,1212
util/coll$map_vals_kv.class,661,1211
internal/transaction$mark_nodes_outputs_activated$fn__22321$fn__22322.class,681,1210
internal/util$quoted_var_QMARK_.class,712,1209
util/coll$reduce_kv_EQ__GT_.class,581,1209
dynamo/graph$transaction_basis.class,668,1209
internal/node$desc_has_explicit_output_QMARK_.class,663,1208
plumbing/fnk/schema$schema_key.class,679,1207
com/samskivert/mustache/DefaultCollector$3.class,531,1207
util/path$fn__6981.class,675,1207
util/coll$reduce_kv__GT_.class,576,1206
util/path$move_BANG_.class,657,1205
util/path$directory_QMARK_.class,703,1205
internal/paper_tape$make_limiter.class,692,1204
com/cognitect/transit/impl/ReadHandlers$LinkReadHandler.class,501,1204
_unpack/x86_64-linux/bin/lsp/lua/meta/3rd/Cocos4.0/library/cc/EventController.lua,336,1204
util/coll$reduce_EQ__GT_.class,578,1203
internal/system$basis.class,660,1203
_unpack/x86_64-linux/bin/lsp/lua/meta/default utf8/UnityEngine.SearchService.lua,368,1203
util/path$file_QMARK_.class,701,1202
builtins/materials/model_skinned.vp,472,1202
util/coll$map_vals.class,653,1202
internal/node$property_dynamics$iter__22017__22021.class,601,1201
util/coll$reduce__GT_.class,572,1200
util/fn$make_call_logger$fn__6866.class,654,1200
util/coll$empty_with_meta.class,697,1200
util/http_server$fn__25079.class,702,1199
icons/64/Icons_22-Model.png,1203,1198
internal/transaction$mark_all_outputs_activated$fn__22317.class,677,1198
dynamo/graph$undo_stack_count.class,672,1198
util/http_server$json_response$fn__25113.class,679,1197
javax/vecmath/Color3f.class,642,1197
util/path$exists_QMARK_.class,697,1197
internal/util$group_into$fn__6472.class,620,1197
local_extensions$fn__45503$fn__45504.class,685,1196
internal/node$fn__21035.class,711,1196
internal/graph$lift_source_arcs$fn__19959$fn__19963.class,608,1196
dynamo/graph$copy$fn__23519.class,707,1195
dynamo/graph$input_traverse.class,663,1195
internal/transaction$mark_outputs_activated$fn__22310.class,676,1194
_unpack/x86_64-linux/bin/lsp/lua/meta/3rd/Cocos4.0/library/cc/ActionFloat.lua,365,1194
internal/graph$find_arc_pkids_by_endpoint.class,613,1192
internal/transaction$mark_input_activated$fn__22305.class,673,1192
internal/node$property_has_default_getter_QMARK_.class,648,1189
util/coll$filterv__GT_.class,588,1189
util/bit_set$empty_seq_or_bit_set_QMARK_.class,709,1188
util/murmur$eval43659$fn__43660.class,656,1187
util/murmur$eval43652$fn__43653.class,655,1187
_unpack/x86_64-linux/bin/lsp/lua/meta/3rd/Cocos4.0/library/cc/LayerMultiplex.lua,435,1187
antlr/ANTLRStringBuffer.class,688,1186
builtins/manifests/ios/LaunchScreen.storyboardc/01J-lp-oVM-view-Ze5-6b-2t3.nib,744,1186
_unpack/x86_64-linux/bin/lsp/lua/meta/3rd/OpenResty/library/resty/core/base.lua,377,1185
internal/node$invert_map.class,660,1185
_unpack/x86_64-linux/bin/lsp/lua/meta/3rd/Cocos4.0/library/cc/Technique.lua,413,1184
internal/node$type_QMARK_.class,675,1184
internal/transaction$realize_make_override_nodes.class,584,1184
internal/graph$basis_revert_clear_raw_property.class,657,1184
dynamo/graph$make_evaluation_context.class,626,1184
icons/64/Icons_34-Gamepad.png,1189,1184
util/crypto$random_bytes.class,687,1183
com/googlecode/javaewah32/FastAggregation32$2.class,534,1183
internal/graph$basis_perform_set_raw_property.class,654,1183
doc/dmsdk-dlib-time.h_doc.sdoc,401,1183
internal/node$ref_QMARK_.class,674,1182
internal/graph$basis_revert_set_raw_property.class,653,1182
cljs/core/async/interop.cljs,579,1182
com/googlecode/javaewah32/FastAggregation32$1.class,534,1182
com/googlecode/javaewah32/FastAggregation32$8.class,537,1181
com/googlecode/javaewah/symmetric/UpdateableBitmapFunction$1.class,491,1180
internal/util$deep_keep_kv_helper$fn__6642.class,636,1180
com/googlecode/javaewah32/FastAggregation32$3.class,537,1180
_unpack/x86_64-linux/bin/lsp/lua/meta/3rd/OpenResty/library/cjson/safe.lua,468,1179
internal/util$pfnk_QMARK_.class,665,1179
util/http_server$router_handler.class,641,1178
internal/util$deep_map_kv_helper$fn__6622.class,641,1178
net/jpountz/xxhash/StreamingXXHash32$1.class,629,1178
util/digestable$digest_array_BANG_.class,595,1178
_unpack/x86_64-linux/bin/lsp/lua/meta/3rd/luassert/library/luassert/mock.lua,354,1178
util/coll$mapv__GT_.class,584,1177
dynamo/graph$node_by_id.class,632,1176
internal/cache$update_basic_cache.class,654,1176
internal/node$wrap_constant_fns$fn__21835.class,635,1176
com/googlecode/javaewah32/FastAggregation32$5.class,518,1176
internal/util$pfnk_form_QMARK_.class,694,1176
dynamo/graph$override_predecessors$fn__23483.class,708,1175
plumbing/core$aconcat$fn__20917.class,701,1175
com/googlecode/javaewah32/FastAggregation32$4.class,515,1175
doc/dmsdk-dlib-trig_lookup.h_doc.sdoc,377,1175
internal/graph$make_override.class,657,1174
com/cognitect/transit/impl/ReadHandlers$UUIDReadHandler.class,589,1174
dynamo/graph$forget_logged_evaluation_context_scope_violations_BANG_.class,674,1173
org/nibor/autolink/internal/SpanImpl.class,605,1172
_unpack/x86_64-linux/bin/lsp/lua/meta/3rd/skynet/library/skynet/db/mysql.lua,399,1170
javax/xml/bind/annotation/XmlAccessType.class,613,1169
util/coll$search_with_path$fn__4145.class,645,1168
dynamo/graph$cancel_BANG_.class,643,1168
_unpack/x86_64-linux/bin/lsp/lua/meta/3rd/luv/library/uv_fs_poll_t.lua,469,1167
dynamo/graph$clone_system.class,650,1166
dynamo/graph$update_cache_from_evaluation_context_BANG_.class,646,1166
dynamo/graph$non_undoable.class,614,1165
antlr/RuleSymbol.class,598,1165
_unpack/x86_64-linux/bin/lsp/lua/script/core/diagnostics/close-non-object.lua,378,1164
_unpack/x86_64-linux/bin/lsp/lua/meta/3rd/luv/library/uv_tty_t.lua,573,1162
internal/graph$pkid_vector__GT_arc_table.class,698,1160
_unpack/x86_64-linux/bin/lsp/lua/meta/3rd/skynet/library/skynet/habor.lua,604,1160
internal/graph$explicit_arcs_by_target.class,614,1159
javax/ws/rs/core/UriInfo.class,431,1159
internal/graph$explicit_arcs_by_source.class,611,1159
_unpack/x86_64-linux/bin/lsp/lua/meta/3rd/Cocos4.0/library/ccs/Frame.lua,312,1159
util/array$from_type$fn__3713.class,655,1158
net/jpountz/xxhash/StreamingXXHash64$1.class,605,1158
_unpack/x86_64-linux/bin/lsp/lua/meta/3rd/Cocos4.0/library/ccs/SkeletonNode.lua,387,1157
antlr/StringUtils.class,612,1156
util/array$of_type$fn__3698.class,653,1156
builtins/materials/model_instanced.vp,508,1156
internal/transaction$successor_changes$fn__22343.class,612,1155
_unpack/x86_64-linux/bin/lsp/lua/meta/3rd/skynet/library/skynet/profile.lua,634,1155
internal/system$undo_stack_revision.class,682,1154
internal/util$protocol_QMARK_.class,659,1154
com/cognitect/transit/impl/Emitter.class,394,1153
util/array$from$fn__3708.class,650,1153
util/digestable$fn__39907.class,584,1152
util/array$of$fn__3686.class,648,1151
dynamo/graph$initialize_BANG_.class,643,1150
internal/system$endpoint_invalidated_since_QMARK_.class,633,1150
_unpack/x86_64-linux/bin/lsp/lua/meta/3rd/Cocos4.0/library/cc/PhysicsShapeEdgeSegment.lua,373,1150
_unpack/x86_64-linux/bin/lsp/lua/meta/3rd/Cocos4.0/library/cc/EventAssetsManagerEx.lua,297,1150
_unpack/x86_64-linux/bin/lsp/lua/meta/3rd/OpenResty/library/jit.lua,543,1149
internal/node$join_display_groups.class,666,1149
_unpack/x86_64-linux/bin/lsp/lua/meta/default utf8/System.Runtime.Hosting.lua,280,1149
internal/java$load_class_BANG_.class,644,1149
internal/graph$invalidate_graph_successors.class,608,1148
scene/images/grid.svg,200,1147
com/cognitect/transit/impl/WriteHandlers$ToStringWriteHandler.class,500,1147
util/debug_util$release_build_QMARK_.class,678,1147
icons/64/Icons_07-Factory.png,1152,1147
plumbing/core$grouped_map$fn__20912.class,640,1146
_unpack/x86_64-linux/bin/lsp/lua/meta/3rd/Cocos4.0/library/cc/ActionInterval.lua,346,1146
com/googlecode/javaewah32/FastAggregation32$7.class,522,1145
internal/low_memory$find_tenured_generation_pool$fn__18670.class,660,1144
_unpack/x86_64-linux/bin/lsp/lua/meta/3rd/Cocos4.0/library/cc/TintBy.lua,349,1144
com/googlecode/javaewah32/FastAggregation32$6.class,521,1144
util/digestable$fn__39895.class,593,1143
internal/system$user_data.class,598,1143
util/array$fn__3616.class,680,1142
util/eduction$mapcat_indexed.class,628,1141
com/googlecode/javaewah/FastAggregation$10.class,530,1141
util/id_vec$iv_update_ids$fn__44323.class,684,1141
com/googlecode/javaewah/FastAggregation$2.class,527,1141
util/digestable$fn__39903.class,591,1141
internal/util$make_dedupe_fn$dedupe_fn__6681.class,674,1140
com/googlecode/javaewah/FastAggregation$1.class,525,1140
internal/graph$basis_plan_delete_nodes$fn__20209.class,693,1140
internal/graph$connected_QMARK_.class,562,1139
antlr/NoViableAltException.class,650,1139
util/eduction$fn__3727.class,674,1138
luajc$InputFile.class,629,1138
com/googlecode/javaewah/FastAggregation$4.class,526,1138
com/googlecode/javaewah/FastAggregation$9.class,541,1138
util/coll$str_rf.class,596,1137
com/googlecode/javaewah/FastAggregation$3.class,539,1137
util/path$create_directories_BANG_.class,638,1137
util/fn$fn__6775.class,668,1136
_unpack/x86_64-linux/bin/lsp/lua/script/core/diagnostics/undefined-env-child.lua,444,1136
javax/xml/bind/annotation/adapters/HexBinaryAdapter.class,533,1136
com/googlecode/javaewah/FastAggregation$6.class,510,1134
util/digestable$fn__39901.class,586,1134
internal/cache$miss_many_base.class,627,1134
util/coll$default_assoc_in_empty_fn.class,642,1134
util/path$create_directory_BANG_.class,637,1133
internal/node$fn__21794.class,654,1133
com/googlecode/javaewah/FastAggregation$5.class,509,1133
util/crypto$cipher.class,654,1132
_unpack/x86_64-linux/bin/lsp/lua/meta/default utf8/UnityEngine.Subsystems.lua,252,1132
internal/transaction$invalidate_output.class,627,1131
util/path$same_QMARK_.class,654,1131
antlr/preprocessor/Option.class,526,1130
dynamo/graph$user_data_merge_BANG_.class,638,1130
internal/node$make_override_node.class,628,1130
engine-profiler/remotery/vis/Code/PixelTimeRange.js,336,1129
internal/transaction$realize_populate_overrides$already_traversed_QMARK___22425$fn__22426.class,638,1129
internal/transaction$clear_property.class,626,1127
editor/editor_extensions/runtime/EditorExtensionsRuntime,558,1126
_unpack/x86_64-linux/bin/lsp/lua/meta/3rd/Cocos4.0/library/cc/Sprite3DMaterial.lua,379,1126
org/jvnet/mimepull/DataFile.class,627,1126
antlr/debug/Tracer.class,582,1125
internal/graph$basis_plan_delete_nodes$fn__20215.class,631,1124
_unpack/x86_64-linux/bin/lsp/lua/script/core/diagnostics/unbalanced-assignments.lua,434,1123
_unpack/x86_64-linux/bin/lsp/lua/meta/3rd/Cocos4.0/library/ccui/RadioButton.lua,385,1122
icons/32/Icons_49-Collision-object.png,1125,1120
util/eduction$partition_all.class,622,1119
internal/graph$arc_table_dissoc_pkids.class,614,1119
internal/graph$connected_QMARK_$fn__20072.class,675,1119
icons/32/Icons_53-Url.png,967,1117
util/text_util$line_infos__GT_text_matches.class,572,1116
service/log$error.class,602,1116
_unpack/x86_64-linux/bin/lsp/lua/meta/3rd/Cocos4.0/library/cc/RotateBy.lua,278,1116
dynamo/graph$has_undo_QMARK_.class,631,1116
service/log$trace.class,604,1116
util/debug_util$inspect_impl$fn__18975.class,617,1116
service/log$debug.class,602,1116
dynamo/graph$has_redo_QMARK_.class,633,1116
plumbing/core$sum.class,591,1115
org/jvnet/mimepull/MIMEParser$1.class,620,1115
camel_snake_kebab$fn__4747.class,649,1115
cljs/core/async/macros.clj,556,1115
service/log$info.class,602,1114
service/log$warn.class,602,1114
internal/util$apply_deltas.class,597,1114
antlr/Alternative.class,620,1113
util/text_util$crlf__GT_lf.class,632,1113
util/http_server$fn__25033.class,658,1112
_unpack/x86_64-linux/bin/lsp/lua/meta/3rd/Cocos4.0/library/cc/Scheduler.lua,473,1112
org/jvnet/mimepull/MIMEMessage$1.class,608,1111
util/http_server$fn__25017.class,657,1110
util/path$posix_file_permissions.class,628,1109
javax/vecmath/Color4b.class,612,1109
internal/node$display_group_QMARK_.class,656,1109
_unpack/x86_64-linux/bin/lsp/lua/script/core/diagnostics/global-in-nil-env.lua,375,1108
internal/transaction$realize_make_override_nodes$fn__22405$fn__22409.class,619,1108
_unpack/x86_64-linux/bin/lsp/lua/meta/3rd/Cocos4.0/library/cc/TransitionFadeTR.lua,392,1108
potemkin/PersistentMapProxy$1.class,593,1107
com/googlecode/javaewah/FastAggregation$8.class,513,1107
javax/xml/bind/ModuleUtil.class,529,1107
util/debug_util$decimal_string.class,596,1106
internal/util$keyword__GT_label.class,631,1106
com/samskivert/mustache/BasicCollector$1.class,575,1106
com/googlecode/javaewah/FastAggregation$7.class,513,1106
dynamo/graph$user_data.class,592,1106
internal/node$fn__22066$map__GT_OverrideNode__22113.class,624,1106
util/debug_util$inspect_impl$fn__18983.class,611,1105
internal/system$fn__22925$map__GT_UndoState__22948.class,617,1105
dynamo/graph$reset_undo_BANG_.class,620,1105
util/http_server$fn__25049.class,655,1104
plumbing/core$interleave_all$fn__20966$helper__20967$fn__20968.class,617,1104
_unpack/x86_64-linux/bin/lsp/lua/meta/3rd/Cocos4.0/library/cc/JumpBy.lua,350,1104
util/fn$fn__6766.class,659,1102
antlr/debug/MessageEvent.class,607,1102
internal/node$fn__21330$map__GT_ProtocolType__21353.class,623,1102
internal/node$fn__21362$map__GT_ValueTypeRef__21379.class,622,1102
internal/node$fn__21100$map__GT_NodeTypeImpl__21147.class,619,1102
plumbing/core$defnk$take_if__21027.class,623,1101
dynamo/graph$form_references_evaluation_context_QMARK_.class,614,1101
internal/paper_tape$fn__18737.class,650,1101
internal/paper_tape$fn__18797.class,650,1101
util/http_server$fn__25001.class,652,1101
dynamo/graph$undo_BANG_.class,616,1100
dynamo/graph$redo_BANG_.class,617,1100
util/http_server$fn__24969.class,655,1100
util/diff$insert_nop_edits$fn__33262.class,657,1100
util/fn$fn__6769.class,657,1100
_unpack/x86_64-linux/bin/lsp/lua/meta/3rd/luv/library/uv_idle_t.lua,467,1100
internal/graph$basis_perform_update_graph_value.class,608,1099
util/http_server$fn__24953.class,653,1099
internal/node$fn__21077$map__GT_NodeTypeRef__21094.class,618,1099
_unpack/x86_64-linux/bin/lsp/lua/meta/3rd/Cocos4.0/library/cc/ScaleTo.lua,264,1098
engine-profiler/remotery/vis/Code/ThreadFrame.js,376,1098
util/eduction$cons.class,612,1098
util/http_server$make_status_response.class,601,1098
internal/paper_tape$fn__18813.class,647,1097
util/array$of_floats$fn__3704.class,621,1096
plumbing/core$interleave_all$fn__20966.class,612,1096
internal/node$fn__21282$map__GT_SchemaType__21302.class,623,1096
org/objectweb/asm/Context.class,527,1096
internal/system$merge_user_data.class,588,1095
util/http_server$path_content_type.class,620,1094
util/array$of_type_impl$fn__3672.class,620,1094
internal/util$update_paths$fn__6576.class,620,1094
dynamo/graph$update_property.class,541,1094
internal/util$distinct_by.class,591,1094
internal/transaction$transfer_overrides.class,619,1094
_unpack/x86_64-linux/bin/lsp/lua/meta/3rd/Cocos4.0/library/cc/CameraBackgroundColorBrush.lua,318,1094
util/fn$memoize_late_bound$memoized_fn__6834$fn__6838$throwing_lower_order_fn__6839.class,645,1093
icons/64/Icons_28-AT-Font.png,1098,1093
internal/util$deep_keep$fn__6630.class,611,1093
antlr/TokenStreamRewriteEngine$RewriteOperation.class,591,1093
util/http_server$fn__24985.class,650,1093
internal/node$fn__21306$map__GT_ClassType__21326.class,619,1093
internal/graph$arcs_by_source$fn__20008.class,571,1092
internal/util$deep_map$fn__6611.class,615,1091
org/slf4j/helpers/FormattingTuple.class,531,1091
plumbing/fnk/schema$fn__20493$split_schema__20498$fn__20499$iter__20500__20504$fn__20505$fn__20506$iter__20507__20511.class,551,1091
dynamo/graph$fnk$fn__23253.class,624,1091
util/digestable$fn__39820.class,640,1091
internal/node$fn__21412$map__GT_NodeImpl__21433.class,618,1091
properties.dtd,594,1088
util/http_server$error.class,601,1088
_unpack/x86_64-linux/bin/lsp/lua/meta/3rd/Defold/library/html5.lua,548,1088
net/objecthunter/exp4j/Expression$1.class,549,1088
icons/32/Icons_31-Material.png,1093,1088
dynamo/graph$predecessors.class,567,1087
_unpack/x86_64-linux/bin/lsp/lua/meta/3rd/Cocos4.0/library/cc/PhysicsJointGear.lua,356,1087
com/samskivert/mustache/DefaultCollector$1.class,539,1085
com/cognitect/transit/impl/WriteHandlers$BinaryWriteHandler.class,475,1085
util/path$symlink_target.class,637,1085
util/fn$make_case_fn.class,633,1085
_unpack/x86_64-linux/bin/lsp/lua/meta/3rd/Cocos4.0/library/ccui/CheckBox.lua,382,1085
internal/graph$basis_perform_add_override.class,598,1085
plumbing/fnk/schema$fn__20343$union_input_schemata__20348$fn__20349$fn__20350.class,644,1084
util/coll$merge_with_kv$fn__4065.class,625,1084
internal/system$merge_user_data$fn__23039$fn__23040.class,592,1084
dynamo/graph$serialize_arc.class,607,1083
util/digestable$fn__39893.class,599,1083
internal/transaction$sequence_label.class,603,1083
_unpack/x86_64-linux/bin/lsp/lua/meta/3rd/luv/library/uv_async_t.lua,489,1083
util/coll$merge_with$fn__4047.class,625,1081
_unpack/x86_64-linux/bin/lsp/lua/meta/3rd/luv/library/luv_dir_t.lua,425,1081
internal/low_memory$remove_callback_BANG_$fn__18682.class,596,1080
plumbing/core$unchunk.class,608,1079
internal/node$merge_display_order$fn__21529.class,648,1079
internal/util$into_multiple$fn__6653.class,584,1079
_unpack/x86_64-linux/bin/lsp/lua/script/brave/log.lua,417,1079
internal/cache$fn__19429.class,644,1078
javax/xml/bind/annotation/XmlNsForm.class,553,1077
util/id_vec$fn__44273$map__GT_IdVec__44293.class,614,1077
_unpack/x86_64-linux/bin/lsp/lua/meta/3rd/Cocos4.0/library/ccui/LayoutParameter.lua,319,1076
internal/node$pruned_evaluation_context$fn__21448.class,632,1075
util/coll$preserving_reduced$fn__4200.class,646,1074
util/coll$transform__GT_$fn__3964.class,595,1074
internal/transaction$delete_node.class,602,1074
plumbing/fnk/pfnk$fn__20633.class,640,1073
javax/xml/bind/annotation/XmlAccessOrder.class,549,1073
_unpack/x86_64-linux/bin/lsp/lua/meta/3rd/Cocos4.0/library/ccui/LinearLayoutParameter.lua,315,1072
plumbing/fnk/schema$fn__20493$split_schema__20498$fn__20499$iter__20500__20504$fn__20505$iter__20530__20534.class,545,1071
_unpack/x86_64-linux/bin/lsp/lua/meta/3rd/Cocos4.0/library/cc/ShaderCache.lua,321,1071
javax/ws/rs/core/Variant$VariantListBuilder.class,487,1071
util/fn$multi_responds_QMARK_.class,593,1070
internal/graph$arc_endpoints_p.class,648,1070
org/nibor/autolink/LinkExtractor$1.class,517,1070
internal/transaction$invalidate.class,597,1069
_unpack/x86_64-linux/bin/lsp/lua/LICENSE,649,1069
dynamo/graph$tx_data_added_nodes.class,605,1069
javax/ws/rs/core/MediaType$1.class,531,1069
dynamo/graph$restore_overridden_properties$iter__23595__23599.class,565,1069
util/digestable$ignored_key_QMARK_.class,636,1068
antlr/actions/python/ActionLexerTokenTypes.class,509,1068
internal/node$fn__21245.class,645,1068
javax/xml/bind/ContextFinder$1.class,488,1067
antlr/TokenQueue.class,665,1067
plumbing/fnk/impl$process_schematized_map$fn__20693.class,635,1066
internal/util$apply_if_fn.class,602,1066
util/text_util$text_char_QMARK_.class,659,1066
internal/paper_tape$make_limiter$fn__18839.class,631,1065
_unpack/x86_64-linux/bin/lsp/lua/meta/3rd/Cocos4.0/library/ccs/ActionScaleFrame.lua,275,1065
internal/node$fn__21072.class,640,1065
_unpack/x86_64-linux/bin/lsp/lua/script/core/diagnostics/code-after-break.lua,435,1064
dynamo/graph$tx_data_added_arcs.class,604,1064
_unpack/x86_64-linux/bin/lsp/lua/meta/3rd/bee/LICENSE,626,1064
_unpack/x86_64-linux/bin/lsp/lua/meta/default utf8/System.Runtime.ExceptionServices.lua,253,1063
_unpack/x86_64-linux/bin/lsp/lua/meta/3rd/Cocos4.0/library/cc/Device.lua,427,1062
internal/graph$arcs_by_source$fn__20004.class,551,1062
util/coll$merge_with_kv$fn__4070.class,589,1061
internal/node$fn__21065.class,637,1061
internal/node$desc_has_singlevalued_input_QMARK_.class,609,1060
internal/graph$lift_source_arc$fn__19943.class,563,1060
project.clj,477,1060
internal/system$remove_deleted_user_data.class,577,1060
internal/node$property_statics.class,557,1060
internal/node$fn__21049.class,639,1060
dynamo/graph$tx_data_step_types.class,600,1059
_unpack/x86_64-linux/bin/lsp/lua/meta/3rd/Cocos4.0/library/cc/TransitionSplitCols.lua,370,1059
_unpack/x86_64-linux/bin/lsp/lua/meta/3rd/luv/library/uv_fs_event_t.lua,402,1058
_unpack/x86_64-linux/bin/lsp/lua/meta/default utf8/UnityEngine.Accessibility.lua,426,1058
util/coll$separate_by$fn__4112.class,630,1057
util/coll$separate_by$fn__4114.class,629,1057
internal/paper_tape$fn__18827$__GT_PaperTape__18836.class,548,1057
util/fn$as_late_bound_fn.class,622,1057
util/digestable$fn__39873$digest_simple_value_BANG___39874.class,581,1057
util/eduction$random_sample.class,586,1057
internal/transaction$label.class,593,1057
util/coll$path_map__GT_nested_map$fn__4192.class,601,1056
util/id_vec$xform_entries.class,562,1056
util/digest$fn__16818$fn__16819.class,528,1056
internal/transaction$realize_transfer_overrides$fn__22526.class,578,1056
com/cognitect/transit/impl/MsgpackParser$1.class,606,1055
util/coll$merge_with$fn__4054.class,582,1055
internal/graph$find_connected_arc_pkids$fn__20094.class,577,1055
internal/graph$override_node_id_table_next_pkid.class,630,1055
internal/graph$add_node.class,580,1053
com/googlecode/javaewah/datastructure/ImmutableBitSet$3.class,547,1053
util/path$fn__6943.class,637,1052
util/eduction$partition_by.class,581,1052
util/eduction$keep_indexed.class,579,1052
builtins/manifests/android/dmengine.keep,498,1052
util/eduction$take_while.class,582,1051
com/cognitect/transit/impl/ReadHandlers$BooleanReadHandler.class,494,1051
com/cognitect/transit/impl/WriteHandlers$QuoteAbstractEmitter.class,480,1051
internal/util$vgr.class,610,1051
dynamo/graph$form_references_evaluation_context_QMARK_$fn__23408.class,623,1050
service/log$log_expr$fn__7187.class,629,1050
util/eduction$map_indexed.class,579,1050
internal/system$set_undo.class,579,1050
doc/dmsdk-gamesys-resources-res_light.h_doc.sdoc,442,1050
_unpack/x86_64-linux/bin/lsp/lua/script/core/diagnostics/codestyle-check.lua,384,1049
util/eduction$drop_while.class,581,1049
internal/java$combine_hashes$fn__6759.class,603,1049
plumbing/fnk/impl$any_schema_QMARK_.class,617,1048
antlr/SynPredBlock.class,552,1048
util/coll$removing_update_in.class,574,1048
_unpack/x86_64-linux/bin/lsp/lua/script/plugins/ffi/cdefRerence.lua,413,1048
com/cognitect/transit/impl/AbstractWriteHandler.class,429,1047
internal/transaction$disconnect_sources.class,576,1047
util/eduction$interpose.class,576,1046
com/googlecode/javaewah/datastructure/ImmutableBitSet$1.class,545,1046
util/digestable$fn__39899.class,607,1046
internal/cache$fn__19541.class,570,1045
antlr/collections/impl/ASTEnumerator.class,578,1045
internal/util$collify.class,631,1045
util/eduction$replace.class,580,1045
internal/transaction$mark_arc_targets_activated$fn__22313.class,603,1045
doc/dmsdk-dlib-align.h_doc.sdoc,397,1045
util/eduction$take_nth.class,578,1044
com/cognitect/transit/impl/ReadHandlers$KeywordReadHandler.class,476,1044
internal/transaction$realize_add_nodes$fn__22651.class,570,1044
_unpack/x86_64-linux/bin/lsp/lua/meta/3rd/Cocos4.0/library/cc/MenuItemImage.lua,303,1044
_unpack/x86_64-linux/bin/lsp/lua/script/core/diagnostics/undefined-global.lua,502,1044
util/eduction$remove.class,578,1043
icons/32/Icons_08-Collection-factory.png,1047,1042
util/eduction$filter.class,577,1041
plumbing/core$grouped_map.class,568,1040
_unpack/x86_64-linux/bin/lsp/lua/meta/3rd/Cocos4.0/library/cc/TintTo.lua,317,1040
com/samskivert/mustache/Mustache$StringSegment.class,481,1040
riddley/Util.class,464,1040
com/cognitect/transit/impl/Constants.class,587,1040
internal/node$nil__GT_cached_nil.class,601,1040
util/eduction$mapcat.class,576,1040
_unpack/x86_64-linux/bin/lsp/lua/script/meta/bee/thread.lua,314,1040
com/cognitect/transit/impl/AbstractParser$1.class,545,1039
antlr/actions/csharp/ActionLexerTokenTypes.class,499,1039
com/cognitect/transit/impl/ReadHandlers$SymbolReadHandler.class,474,1039
dynamo/graph$override_predecessors$fn__23486$fn__23487.class,603,1038
util/array$nth_boolean.class,614,1037
_unpack/x86_64-linux/bin/lsp/lua/meta/3rd/Cocos4.0/library/cc/RotateTo.lua,279,1037
antlr/actions/java/ActionLexerTokenTypes.class,493,1037
util/eduction$keep.class,572,1036
javax/vecmath/Color3b.class,576,1036
antlr/actions/cpp/ActionLexerTokenTypes.class,495,1036
util/eduction$take.class,573,1036
internal/node$cached_nil__GT_nil.class,599,1036
com/cognitect/transit/impl/ReadHandlers$CharacterReadHandler.class,482,1036
internal/util$pfnkvar_QMARK_.class,613,1035
util/fn$fn__6772.class,622,1035
local_extensions$inject_jvm_properties.class,566,1035
util/eduction$map.class,569,1034
util/eduction$cat.class,569,1034
internal/graph$lift_source_arcs$fn__19959$fn__19967.class,545,1034
com/cognitect/transit/impl/ReadHandlers$BinaryReadHandler.class,505,1034
_unpack/x86_64-linux/bin/lsp/lua/meta/3rd/Cocos4.0/library/cc/EventListener.lua,385,1034
util/eduction$drop.class,571,1034
util/coll$sorted_key_set.class,589,1033
internal/node$type_compatible_QMARK_$fn__21475.class,593,1032
internal/graph$arc_table_assoc_pkids.class,544,1032
_unpack/x86_64-linux/bin/lsp/lua/meta/default utf8/UnityEngine.Sprites.lua,261,1030
internal/graph$invalidate_all_successors.class,556,1030
antlr/debug/misc/JTreeASTPanel.class,580,1030
internal/transaction$realize_populate_overrides$already_traversed_QMARK___22425.class,561,1029
_unpack/x86_64-linux/bin/lsp/lua/meta/3rd/Cocos4.0/library/cc/PhysicsJointRotaryLimit.lua,280,1029
internal/node$unregister_type.class,568,1028
internal/node$attach_input_dependencies.class,557,1028
util/coll$search$fn__4132.class,588,1027
antlr/ZeroOrMoreBlock.class,553,1027
util/digest$sha256_hex_QMARK_.class,647,1026
org/nibor/autolink/LinkType.class,551,1026
util/digest$sha1_hex_QMARK_.class,644,1024
dynamo/graph$tx_data_added_node_ids.class,571,1024
dynamo/graph$undo_stack_revision.class,574,1023
_unpack/x86_64-linux/bin/lsp/lua/script/core/diagnostics/unused-vararg.lua,397,1023
antlr/OneOrMoreBlock.class,552,1023
util/eduction$distinct.class,564,1022
util/path$fn__6967.class,585,1022
plumbing/core$distinct_by.class,581,1022
internal/node$named__GT_value_type_ref.class,615,1021
icons/64/Icons_45-Collistionshape-convex-Sphere.png,1026,1021
plumbing/core$safe_get_in.class,593,1020
plumbing/fnk/pfnk$input_schema_keys.class,591,1020
util/path$reroot.class,549,1019
plumbing/fnk/impl$positional_fnk_form$fn__20789.class,603,1019
util/eduction$dedupe.class,561,1018
dynamo/graph$defnode$fn__23304.class,588,1017
internal/node$merge_property_dependencies.class,556,1017
internal/graph$lift_target_arcs$fn__19979$fn__19980.class,594,1017
internal/node$without.class,557,1017
icons/32/Icons_19-ParicleFX-Modifier.png,1022,1017
util/id_vec$iv_into$fn__44298.class,605,1016
util/digestable$digest_set_BANG_.class,510,1016
_unpack/x86_64-linux/bin/lsp/lua/meta/3rd/Cocos4.0/library/cc/Console.lua,402,1016
goto-line.fxml,426,1015
util/digestable$node_id_key_QMARK_.class,592,1015
internal/util$detect_deletions$fn__6691.class,614,1013
icons/32/Icons_43-Tilesource-Collgroup.png,1018,1013
internal/node$maybe_inject_intrinsics$fn__21684.class,606,1012
_unpack/x86_64-linux/bin/lsp/lua/meta/3rd/Cocos4.0/library/cc/JumpTo.lua,325,1011
util/coll$fn__4240$fn__4241.class,608,1010
util/id_vec$iv_vals.class,570,1010
antlr/CharQueue.class,647,1010
dynamo/graph$set_properties$fn__23352.class,584,1010
_unpack/x86_64-linux/bin/lsp/lua/meta/3rd/Cocos4.0/library/cc/PhysicsContactPreSolve.lua,288,1009
util/coll$partition_all_float_arrays$fn__4077.class,586,1008
util/id_vec$iv_ids.class,570,1008
antlr/CommonAST.class,535,1008
internal/cache$fn__19539.class,581,1008
util/path$create_parent_directories_BANG_.class,622,1007
internal/node$maybe_macroexpand.class,607,1007
internal/node$ordered_property_setter_infos.class,593,1007
internal/node$pruned_evaluation_context$fn__21446.class,585,1007
plumbing/fnk/schema$fn__20493$split_schema__20498$fn__20499$iter__20500__20504.class,527,1005
util/coll$comparable_value_QMARK_.class,606,1005
com/samskivert/mustache/Template$Key.class,545,1005
dynamo/graph$make_override_traverse_fn.class,568,1005
_unpack/x86_64-linux/bin/lsp/lua/meta/default utf8/System.Runtime.DesignerServices.lua,264,1005
internal/util$stackify.class,595,1004
org/projectodd/shimdandy/impl/ClojureRuntimeShimImpl$1.class,484,1004
util/time$try_parse_instant.class,615,1003
util/http_server$redirect.class,560,1003
util/num$normalized__GT_unchecked_int.class,634,1003
util/id_vec$iv_map_vals$fn__44312.class,589,1003
util/digestable$node_id_entry_QMARK_.class,582,1003
util/num$normalized__GT_unchecked_short.class,634,1003
util/debug_util$gc_overhead_ns.class,596,1003
_unpack/x86_64-linux/bin/lsp/lua/meta/3rd/Cocos4.0/library/cc/EaseRateAction.lua,336,1003
_unpack/shared/luajit/jit/zone.lua,420,1002
plumbing/fnk/schema$fn__20237.class,566,1002
com/cognitect/transit/impl/ReadHandlers$BigIntegerReadHandler.class,464,1001
internal/transaction$disconnect_sources$iter__22835__22839.class,530,1000
util/num$normalized__GT_unchecked_byte.class,627,999
icons/32/Icons_25-AT-Image.png,1004,999
com/googlecode/javaewah/datastructure/BitSet$3.class,540,999
internal/graph$arcs_by_target$fn__19995.class,563,999
util/debug_util$if_metrics.class,560,997
util/bit_set$with_set_indices_BANG_$fn__63011.class,585,997
internal/node$unregister_value_type.class,548,996
antlr/build/StreamScarfer.class,594,996
util/fn$single_limited_assoc.class,552,995
internal/util$map_first$fn__6494.class,586,994
internal/util$pfnksymbol_QMARK_.class,595,994
org/jvnet/mimepull/DataHead$ReadOnceStream.class,548,994
com/cognitect/transit/impl/ReadHandlers$URIReadHandler.class,454,994
_unpack/x86_64-linux/bin/lsp/lua/script/core/diagnostics/redefined-local.lua,388,994
_unpack/x86_64-linux/bin/lsp/lua/meta/3rd/Cocos4.0/library/cc/PhysicsShapeBox.lua,422,993
util/coll$some$fn__4224.class,610,993
icons/64/Icons_36-Texture.png,998,993
com/googlecode/javaewah/datastructure/BitSet$1.class,531,992
internal/util$into_multiple$fn__6664.class,569,991
icons/32/Icons_23-Cubemap.png,996,991
internal/cache$cache_QMARK_.class,552,991
internal/system$bump_invalidate_counters.class,527,989
util/num$normalized__GT_unchecked_long.class,617,988
icons/32/Icons_54-Hash.png,699,987
internal/util$distinct_by$step__6458$fn__6459.class,531,986
_unpack/x86_64-linux/bin/lsp/lua/meta/3rd/Cocos4.0/library/cc/ReuseGrid.lua,328,986
icons/32/Icons_27-AT-Mesh.png,991,986
com/samskivert/mustache/Template$Segment.class,502,985
com/cognitect/transit/impl/ReadHandlers$DoubleReadHandler.class,451,985
util/digestable$digest_byte_array_BANG___39883.class,556,984
util/num$normalized__GT_int.class,626,984
util/num$normalized__GT_short.class,626,984
_unpack/x86_64-linux/bin/lsp/lua/meta/3rd/Cocos4.0/library/cc/FadeTo.lua,344,984
util/digest$completed_stream__GT_hex.class,578,982
internal/transaction$conj_change.class,574,982
internal/graph$cascade_delete_sources$fn__20016.class,593,981
util/array$nth_char.class,572,980
internal/node$node_type_deref_QMARK_.class,550,980
util/num$normalized__GT_byte.class,617,980
_unpack/x86_64-linux/bin/lsp/lua/meta/3rd/Cocos4.0/library/cc/ActionCamera.lua,276,980
util/http_server$start_BANG_$reify__25160$fn__25164.class,597,979
dynamo/graph$predecessors$fn__23480.class,587,979
dynamo/graph$restore_overridden_properties$iter__23595__23599$fn__23600$fn__23601$iter__23602__23606.class,519,979
internal/graph$lift_target_arcs.class,515,979
icons/64/Icons_41-GUI-Pie-node.png,983,978
internal/node$value_type_QMARK_.class,550,978
javax/ws/rs/ext/FactoryFinder$1.class,509,978
util/coll$search$fn__4134.class,557,977
_unpack/x86_64-linux/bin/lsp/lua/meta/3rd/bee/library/bee/platform.lua,324,977
plumbing/fnk/impl$positional_info.class,553,976
_unpack/x86_64-linux/bin/lsp/lua/meta/3rd/Cocos4.0/library/cc/CameraBackgroundDepthBrush.lua,286,976
util/path$compare.class,547,976
util/array$nth_double.class,568,976
camel_snake_kebab$fn__4750.class,542,976
engine-profiler/remotery/vis/Code/Shaders/Window.glsl,243,975
util/array$nth_int.class,570,975
util/array$nth_long.class,560,974
util/array$nth_short.class,566,973
util/array$nth_float.class,565,973
internal/paper_tape$fn__18751.class,544,972
internal/paper_tape$fn__18800.class,547,972
internal/paper_tape$fn__18762.class,544,972
internal/paper_tape$fn__18784.class,544,972
internal/paper_tape$fn__18773.class,545,972
javax/xml/bind/ValidationException.class,393,972
internal/paper_tape$fn__18816.class,542,972
internal/paper_tape$fn__18740.class,544,972
util/array$nth_byte.class,569,970
_unpack/x86_64-linux/bin/lsp/lua/script/core/diagnostics/doc-field-no-class.lua,361,970
_unpack/x86_64-linux/bin/lsp/lua/script/core/diagnostics/duplicate-doc-param.lua,363,970
icons/64/Icons_46-Collistionshape-convex-Cylinder.png,725,970
javax/xml/bind/UnmarshalException.class,396,969
util/num$normalized__GT_long.class,609,969
icons/32/Icons_30-Render.png,974,969
doc/dmsdk-dlib-static_assert.h_doc.sdoc,489,968
internal/transaction$fn__22677$__GT_DeleteNodesTXC__22679.class,508,968
util/num$short_range__GT_normalized.class,610,967
internal/util$schema_QMARK_.class,543,967
antlr/ParseTree.class,551,967
plumbing/core$unchunk$fn__20921.class,574,967
util/http_server$fn__25052.class,545,965
util/http_server$fn__25020.class,543,965
util/num$int_range__GT_normalized.class,607,965
util/http_server$fn__25004.class,546,965
util/http_server$fn__25036.class,544,965
internal/node$defaults.class,568,965
util/num$byte_range__GT_normalized.class,605,964
internal/transaction$non_undoable.class,551,964
antlr/ASTIterator.class,574,964
util/http_server$fn__24956.class,544,964
util/http_server$fn__24972.class,545,963
javax/xml/bind/MarshalException.class,392,963
util/http_server$fn__24988.class,545,963
internal/node$validate_property_values_impl$fn__21496.class,511,963
internal/graph$override_node_id_table_include$fn__19846.class,537,963
util/coll$update_vals_kv$fn__4012.class,529,962
util/coll$update_vals_kv$fn__4008.class,533,962
internal/util$guard$fn__6536.class,576,961
internal/transaction$fn__22762$__GT_ReplaceArcTXC__22764.class,486,961
_unpack/x86_64-linux/bin/lsp/lua/meta/3rd/Cocos4.0/library/cc/Skeleton3D.lua,299,961
util/thread_util$preset_BANG_.class,530,961
util/digest$fn__16818.class,563,960
internal/transaction$fn__22237.class,549,960
dynamo/graph$restore_overridden_properties$iter__23595__23599$fn__23600$iter__23625__23629.class,518,959
plumbing/core$indexed.class,532,959
builtins/fonts/font-df-singlelayer.fp,335,959
util/array$nth_object.class,537,958
internal/transaction$fn__22235.class,547,958
util/coll$partition_all_primitives$fn__4085.class,565,957
util/array$array_QMARK_.class,599,957
util/num$normalized__GT_short_double.class,607,957
util/num$long_range__GT_normalized.class,602,957
util/digestable$fn__39823.class,542,956
internal/transaction$ctx_perform_replace_arc.class,497,956
util/num$normalized__GT_byte_double.class,602,956
internal/node$node_type_name_QMARK_.class,584,956
util/num$normalized__GT_int_double.class,605,955
internal/node$update_fn_maps$fn__21818.class,538,955
internal/transaction$ctx_revert_replace_arc.class,496,955
internal/node$jammable_output_labels.class,528,954
internal/transaction$fn__22695$__GT_OverrideTXS__22697.class,492,954
internal/node$abstract_output_labels.class,528,954
util/text_util$string__GT_text_match.class,568,953
internal/transaction$new_txid.class,564,953
util/digest$make_digest_input_stream.class,539,952
org/objectweb/asm/ClassTooLargeException.class,534,952
_unpack/x86_64-linux/bin/lsp/lua/script/core/diagnostics/name-style-check.lua,351,951
icons/32/Icons_17-ParticleFX.png,956,951
plumbing/core$singleton.class,588,950
internal/cache$evict_many_base$will_change__19524.class,598,950
javax/ws/rs/ext/MessageBodyReader.class,349,950
_unpack/x86_64-linux/bin/lsp/lua/meta/3rd/Cocos4.0/library/cc/PhysicsShapeEdgeBox.lua,419,950
plumbing/fnk/schema$fn__20373$required_toplevel_keys__20378$fn__20379.class,517,949
internal/graph$dependencies$fn__20063$make_task_BANG___20064.class,512,949
util/coll$every_QMARK_$fn__4230.class,578,948
internal/util$first_rf.class,499,948
internal/node$into_map.class,570,948
util/num$normalized__GT_long_double.class,598,947
plumbing/fnk/pfnk$fn__20636.class,541,946
dynamo/graph$tree_trace_seq.class,528,946
internal/node$into_set.class,570,946
internal/transaction$ctx_perform_delete_nodes.class,507,946
internal/util$conjv.class,569,945
diff.fxml,409,945
com/cognitect/transit/impl/WriteHandlers$NullWriteHandler.class,425,945
internal/util$into_multiple$fn__6649.class,581,945
util/text_util$readable__GT_line_infos$fn__4323.class,552,944
util/pkid_vector$find_pkids_by_value.class,535,942
camel_snake_kebab$fn__4774$convert_case_STAR___4803.class,496,942
camel_snake_kebab$fn__4774$convert_case_STAR___4781.class,494,942
util/digestable$named_QMARK_.class,583,941
TestScript/TestDdf$DefaultValueOrBuilder.class,429,941
_unpack/x86_64-linux/bin/lsp/lua/meta/3rd/Cocos4.0/library/cc/TransitionSlideInL.lua,330,941
util/path$starts_with_QMARK_.class,567,940
util/id_vec$iv_added_id.class,565,940
_unpack/x86_64-linux/bin/lsp/lua/meta/3rd/Cocos4.0/library/cc/PhysicsJointDistance.lua,309,940
_unpack/x86_64-linux/bin/lsp/lua/meta/template/jit.lua,355,939
_unpack/x86_64-linux/bin/lsp/lua/meta/3rd/Cocos4.0/library/cc/FadeOutUpTiles.lua,337,939
internal/node$transform_properties_plumbing_map.class,525,938
internal/node$error_substituted_array_input_value$fn__21952.class,550,938
internal/transaction$fn__22713$__GT_UpdatePropertyTXS__22715.class,485,938
internal/cache$fn__19475.class,541,937
internal/cache$fn__19499.class,539,937
_unpack/x86_64-linux/bin/lsp/lua/script/core/find-source.lua,353,937
internal/cache$fn__19432.class,539,937
internal/cache$fn__19486.class,539,937
internal/cache$fn__19460.class,540,937
internal/cache$fn__19445.class,539,937
_unpack/x86_64-linux/bin/lsp/lua/script/core/diagnostics/spell-check.lua,343,937
icons/32/Icons_38-GUI.png,942,937
icons/32/Icons_50-Display-profiles.png,942,937
util/path$ends_with_QMARK_.class,566,936
internal/transaction$fn__22459$__GT_RepointOverrideNodeTXC__22461.class,480,934
internal/node$error_checked_array_input_value$fn__21942.class,547,934
dynamo/graph$callback.class,503,933
util/text_util$includes_re_pattern_QMARK_.class,570,933
builtins/materials/model.vp,380,933
net/objecthunter/exp4j/ValidationResult.class,498,933
internal/node$fn__21270.class,543,932
internal/node$fn__21259.class,542,932
internal/node$fn__21248.class,540,932
util/debug_util$print_stack_trace_BANG_$print_fn__18920.class,530,930
internal/node$fn__21052.class,540,930
internal/node$transform_outputs_plumbing_map.class,523,930
_unpack/x86_64-linux/bin/lsp/lua/meta/default utf8/System.Diagnostics.Contracts.Internal.lua,252,930
icons/32/Icons_05-Project-info.png,934,929
cljs/core/async/interop.clj,520,928
internal/node$transform_inputs_plumbing_map.class,521,927
util/http_server$port.class,550,927
com/cognitect/transit/impl/Parser.class,295,926
icons/32/Icons_13-Atlas.png,931,926
util/coll$first_where$fn__4218.class,563,925
util/digestable$sha1s__GT_unordered_sha1_hex$fn__39910.class,570,925
util/debug_util$classpath.class,528,925
internal/node$merge_property_dependencies$fn__21864$fn__21865$fn__21866.class,542,925
_unpack/x86_64-linux/bin/lsp/lua/meta/3rd/Cocos4.0/library/cc/TransitionSceneOriented.lua,302,925
plumbing/core$distinct_by$iter__20944__20948.class,506,924
internal/graph$basis_perform_delete_nodes$fn__20222.class,537,924
internal/graph$node_id__GT_arcs.class,530,924
_unpack/x86_64-linux/bin/lsp/lua/meta/3rd/Cocos4.0/library/cc/TransitionTurnOffTiles.lua,341,924
dynamo/graph$update_graph_value.class,513,923
internal/graph$basis_revert_delete_nodes$fn__20228.class,536,923
_unpack/x86_64-linux/bin/lsp/lua/meta/3rd/Cocos4.0/library/cc/MoveBy.lua,268,923
plumbing/core$aconcat.class,498,922
internal/graph$basis_perform_add_nodes$fn__20107.class,540,921
internal/graph$basis_revert_add_nodes$fn__20113.class,536,920
com/samskivert/mustache/Template$Context.class,499,919
util/thread_util$thread_uninterrupted_predicate$thread_uninterrupted_QMARK___27065.class,557,919
dynamo/graph$expand.class,497,919
plumbing/core$_unless_update$fn__20804.class,524,917
com/cognitect/transit/TransitFactory$1.class,519,917
antlr/GrammarElement.class,518,917
plumbing/fnk/schema$possibly_contains_QMARK_.class,553,916
builtins/materials/model_skinned.material,348,916
util/repo$detect_engine_sha1__130961$fn__130963.class,551,914
util/http_server$local_url.class,507,913
internal/util$distinct_by$fn__6454.class,530,913
dynamo/graph$tx_data_QMARK_$fn__23231.class,561,913
internal/system$clear_undo.class,487,912
icons/64/Icons_37-Texture-profile.png,720,912
internal/node$invert_map$iter__21611__21617$fn__21618$iter__21613__21622.class,490,912
plumbing/core$distinct_fast$fn__20941.class,571,909
editor/editor_extensions/coerce/Failure,501,909
internal/node$remove_annotations$fn__21846.class,522,909
icons/32/Icons_37-Texture-profile.png,914,909
internal/util$map_keys.class,492,908
_unpack/x86_64-linux/bin/lsp/lua/meta/3rd/Cocos4.0/library/cc/Blink.lua,301,908
antlr/debug/InputBufferReporter.class,427,908
util/bit_set$into$reduce_fn__63051.class,529,907
internal/util$class_symbol_QMARK_.class,558,907
_unpack/x86_64-linux/bin/lsp/lua/meta/3rd/Cocos4.0/library/cc/DirectionLight.lua,275,907
internal/graph$successors.class,496,906
icons/32/Icons_18-ParticleFX-emitter.png,911,906
util/coll$list_or_cons_QMARK_.class,571,906
editor/editor_extensions/coerce/RegexFailure,498,905
_unpack/x86_64-linux/bin/lsp/lua/script/core/diagnostics/unknown-diag-code.lua,336,905
util/path$fn__6946.class,531,905
_unpack/x86_64-linux/bin/lsp/lua/meta/Lua 5.4 zh-cn utf8/jit.lua,331,905
_unpack/x86_64-linux/bin/lsp/lua/meta/LuaJIT zh-cn utf8/jit.lua,331,905
plumbing/core$interleave_all.class,519,904
internal/node$fn__22066$__GT_OverrideNode__22111.class,477,904
org/jvnet/mimepull/CleanUpExecutorFactory.class,522,904
_unpack/x86_64-linux/bin/lsp/lua/meta/3rd/Cocos4.0/library/ccs/ComExtensionData.lua,250,904
org/objectweb/asm/CurrentFrame.class,464,904
util/num$normalized__GT_unchecked_ubyte.class,559,903
icons/32/Icons_48-Tilemap.png,908,903
util/coll$pmapv$fn__4266.class,578,903
builtins/materials/model.material,341,900
util/http_server$start_BANG_$reify__25160$fn$reify__25170$fn__25171$fn__25173.class,523,900
internal/util$project.class,511,899
internal/cache$fn__19578$__GT_RetainingLRUCache__19595.class,474,899
_unpack/x86_64-linux/bin/lsp/lua/script/core/rangeformatting.lua,343,898
internal/transaction$fn__22540$__GT_SetRawPropertyTXC__22542.class,475,898
internal/node$pull_first_input_with_substitute.class,481,898
antlr/BlockContext.class,480,897
internal/graph$find_arc_pkids.class,513,897
scene/images/eye_icon_eye_arrow.svg,516,896
util/coll$every_QMARK_.class,499,896
_unpack/x86_64-linux/bin/lsp/lua/meta/3rd/Cocos4.0/library/cc/MenuItem.lua,304,896
_unpack/x86_64-linux/bin/lsp/lua/meta/3rd/Cocos4.0/library/cc/ParticleFireworks.lua,261,896
builtins/manifests/ios/LaunchScreen.storyboardc/UIViewController-01J-lp-oVM.nib,591,896
_unpack/x86_64-linux/bin/lsp/lua/meta/3rd/Cocos4.0/library/cc/ParticleExplosion.lua,261,896
editor/editor_extensions/graph/NodeIdWithAncestors,499,895
util/coll$flip.class,531,895
util/digestable$fn__39905.class,477,894
internal/node$pull_input_values_with_substitute.class,477,894
_unpack/x86_64-linux/bin/lsp/lua/script/core/diagnostics/unknown-operator.lua,348,894
util/debug_util$stack_trace_impl$fn__18916.class,534,893
internal/transaction$successor_changes$fn__22345$fn__22353$fn__22362.class,507,893
plumbing/fnk/schema$schema_diff$iter__20417__20421.class,491,893
icons/32/Icons_33-Fragment-shader.png,898,893
internal/util$filter_vals.class,519,892
internal/util$distinct_by$step__6458.class,496,892
icons/32/Icons_14-Sprite.png,895,890
dynamo/graph$undo_stack_revisions.class,525,889
_unpack/x86_64-linux/bin/lsp/lua/meta/3rd/Cocos4.0/library/ccs/ActionTimelineNode.lua,195,889
util/path$byte_size.class,528,888
util/pkid_vector$assoc_pkids.class,488,888
antlr/TreeSpecifierNode.class,440,888
internal/graph$lift_source_arcs$fn__19953.class,546,887
dynamo/graph$comparable_exception_data$fn__23172.class,543,886
util/id_vec$iv_count.class,526,886
javax/xml/bind/ContextFinder$2.class,481,886
util/path$resolve_normalized.class,508,886
util/coll$update_vals_kv$fn__4010.class,521,885
antlr/ASTPair.class,540,885
util/coll$update_vals_kv$fn__4006.class,524,885
dynamo/graph$invalidate_counters.class,521,885
internal/cache$occupied_lru_entry_QMARK_.class,542,884
_unpack/x86_64-linux/bin/lsp/lua/meta/3rd/Cocos4.0/library/cc/EaseElastic.lua,334,884
com/samskivert/mustache/MustacheException$Context.class,434,883
antlr/collections/impl/VectorEnumeration.class,519,883
plumbing/core$positions$fn__20928.class,529,882
_unpack/x86_64-linux/bin/lsp/lua/script/core/diagnostics/unnecessary-assert.lua,387,882
util/coll$pair_map_by$value__GT_pair__4025.class,519,881
internal/node$validate_property_values_impl.class,498,881
antlr/collections/impl/VectorEnumerator.class,518,881
util/coll$pair_map_by$value__GT_pair__4029.class,518,881
_unpack/x86_64-linux/bin/lsp/lua/meta/3rd/Cocos4.0/library/cc/EaseBezierAction.lua,289,880
util/debug_util$nanos__GT_seconds.class,536,879
antlr/TokenWithIndex.class,514,879
util/debug_util$nanos__GT_minutes.class,539,879
util/debug_util$nanos__GT_millis.class,535,878
dynamo/graph$disconnect_BANG_.class,485,877
internal/util$group_into$fn__6472$fn__6473.class,528,877
templates/template.editor_script,268,876
util/bit_set$with_set_indices_BANG_.class,474,875
internal/system$next_node_id.class,508,875
_unpack/x86_64-linux/bin/lsp/lua/meta/default utf8/UnityEngine.SubsystemsImplementation.Extensions.lua,185,875
antlr/collections/AST.class,406,874
internal/util$into_multiple$fn__6662.class,534,874
com/cognitect/transit/impl/WriteHandlers$ArrayWriteHandler.class,405,873
internal/java$field_static_QMARK_.class,545,873
TestScript/TestDdf$Enum$1.class,465,873
util/macro$conform_gensyms$fn__130980.class,512,872
javax/vecmath/VecMathI18N.class,500,872
potemkin/namespaces$link_vars.class,474,871
internal/util$group_into$fn__6478.class,500,871
editor/editor_extensions/runtime/Suspend,481,871
internal/transaction$realize_defaults$regular_node_value_fn__22577.class,498,871
net/jpountz/xxhash/XXHash64.class,520,869
internal/util$var_get_recursive.class,539,869
util/macro$conform_gensyms$fn__130982.class,498,868
util/coll$any_QMARK_.class,535,868
util/coll$merge_with_kv$fn__4062.class,518,868
internal/util$only.class,531,868
antlr/AlternativeElement.class,451,868
net/jpountz/xxhash/XXHash32.class,513,867
util/num$normalized__GT_unchecked_ushort.class,545,867
internal/util$group_into$fn__6478$fn__6479.class,524,867
internal/transaction$finalize_applied_changes.class,479,867
util/num$normalized__GT_unchecked_uint.class,548,867
util/coll$map_vals_kv$fn__4020.class,533,866
TestScript/TestDdf$TransformOrBuilder.class,383,866
internal/transaction$successor_changes$fn__22345$fn__22353$fn__22360.class,517,866
javax/ws/rs/core/Application.class,431,866
icons/64/Icons_50-Display-profiles.png,865,865
util/coll$merge_with$fn__4052.class,515,865
dynamo/graph$cache.class,514,864
_unpack/x86_64-linux/bin/lsp/lua/meta/3rd/Cocos4.0/library/cc/GridAction.lua,342,864
net/jpountz/xxhash/StreamingXXHash32JavaUnsafe$Factory.class,437,864
net/jpountz/xxhash/StreamingXXHash64JavaUnsafe$Factory.class,438,864
util/path$symlink_QMARK_.class,543,864
util/coll$default_parallelism.class,544,864
util/coll$update_vals$fn__3983.class,516,863
util/coll$update_vals$fn__3987.class,518,863
_unpack/x86_64-linux/bin/lsp/lua/meta/3rd/Cocos4.0/library/cc/SkewTo.lua,294,863
plumbing/fnk/schema$fn__20373$required_toplevel_keys__20378$fn__20379$fn__20380.class,538,862
_unpack/x86_64-linux/bin/lsp/lua/meta/3rd/Cocos4.0/library/cc/TransitionMoveInL.lua,318,862
dynamo/graph$unsafe_basis.class,517,862
_unpack/x86_64-linux/bin/lsp/lua/meta/3rd/Cocos4.0/library/cc/EventListenerTouchOneByOne.lua,247,861
internal/graph$source_arc_table.class,520,861
internal/graph$target_arc_table.class,521,861
internal/paper_tape$revision.class,493,860
internal/system$new_undo.class,507,860
internal/node$verify_labels$fn__21592.class,507,859
dynamo/graph$override_predecessors$fn__23486.class,498,859
dynamo/graph$eager_tx_data$eager_tx_data_into__23213.class,466,859
internal/system$merge_user_data$fn__23039.class,490,859
util/coll$update_vals$fn__3985.class,516,858
_unpack/x86_64-linux/bin/lsp/lua/meta/3rd/OpenResty/library/resty/lrucache/pureffi.lua,431,858
util/coll$update_vals$fn__3989.class,514,858
internal/graph$override_node_id_table_locate$fn__19853$fn__19854.class,488,858
internal/graph$override_node_id_table_locate$fn__19853.class,482,858
util/path$hidden_QMARK_.class,537,857
dynamo/graph$defnode$iter__23291__23295.class,484,857
dynamo/graph$make_print_tracer.class,518,857
net/jpountz/xxhash/StreamingXXHash32JavaSafe$Factory.class,435,856
net/jpountz/xxhash/StreamingXXHash64JavaSafe$Factory.class,436,856
javax/xml/bind/helpers/PrintConversionEventImpl.class,407,856
javax/xml/bind/helpers/NotIdentifiableEventImpl.class,408,856
javax/xml/bind/helpers/ParseConversionEventImpl.class,407,856
internal/util$group_into$fn__6476.class,507,855
util/murmur$hash64_bytes.class,529,855
internal/node$maybe_wrap_constant_fn.class,515,854
_unpack/x86_64-linux/bin/lsp/lua/meta/3rd/Cocos4.0/library/cc/ParticleFlower.lua,257,854
internal/graph$overrides.class,515,854
internal/node$value_type_registry.class,508,854
_unpack/x86_64-linux/bin/lsp/lua/meta/3rd/Cocos4.0/library/cc/ParticleGalaxy.lua,259,854
_unpack/x86_64-linux/bin/lsp/lua/meta/3rd/Cocos4.0/library/cc/ParticleSpiral.lua,255,854
_unpack/x86_64-linux/bin/lsp/lua/meta/3rd/Cocos4.0/library/cc/ParticleMeteor.lua,256,854
dynamo/graph$now.class,513,853
dynamo/graph$defnode$iter__23270__23274.class,482,853
com/cognitect/transit/impl/ReadHandlers$BigDecimalReadHandler.class,409,852
internal/node$node_type_registry.class,506,852
org/jvnet/mimepull/MIMEEvent$Headers.class,409,852
antlr/CommonASTWithHiddenTokens.class,462,852
internal/java$instance_fields_raw.class,495,850
internal/util$filter_vals$iter__6515__6519.class,480,850
_unpack/x86_64-linux/bin/lsp/lua/meta/3rd/Cocos4.0/library/cc/Manifest.lua,285,850
net/objecthunter/exp4j/operator/Operators$8.class,517,849
net/objecthunter/exp4j/operator/Operators$6.class,517,849
util/id_vec$iv_vec.class,475,849
internal/transaction$realize_transfer_overrides$fn__22476.class,486,848
internal/node$display_group.class,490,847
org/jvnet/mimepull/FinalArrayList.class,421,847
util/http_client$request$invoke__Builder__DOT_header__8286.class,477,847
javax/ws/rs/core/Request.class,357,847
org/slf4j/impl/StaticMarkerBinder.class,467,846
plumbing/fnk/schema$assert_distinct$fn__20241.class,537,846
editor/editor_extensions/vm/LuaVM,477,846
dynamo/graph$node_kw_instance_QMARK_.class,479,845
net/objecthunter/exp4j/tokenizer/OperatorToken.class,451,844
icons/32/Icons_32-Vertex-shader.png,849,844
icons/32/Icons_12-Script-type.png,848,843
internal/transaction$fn__22452$__GT_ReplaceOverrideRootTXC__22454.class,455,842
_unpack/x86_64-linux/bin/lsp/lua/meta/3rd/Cocos4.0/library/ccs/ActionRotationFrame.lua,260,842
_unpack/x86_64-linux/bin/lsp/lua/meta/3rd/Cocos4.0/library/cc/Sequence.lua,274,840
_unpack/x86_64-linux/bin/lsp/lua/meta/3rd/Cocos4.0/library/cc/ParticleSmoke.lua,254,840
internal/graph$basis_perform_delete_nodes$fn__20220.class,496,839
internal/util$group_into$fn__6470.class,504,839
icons/64/Icons_51-Collision-shape-convex.png,843,838
util/pkid_vector$find_pkids.class,482,837
util/text_util$readable__GT_text_matches.class,454,837
internal/node$expand_node_types$fn__21523.class,540,837
internal/graph$propagate_source_arcs$fn__19971$fn__19972$fn__19973.class,502,837
plumbing/core$distinct_fast.class,486,836
net/jpountz/xxhash/StreamingXXHash32JNI$Factory.class,430,836
net/jpountz/xxhash/StreamingXXHash64JNI$Factory.class,434,836
antlr/debug/NewLineEvent.class,461,836
net/jpountz/util/Native$1.class,531,836
potemkin/walk.clj,305,836
util/id_vec$iv_map_vals.class,478,836
internal/transaction$fn__22726$__GT_UpdateGraphValueTXC__22728.class,459,836
util/http_server$fn__25065.class,498,836
meta_merge/core$with_meta_STAR_.class,506,835
net/jpountz/xxhash/AbstractStreamingXXHash64Java.class,514,835
util/pkid_vector$dissoc_pkids.class,475,835
internal/transaction$fn__22545$__GT_ClearRawPropertyTXC__22547.class,463,835
internal/graph$basis_revert_add_nodes$fn__20111.class,492,835
dynamo/graph$flattened_tx_data_into.class,474,834
plumbing/fnk/schema$guess_expr_output_schema$iter__20393__20397.class,463,834
icons/64/Icons_09-Collection.png,839,834
_unpack/x86_64-linux/bin/lsp/lua/meta/3rd/Cocos4.0/library/cc/FadeOutDownTiles.lua,311,833
quick-help-view.fxml,395,833
antlr/collections/impl/LLEnumeration.class,483,833
internal/transaction$override_node_ids_removed_by_disconnect$node_id__GT_node__22769.class,488,832
internal/low_memory$find_tenured_generation_pool.class,486,832
_unpack/x86_64-linux/bin/lsp/lua/meta/3rd/Cocos4.0/library/cc/AttachNode.lua,289,831
internal/transaction$fn__22737$__GT_UpdateGraphValueTXS__22739.class,460,831
util/path$resolve_sibling.class,482,830
util/coll$first_where.class,464,830
_unpack/x86_64-linux/bin/lsp/lua/meta/3rd/Cocos4.0/library/cc/TiledGrid3D.lua,277,830
plumbing/core$map_vals$fn__20807.class,499,829
plumbing/core$map_vals$fn__20809.class,499,829
plumbing/core$map_keys$fn__20826.class,498,828
internal/transaction$realize_transfer_overrides$fn__22478.class,488,828
internal/transaction$tx_step_added_nodes.class,498,828
javax/xml/bind/annotation/XmlElement.class,437,827
_unpack/x86_64-linux/bin/lsp/lua/meta/3rd/Cocos4.0/library/cc/AsyncTaskPool.lua,277,827
util/coll$map_vals$fn__4017.class,506,826
_unpack/x86_64-linux/bin/lsp/lua/meta/3rd/Cocos4.0/library/cc/ParticleFire.lua,252,826
internal/transaction$ctx_perform_add_nodes.class,465,826
_unpack/x86_64-linux/bin/lsp/lua/meta/3rd/Cocos4.0/library/cc/ParticleRain.lua,254,826
dynamo/graph$set_property_BANG_.class,472,826
_unpack/x86_64-linux/bin/lsp/lua/meta/3rd/Cocos4.0/library/cc/ParticleSnow.lua,255,826
internal/util$map_keys$fn__6489.class,499,825
util/text_util$text__GT_text_matches.class,451,825
util/coll$fn__4178$fn__4187.class,494,823
net/jpountz/xxhash/AbstractStreamingXXHash32Java.class,498,823
javax/xml/bind/annotation/XmlElementDecl.class,417,823
org/slf4j/helpers/NamedLoggerBase.class,466,823
internal/graph$basis_plan_delete_nodes$value__GT_pair__20203.class,514,823
internal/transaction$fn__22707$__GT_SetPropertyTXS__22709.class,459,823
util/thread_util$preset_BANG_$fn__27069.class,472,822
util/digestable$fn__39823$G__39819__39827.class,464,822
internal/graph$lift_source_arc$fn__19943$fn__19944.class,494,821
antlr/CommonHiddenStreamToken.class,381,821
antlr/TokenManager.class,408,821
util/path$relativize.class,476,821
plumbing/core$cons_when.class,500,821
internal/system$update_user_data$fn__23036.class,478,821
javax/xml/bind/annotation/adapters/XmlJavaTypeAdapter.class,403,821
_unpack/x86_64-linux/bin/lsp/lua/meta/3rd/Cocos4.0/library/cc/Event.lua,334,821
icons/64/Icons_47-Tilesource.png,825,820
internal/graph$arcs_by_target$fn__19989$fn__19990.class,497,820
internal/graph$arcs_by_target$fn__19997$fn__19998.class,495,820
internal/graph$arcs_by_source$fn__20008$fn__20009.class,498,820
javax/xml/bind/annotation/XmlSchema.class,424,820
internal/graph$arcs_by_source$fn__20004$fn__20005.class,496,820
util/repo$detect_editor_sha1__130966.class,503,819
util/num$ushort_range__GT_normalized.class,507,819
util/num$ubyte_range__GT_normalized.class,503,818
util/path$absolute_QMARK_.class,523,818
icons/64/Icons_21-Light.png,693,818
javax/ws/rs/core/UriBuilderException.class,435,818
util/num$uint_range__GT_normalized.class,508,817
_unpack/x86_64-linux/bin/lsp/lua/meta/3rd/Cocos4.0/library/cc/SkewBy.lua,286,817
internal/transaction$tx_step_added_arc.class,497,817
util/coll$some.class,457,816
util/num$normalized__GT_ushort_double.class,512,816
util/path$resolve.class,469,816
internal/node$property_has_no_overriding_output_QMARK_.class,480,816
builtins/materials/model_skinned_lit.material,350,816
util/num$normalized__GT_ubyte_double.class,508,815
internal/transaction$ctx_revert_disconnect_arcs.class,469,815
javax/xml/bind/JAXBContext$1.class,433,815
internal/transaction$tx_step_QMARK_.class,491,815
_unpack/x86_64-linux/bin/lsp/lua/meta/3rd/Cocos4.0/library/cc/BaseLight.lua,301,815
util/thread_util$cancel_future_BANG_.class,493,814
util/num$normalized__GT_uint_double.class,510,814
internal/transaction$ctx_perform_connect_arcs.class,469,813
plumbing/core$swap_pair_BANG_$fn__20991.class,476,813
plumbing/core$count_when.class,487,813
plumbing/core$get_and_set_BANG_.class,479,812
com/cognitect/transit/impl/Cache.class,463,812
util/pkid_vector$next_pkid.class,482,812
_unpack/x86_64-linux/bin/lsp/lua/meta/3rd/Cocos4.0/library/ccui/RichElement.lua,344,812
_unpack/x86_64-linux/bin/lsp/lua/meta/3rd/Cocos4.0/library/cc/ParticleSun.lua,252,812
scene/images/eye_closed.svg,375,812
javax/xml/bind/GetPropertyAction.class,429,812
internal/transaction$non_undoable_QMARK_.class,488,812
_unpack/x86_64-linux/bin/lsp/lua/meta/3rd/Defold/library/built-ins.lua,391,811
internal/util$into_multiple$fn__6651.class,489,811
_unpack/x86_64-linux/bin/lsp/lua/meta/3rd/Cocos4.0/library/cc/FadeOutBLTiles.lua,311,811
internal/transaction$ctx_revert_add_nodes$fn__22592.class,482,811
util/crypto$base64__GT_bytes.class,488,810
plumbing/fnk/impl$name_sym.class,468,810
dynamo/graph$let_ec_strict_form$fn__23405.class,506,809
internal/transaction$successor_changes$fn__22345$fn__22348.class,476,809
_unpack/x86_64-linux/bin/lsp/lua/meta/3rd/Cocos4.0/library/cc/Component.lua,238,809
internal/cache$fn__19445$G__19426__19449.class,464,808
internal/node$process_property_forms$iter__21728__21732.class,460,808
TestScript/TestDdf$RepeatedContainerOrBuilder.class,368,808
_unpack/x86_64-linux/bin/lsp/lua/meta/default utf8/System.Runtime.InteropServices.Expando.lua,223,808
_unpack/x86_64-linux/bin/lsp/lua/script/core/diagnostics/await-in-sync.lua,344,808
_unpack/x86_64-linux/bin/lsp/lua/script/core/diagnostics/missing-parameter.lua,352,807
util/crypto$decrypt_string_base64.class,460,806
org/jvnet/mimepull/Chunk.class,414,806
net/objecthunter/exp4j/function/Functions$4.class,494,806
internal/transaction$fn__22743$__GT_CallbackTXS__22745.class,445,806
util/coll$filterv__GT_$fn__4254.class,477,805
internal/node$group_node_type_forms$iter__21799__21803.class,461,805
org/jvnet/mimepull/MIMEEvent$Content.class,416,805
internal/transaction$successor_changes$fn__22345$fn__22350.class,475,805
util/coll$fn__4178$path_entries__4180$fn__4184.class,479,804
internal/transaction/NonUndoable.class,460,804
internal/cache$fn__19460$G__19418__19464.class,458,804
internal/transaction$successor_changes$fn__22345$fn__22346.class,475,804
internal/transaction$ctx_add_nodes$fn__22368.class,478,804
util/coll$key_set.class,466,803
util/crypto$encrypt_string_base64.class,458,802
internal/transaction$fn__22822$__GT_ExpandTXS__22824.class,446,802
internal/transaction$fn__22445$__GT_ClearOverrideNodesTXC__22447.class,457,802
_unpack/x86_64-linux/bin/lsp/lua/script/core/diagnostics/unknown-cast-variable.lua,342,801
shaders/mesh-preview.fp,353,801
util/time$between.class,458,800
builtins/materials/model_lit.material,343,800
internal/util$make_dedupe_fn.class,482,800
util/coll$mapv__GT_$fn__4258.class,473,799
_unpack/x86_64-linux/bin/lsp/lua/script/core/diagnostics/discard-returns.lua,341,799
internal/node$merge_property_dependencies$fn__21864.class,456,798
_unpack/x86_64-linux/bin/lsp/lua/meta/3rd/Cocos4.0/library/cc/MoveTo.lua,231,798
util/crypto$decrypt_bytes_base64.class,458,798
util/id_vec$xform_entries$fn__44308.class,476,797
engine-profiler/remotery/vis/extern/BrowserLib/WindowManager/Code/Container.js,339,797
icons/32/Icons_24-AT-Animation.png,802,797
util/coll$descending_order.class,476,796
internal/transaction$ctx_invalidate_output.class,454,796
_unpack/x86_64-linux/bin/lsp/lua/meta/3rd/Defold/library/http.lua,401,796
util/crypto$bytes__GT_base64.class,486,796
internal/transaction$perform_change.class,448,796
util/coll$pair_map_by$value__GT_pair__4027.class,486,795
util/coll$pair_map_by$value__GT_pair__4023.class,485,795
util/coll$ascending_order.class,475,795
internal/node$expand_node_types.class,465,795
internal/util$update_paths.class,469,795
internal/transaction$fn__22644$__GT_AddNodesTXC__22646.class,454,794
internal/transaction$revert_change.class,445,794
util/array$empty_of_type_raw.class,489,793
internal/util$map_diff.class,472,793
internal/util$filterm.class,473,793
internal/transaction$realize_defaults$override_node_value_fn__22575.class,486,793
_unpack/x86_64-linux/bin/lsp/lua/script/core/diagnostics/no-unknown.lua,351,793
util/coll$aggregate_into$lookup_fn__4120.class,467,792
util/coll$vals$reify__3906$fn__3907.class,464,792
util/crypto$encrypt_bytes_base64.class,452,791
dynamo/graph$default_override_init_fn.class,477,791
_unpack/x86_64-linux/bin/lsp/lua/meta/3rd/Cocos4.0/library/cc/Animation3D.lua,271,791
com/samskivert/mustache/BasicCollector$2.class,413,791
util/coll$keys$reify__3901$fn__3902.class,465,790
util/digest$digest_input_stream__GT_hex.class,471,790
util/http_server$fn__25052$G__25048__25055.class,460,790
dynamo/graph$cache_info.class,444,790
util/coll$fn__4178.class,464,789
util/coll$last_index_of.class,480,788
_unpack/x86_64-linux/bin/lsp/lua/meta/3rd/Cocos4.0/library/cc/PhysicsShapePolygon.lua,285,788
util/num$ushort__GT_double.class,487,787
util/coll$tree_xf$fn__4207.class,464,787
internal/transaction$fn__22755$__GT_DisconnectArcsTXC__22757.class,450,787
util/num$ubyte__GT_double.class,487,786
net/objecthunter/exp4j/tokenizer/NumberToken.class,464,786
plumbing/fnk/impl$ensure_schema_metadata.class,448,785
antlr/ByteBuffer.class,507,785
_unpack/x86_64-linux/bin/lsp/lua/meta/3rd/Cocos4.0/library/cc/PhysicsJointMotor.lua,283,785
com/samskivert/mustache/MustacheParseException.class,410,785
util/num$uint__GT_double.class,483,785
plumbing/fnk/schema$map_schema_QMARK_.class,488,784
util/text_util$text__GT_line_infos$fn__4326.class,477,784
util/num$unchecked_uint.class,480,784
internal/node$value_type_resolve.class,437,784
internal/graph$find_connected_arc_pkids$fn__20092.class,479,783
internal/node$remove_annotations.class,453,783
util/num$unchecked_ushort.class,479,783
internal/system$fn__22925$__GT_UndoState__22946.class,447,783
util/num$ushort__GT_float.class,488,783
internal/graph$find_connected_arc_pkids$fn__20090.class,477,783
util/num$ubyte__GT_float.class,486,782
plumbing/core$assoc_when$iter__20889__20893.class,456,782
internal/node$node_type_resolve.class,434,782
internal/node$fn__21774$iter__21778__21782.class,448,782
_unpack/x86_64-linux/bin/lsp/lua/script/core/diagnostics/redundant-return.lua,354,782
internal/transaction$fn__22750$__GT_ConnectArcsTXC__22752.class,450,781
internal/node$invert_map$iter__21611__21617.class,450,781
util/num$unchecked_ubyte.class,479,781
util/num$uint__GT_float.class,486,781
com/samskivert/mustache/MustacheException.class,384,781
internal/node$extract_fn_arguments.class,452,781
util/coll$index_of.class,473,779
javax/xml/bind/annotation/XmlType.class,404,779
internal/util$var_QMARK__BANG_.class,489,778
util/pkid_vector$eval18850$fn__18851.class,467,777
dynamo/graph$defnode$iter__23306__23310.class,455,777
_unpack/x86_64-linux/bin/lsp/lua/meta/3rd/Cocos4.0/library/cc/Spawn.lua,278,777
dynamo/graph$clear_property_BANG_.class,453,776
util/pkid_vector$pkid_vector__18855.class,460,776
util/id_vec$fn__44273$__GT_IdVec__44291.class,471,776
util/coll$supports_transient_QMARK_.class,491,776
bundle/ios/Default-Landscape-1366h@2x.png,100,775
util/murmur$hash32.class,479,775
internal/util$project$fn__6512.class,470,775
bundle/ios/Default-Portrait-1366h@2x.png,98,775
internal/node$error_substituted_array_input_value$fn__21950.class,507,774
util/eduction$eduction_QMARK_.class,475,774
internal/transaction$ctx_perform_disconnect_arcs.class,452,774
internal/node$wrap_constant_fns.class,452,774
internal/node$prop_type__GT_schema$fn__21466.class,473,773
util/murmur$hash64.class,471,773
dynamo/graph$set_graph_value_BANG_.class,445,772
_unpack/x86_64-linux/bin/lsp/lua/meta/3rd/OpenResty/library/ngx/req.lua,403,772
icons/64/Icons_33-Fragment-shader.png,777,772
camel_snake_kebab$fn__4763.class,438,771
util/text_util$readable__GT_line_infos.class,442,771
plumbing/fnk/impl$qualified_sym.class,449,771
meta_merge/core$meta_STAR_.class,476,770
internal/node$error_checked_array_input_value$fn__21940.class,503,770
antlr/CharBuffer.class,506,770
internal/transaction$fn__22886$__GT_InvalidateOutputTXS__22888.class,439,770
internal/transaction$ctx_revert_connect_arcs.class,450,770
internal/transaction$fn__22877$__GT_InvalidateOutputTXC__22879.class,438,769
util/http_server$fn__25086.class,464,768
org/slf4j/helpers/Util$ClassContextSecurityManager.class,382,768
util/digestable$digest_raw_BANG_.class,461,768
internal/node$fn__21330$__GT_ProtocolType__21351.class,449,768
camel_snake_kebab$fn__4750$G__4746__4753.class,437,768
util/num$ushort__GT_long.class,470,768
service/smoke_log$fn__26319.class,460,767
util/num$ubyte__GT_long.class,469,767
dynamo/graph$paste$fn__23534.class,464,767
_unpack/x86_64-linux/bin/lsp/lua/script/core/diagnostics/redundant-value.lua,361,767
internal/transaction$fn__22720$__GT_ClearPropertyTXS__22722.class,438,766
util/num$uint__GT_long.class,468,766
internal/graph$override_by_id.class,471,766
util/coll$not_empty.class,482,765
util/debug_util$metrics_enabled_QMARK_.class,486,765
org/jvnet/mimepull/MIMEParsingException.class,381,765
internal/node$node_type_QMARK_.class,480,765
antlr/TokenSymbol.class,400,765
util/digest$stream__GT_sha256_hex.class,475,763
internal/graph$basis_plan_delete_nodes$fn__20198.class,459,763
_unpack/x86_64-linux/bin/lsp/lua/meta/3rd/Cocos4.0/library/cc/TransitionFade.lua,217,763
internal/node$check_argument_errors$fn__21960.class,500,761
internal/node$alias_of.class,453,761
util/debug_util$running_tests_QMARK_.class,487,761
util/path$fn__6965.class,476,760
internal/node$display_group$fn__21514.class,456,760
javax/xml/bind/annotation/XmlElementRef.class,407,760
builtins/materials/model_lit.fp,405,760
internal/graph$node_id__GT_node.class,466,760
util/text_util$text__GT_line_infos.class,439,759
util/digest$stream__GT_sha1_hex.class,472,759
internal/util$predicate_QMARK_.class,482,759
_unpack/x86_64-linux/bin/lsp/lua/meta/3rd/Cocos4.0/library/ccs/ActionMoveFrame.lua,259,759
_unpack/x86_64-linux/bin/lsp/lua/meta/3rd/Cocos4.0/library/ccs/ActionTintFrame.lua,251,759
com/googlecode/javaewah/Buffer.class,399,758
internal/transaction$fn__22382$__GT_AddOverrideTXC__22384.class,430,758
icons/32/Icons_07-Factory.png,763,758
internal/util$replace_top.class,447,757
util/http_server$fn__25130.class,451,757
icons/32/Icons_47-Tilesource.png,762,757
internal/graph$node_by_id_at.class,470,757
antlr/debug/SyntacticPredicateEvent.class,427,755
icons/app.iconset/icon_16x16.png,760,755
com/googlecode/javaewah32/Buffer32.class,394,755
shaders/infinity-grid.fp,333,754
com/cognitect/transit/impl/ReadHandlers$IdentityReadHandler.class,361,754
util/digestable$digest_header_BANG_.class,451,754
dynamo/graph$copy$fn__23511$fn__23516.class,460,754
com/samskivert/mustache/Mustache$1.class,439,754
_unpack/x86_64-linux/bin/lsp/lua/meta/3rd/Cocos4.0/library/ccs/ActionFadeFrame.lua,247,754
_unpack/x86_64-linux/bin/lsp/lua/meta/default utf8/UnityEngine.Internal.lua,217,754
icons/32/Icons_61-Buffer.png,759,754
util/coll$not_every_QMARK_.class,442,753
plumbing/core$positions.class,452,753
util/digestable$fn__39897.class,445,753
internal/util$removev.class,443,753
util/digest$string__GT_sha256_hex.class,461,752
com/samskivert/mustache/Template$Fragment.class,427,752
net/objecthunter/exp4j/operator/Operators$7.class,446,752
org/slf4j/MDC$MDCCloseable.class,426,752
internal/node$named_QMARK_.class,472,752
internal/graph$basis_perform_disconnect_arcs.class,455,750
internal/graph$basis_revert_disconnect_arcs.class,455,750
util/path$path_QMARK_.class,477,749
_unpack/x86_64-linux/bin/lsp/lua/meta/default utf8/UnityEngine.Profiling.Experimental.lua,288,749
javax/xml/bind/annotation/adapters/XmlAdapter.class,365,748
util/digest$string__GT_sha1_hex.class,459,748
builtins/materials/model_skinned_instanced.material,306,748
internal/util$map_first.class,449,748
dynamo/graph$set_property.class,449,747
javax/xml/bind/annotation/XmlSchemaType.class,414,747
com/cognitect/transit/impl/ReadHandlers$NullReadHandler.class,359,746
com/samskivert/gwt/com/samskivert/mustache/DefaultCollector.java,386,746
dynamo/graph$add_node.class,451,745
util/http_server$fn__25122$__GT_ServerWithHandler__25124.class,428,745
_unpack/x86_64-linux/bin/lsp/lua/script/core/formatting.lua,273,745
javax/xml/bind/ContextFinder$4.class,415,744
builtins/materials/model.fp,350,744
net/objecthunter/exp4j/tokenizer/Token.class,450,744
internal/util$detect_renames$fn__6687.class,460,744
icons/16/Icons_04-Project-file.png,749,744
icons/32/Icons_11-Script-general.png,749,744
luajc$LocalClassLoader.class,431,743
util/coll$not_any_QMARK_.class,443,743
javax/xml/bind/ServiceLoaderUtil$ExceptionHandler.class,367,742
internal/transaction$tx_step_type.class,432,741
_unpack/x86_64-linux/bin/lsp/lua/meta/3rd/Cocos4.0/library/ccs/BatchNode.lua,285,741
util/digest$stream__GT_sha256.class,466,740
dynamo/graph$pruned_evaluation_context.class,443,739
_unpack/x86_64-linux/bin/lsp/lua/meta/3rd/bee/library/bee/thread.lua,243,738
util/coll$tree_xf.class,442,737
_unpack/x86_64-linux/bin/lsp/lua/meta/3rd/Cocos4.0/library/cc/PointLight.lua,262,737
util/digest$stream__GT_sha1.class,465,736
_unpack/x86_64-linux/bin/lsp/lua/meta/3rd/bee/library/bee/select.lua,239,736
util/time$since.class,423,735
internal/cache$fn__19486$G__19428__19489.class,439,735
util/path$resolve_proj_path$invoke__Path__DOT_resolve__6998.class,452,734
internal/cache$fn__19432$G__19424__19435.class,438,733
_unpack/x86_64-linux/bin/lsp/lua/meta/3rd/luv/library/uv_prepare_t.lua,302,733
icons/32/Icons_55-123.png,639,732
builtins/materials/model_instanced.material,300,732
_unpack/x86_64-linux/bin/lsp/lua/meta/LuaJIT zh-cn utf8/table/clear.lua,544,732
_unpack/x86_64-linux/bin/lsp/lua/meta/Lua 5.4 zh-cn utf8/table/clear.lua,544,732
util/thread_util$throw_if_interrupted_BANG_.class,458,731
util/digest$message_digest__GT_hex.class,454,730
_unpack/x86_64-linux/bin/lsp/lua/meta/3rd/Cocos4.0/library/cc/PageTurn3D.lua,311,730
util/digest$string__GT_sha256.class,457,729
_unpack/x86_64-linux/bin/lsp/lua/meta/3rd/Cocos4.0/library/ccs/SceneReader.lua,265,729
dynamo/graph$never_override_traverse_fn__23540.class,450,729
dynamo/graph$always_override_traverse_fn__23538.class,452,729
_unpack/shared/luajit/jit/dis_mips64r6el.lua,324,728
icons/32/Icons_06-Game-object.png,733,728
util/path$delete_BANG_.class,453,727
_unpack/x86_64-linux/bin/lsp/lua/meta/default utf8/System.Data.Sql.lua,211,727
util/path$fn__6971.class,460,726
util/thread_util$abortable_identity_BANG_.class,433,726
dynamo/graph$default_override_properties_by_node_id.class,448,726
icons/64/Icons_03-Builtins.png,731,726
util/digest$string__GT_sha1.class,456,725
util/http_server$fn__25036$G__25032__25038.class,433,725
util/coll$pmapv$fn__4268.class,448,725
_unpack/x86_64-linux/bin/lsp/lua/meta/default utf8/System.Windows.Input.lua,198,725
util/text_util$search_string__GT_re_pattern$fn__4346.class,452,725
icons/32/Icons_26-AT-Sound.png,729,724
antlr/RuleEndElement.class,434,724
internal/util$guard.class,425,723
util/fn$fn__6858$__GT_PartialFn__6861.class,427,722
_unpack/x86_64-linux/bin/lsp/lua/meta/3rd/luv/library/uv_req_t.lua,356,722
util/http_server$fn__25020$G__25016__25022.class,432,721
_unpack/x86_64-linux/bin/lsp/lua/meta/default utf8/System.Diagnostics.CodeAnalysis.lua,199,720
_unpack/x86_64-linux/bin/lsp/lua/meta/3rd/Cocos4.0/library/cc/TransitionShrinkGrow.lua,277,719
_unpack/x86_64-linux/bin/lsp/lua/script/provider/semantic-tokens.lua,298,719
_unpack/x86_64-linux/bin/lsp/lua/meta/3rd/Cocos4.0/library/ccs/PositionFrame.lua,193,719
internal/transaction$fn__22701$__GT_TransferOverridesTXS__22703.class,426,718
org/slf4j/impl/StaticMDCBinder.class,434,718
_unpack/shared/luajit/jit/dis_mips64el.lua,316,717
_unpack/shared/luajit/jit/dis_mips64r6.lua,316,717
_unpack/x86_64-linux/bin/lsp/lua/meta/3rd/skynet/library/skynet/muliticast.lua,397,716
_unpack/x86_64-linux/bin/lsp/lua/meta/3rd/Cocos4.0/library/cc/ActionEase.lua,273,716
_unpack/shared/luajit/jit/dis_mipsel.lua,313,715
util/digest$bytes__GT_hex.class,460,715
util/coll$flipped_pair.class,427,715
internal/cache$fn__19533.class,451,713
util/coll$find_values$fn__4213.class,430,712
com/samskivert/mustache/Mustache$NamedSegment.class,392,712
_unpack/shared/luajit/jit/dis_x64.lua,315,712
_unpack/x86_64-linux/bin/lsp/lua/meta/3rd/luv/library/uv_check_t.lua,298,711
antlr/BlockEndElement.class,427,711
util/digest$sha1_hex.class,455,710
plumbing/fnk/schema$fn__20575$fn__20578.class,440,710
plumbing/fnk/schema$fn__20493$fn__20496.class,440,710
plumbing/fnk/schema$fn__20447$fn__20450.class,437,710
plumbing/fnk/schema$fn__20373$fn__20376.class,440,710
internal/transaction$non_undoable_tx_data.class,429,710
plumbing/fnk/schema$fn__20343$fn__20346.class,439,710
_unpack/x86_64-linux/bin/lsp/lua/meta/3rd/Cocos4.0/library/cc/TransitionCrossFade.lua,282,710
antlr/TokenStreamRewriteEngine$ReplaceOp.class,391,710
plumbing/fnk/schema$fn__20307$fn__20310.class,435,709
plumbing/fnk/schema$fn__20575$fn__20576.class,440,709
net/objecthunter/exp4j/function/Functions$23.class,430,709
plumbing/fnk/schema$fn__20343$fn__20344.class,439,709
plumbing/fnk/schema$fn__20493$fn__20494.class,439,709
plumbing/fnk/schema$fn__20447$fn__20448.class,437,709
engine-profiler/remotery/vis/extern/BrowserLib/Core/Code/LocalStore.js,270,709
lua-annotations/json.editor_script,335,709
util/crypto$initialization_vector.class,442,709
plumbing/fnk/schema$fn__20373$fn__20374.class,439,709
_unpack/shared/lua-annotations/json.editor_script,335,709
plumbing/fnk/schema$fn__20284$fn__20287.class,438,708
plumbing/fnk/schema$fn__20256$fn__20259.class,437,708
plumbing/fnk/schema$fn__20307$fn__20308.class,435,708
internal/node$fn__21282$__GT_SchemaType__21300.class,433,708
util/coll$pair.class,419,707
plumbing/fnk/schema$fn__20284$fn__20285.class,438,707
plumbing/fnk/schema$fn__20256$fn__20257.class,437,707
internal/transaction$fn__22856$__GT_SequenceLabelTXS__22858.class,419,707
internal/java$get_declared_methods_raw.class,445,707
_unpack/shared/luajit/jit/dis_mips64.lua,309,706
net/objecthunter/exp4j/operator/Operators$2.class,412,706
net/objecthunter/exp4j/operator/Operators$5.class,422,706
net/objecthunter/exp4j/operator/Operators$1.class,411,706
javax/xml/bind/attachment/AttachmentMarshaller.class,347,705
util/http_server$fn__25077.class,431,705
_unpack/x86_64-linux/bin/lsp/lua/meta/3rd/Cocos4.0/library/ccs/ComRender.lua,250,705
internal/node$fn__21306$__GT_ClassType__21324.class,429,705
plumbing/core$millis.class,450,704
_unpack/x86_64-linux/bin/lsp/lua/meta/3rd/OpenResty/library/ngx/resp.lua,356,704
net/objecthunter/exp4j/operator/Operators$3.class,417,703
util/crypto$string__GT_bytes.class,444,702
icons/64/Icons_39-GUI-Text-node.png,707,702
net/objecthunter/exp4j/operator/Operators$4.class,407,702
internal/cache$fn__19535.class,444,702
internal/node$fn__21412$__GT_NodeImpl__21431.class,424,702
_unpack/x86_64-linux/bin/lsp/lua/meta/3rd/example/config.json,329,701
util/http_server$fn__25004$G__25000__25006.class,423,701
_unpack/x86_64-linux/bin/lsp/lua/script/provider/inlay-hint.lua,297,701
javax/vecmath/TexCoord4f.class,373,701
antlr/ParseTreeToken.class,415,700
internal/graph$get_overrides.class,425,700
antlr/TokenStreamRewriteEngine$1.class,398,700
_unpack/x86_64-linux/bin/lsp/lua/script/provider/code-lens.lua,287,700
antlr/DefaultFileLineFormatter.class,401,700
util/path$leaf.class,439,699
util/crypto$bytes__GT_string.class,440,699
util/path$parent.class,438,699
javax/vecmath/TexCoord3f.class,375,698
javax/xml/bind/annotation/DomHandler.class,288,698
potemkin/PersistentMapProxy$MapEntry.class,380,698
icons/32/Icons_36-Texture.png,703,698
internal/transaction$fn__22688$__GT_DeleteNodesTXS__22690.class,411,697
javax/xml/bind/JAXB$Cache.class,399,697
util/http_server$fn__24972$G__24968__24974.class,428,696
_unpack/x86_64-linux/bin/lsp/lua/script/core/diagnostics/missing-global-doc.lua,328,696
util/http_server$fn__25067.class,437,696
icons/32/Icons_51-Collision-shape-convex.png,701,696
util/http_server$handler.class,425,696
internal/graph$node_values.class,442,695
util/path$root.class,436,695
util/path$fn__6963.class,440,695
internal/transaction$fn__22871$__GT_InvalidateTXS__22873.class,413,694
internal/transaction$fn__22661$__GT_AddNodesTXS__22663.class,416,694
internal/transaction$fn__22862$__GT_InvalidateTXC__22864.class,414,693
net/jpountz/lz4/LZ4ByteBufferUtils$Match.class,429,693
util/http_server$fn__24956$G__24952__24958.class,427,693
internal/graph$node_ids.class,443,692
icons/32/Icons_42-Layers.png,697,692
internal/paper_tape$fn__18816$G__18812__18818.class,422,691
_unpack/x86_64-linux/bin/lsp/lua/meta/3rd/Cocos4.0/library/cc/GLViewImpl.lua,255,691
internal/paper_tape$fn__18800$G__18796__18802.class,420,691
internal/transaction$fn__22829$__GT_DisconnectTXS__22831.class,410,690
_unpack/x86_64-linux/bin/lsp/lua/meta/3rd/Cocos4.0/library/cc/RemoveSelf.lua,259,689
internal/paper_tape$fn__18740$G__18734__18742.class,422,689
icons/32/Icons_10-Collisiongroup.png,694,689
internal/paper_tape$fn__18784$G__18732__18786.class,422,689
net/objecthunter/exp4j/function/Functions$20.class,404,688
internal/paper_tape$fn__18751$G__18736__18753.class,421,688
com/google/errorprone/annotations/IncompatibleModifiers.class,366,688
internal/paper_tape$fn__18773$G__18730__18775.class,422,688
internal/paper_tape$fn__18762$G__18728__18764.class,421,688
antlr/ActionTransInfo.class,424,687
util/http_server$fn__24988$G__24984__24990.class,424,687
util/digest$sha1.class,441,687
net/objecthunter/exp4j/function/Functions$22.class,394,686
internal/transaction$fn__22239$__GT_NonUndoable__22241.class,409,685
net/jpountz/util/darwin/aarch64/history.xml,261,685
util/array$primitive_array_QMARK_.class,422,685
net/objecthunter/exp4j/function/Functions$21.class,393,684
internal/transaction$fn__22815$__GT_ConnectTXS__22817.class,409,684
_unpack/shared/lua-annotations/zlib.editor_script,293,684
lua-annotations/zlib.editor_script,293,684
util/coll$preserving_reduced.class,421,684
internal/transaction$fn__22850$__GT_LabelTXS__22852.class,410,682
javax/xml/bind/JAXBIntrospector.class,381,680
com/google/errorprone/annotations/RequiredModifiers.class,363,680
plumbing/core$aconcat$fn__20915.class,428,678
net/jpountz/lz4/LZ4Exception.class,387,678
dynamo/graph$transfer_overrides.class,422,677
internal/node$output_labels.class,428,676
_unpack/x86_64-linux/bin/lsp/lua/meta/3rd/Cocos4.0/library/cc/EventListenerAssetsManagerEx.lua,224,675
internal/node$input_labels.class,427,674
icons/32/Icons_34-Gamepad.png,679,674
internal/cache$fn__19499$G__19422__19501.class,424,674
_unpack/x86_64-linux/bin/lsp/lua/meta/3rd/Cocos4.0/library/cc/Ref.lua,270,674
_unpack/x86_64-linux/bin/lsp/lua/meta/3rd/Cocos4.0/library/cc/TransitionSlideInR.lua,277,674
internal/java$instance_fields_raw$fn__6742.class,437,673
_unpack/x86_64-linux/bin/lsp/lua/meta/3rd/Cocos4.0/library/cc/TransitionSlideInT.lua,275,673
_unpack/x86_64-linux/bin/lsp/lua/meta/3rd/Cocos4.0/library/cc/TransitionSlideInB.lua,275,673
icons/32/Icons_T_03_Rotate.png,676,671
_unpack/x86_64-linux/bin/lsp/lua/script/tracy.lua,247,671
icons/45/Icons_T_03_Rotate.png,676,671
antlr/CSharpNameSpace.class,418,670
util/coll$flatten_xf.class,412,669
net/jpountz/lz4/LZ4SafeUtils$Match.class,414,669
com/googlecode/javaewah32/NonEmptyVirtualStorage32$NonEmptyException.class,371,669
com/google/errorprone/annotations/ForOverride.class,352,668
net/objecthunter/exp4j/function/Functions$6.class,383,667
_unpack/x86_64-linux/bin/lsp/lua/meta/3rd/Cocos4.0/library/cc/PhysicsSprite3D.lua,240,667
plumbing/fnk/pfnk$fn__20636$G__20632__20638.class,417,666
org/slf4j/Marker.class,400,666
_unpack/x86_64-linux/bin/lsp/lua/meta/3rd/Cocos4.0/library/ccui/RichElementNewLine.lua,281,665
internal/cache$fn__19475$G__19420__19477.class,417,665
internal/node$fn__21270$G__21240__21272.class,427,664
com/samskivert/mustache/Mustache$Collector.class,310,664
_unpack/x86_64-linux/bin/lsp/lua/meta/3rd/Cocos4.0/library/cc/Place.lua,257,664
_unpack/x86_64-linux/bin/lsp/lua/meta/3rd/Cocos4.0/library/ccs/GUIReader.lua,231,663
util/path$fn__6969.class,426,662
icons/document.iconset/icon_16x16.png,667,662
util/path$fn__6959.class,427,661
plumbing/fnk/pfnk$output.class,420,661
util/coll$sort$fn__4246.class,426,661
icons/64/Icons_29-AT-Unknown.png,548,661
javax/ws/rs/HttpMethod.class,372,661
antlr/debug/InputBufferAdapter.class,319,660
antlr/TokenStreamRewriteEngine$InsertBeforeOp.class,369,660
dynamo/graph$operation_sequence.class,413,659
antlr/debug/SyntacticPredicateAdapter.class,311,659
util/profiler$begin_frame.class,420,657
dynamo/graph$fn__23572.class,408,657
_unpack/x86_64-linux/bin/lsp/lua/meta/3rd/Cocos4.0/library/cc/BezierBy.lua,265,657
internal/node$fn__21248$G__21242__21250.class,421,656
util/id_vec$iv_entries.class,406,655
com/googlecode/javaewah/NonEmptyVirtualStorage$NonEmptyException.class,366,655
internal/graph$graph_QMARK_.class,400,655
net/objecthunter/exp4j/function/Functions$14.class,374,655
net/objecthunter/exp4j/function/Functions$12.class,371,654
net/objecthunter/exp4j/function/Functions$17.class,374,654
net/objecthunter/exp4j/function/Functions$10.class,370,654
net/objecthunter/exp4j/function/Functions$19.class,373,654
net/objecthunter/exp4j/function/Functions$13.class,371,654
javax/xml/bind/ContextFinder$3.class,380,654
net/objecthunter/exp4j/function/Functions$15.class,372,654
net/objecthunter/exp4j/function/Functions$18.class,374,654
net/objecthunter/exp4j/function/Functions$11.class,369,654
util/http_server$fn__25073.class,410,654
javax/xml/bind/Unmarshaller$Listener.class,334,654
net/objecthunter/exp4j/function/Functions$16.class,375,654
dynamo/graph$delete_nodes.class,408,654
internal/node$fn__21259$G__21244__21261.class,419,654
_unpack/x86_64-linux/bin/lsp/lua/meta/3rd/Cocos4.0/library/cc/ScaleBy.lua,205,654
net/jpountz/lz4/LZ4Utils$Match.class,408,653
net/objecthunter/exp4j/function/Functions$8.class,374,653
antlr/debug/ParserMatchAdapter.class,307,653
net/objecthunter/exp4j/function/Functions$7.class,374,653
util/http_server$fn__25075.class,406,653
_unpack/x86_64-linux/bin/lsp/lua/meta/3rd/Cocos4.0/library/cc/EventListenerPhysicsContactWithShapes.lua,183,652
util/http_server$fn__25152.class,384,652
com/google/errorprone/annotations/RestrictedApi.class,370,652
_unpack/x86_64-linux/bin/lsp/lua/meta/3rd/Cocos4.0/library/ccs/ComController.lua,218,651
net/objecthunter/exp4j/function/Functions$9.class,370,651
net/objecthunter/exp4j/function/Functions$3.class,371,651
net/objecthunter/exp4j/function/Functions$5.class,371,651
net/objecthunter/exp4j/function/Functions$2.class,370,651
net/objecthunter/exp4j/function/Functions$1.class,369,651
plumbing/fnk/schema$non_map_diff.class,392,650
internal/node$fn__21052$G__21048__21054.class,414,649
_unpack/x86_64-linux/bin/lsp/lua/meta/LuaJIT zh-cn utf8/table/new.lua,470,649
_unpack/x86_64-linux/bin/lsp/lua/meta/Lua 5.4 zh-cn utf8/table/new.lua,470,649
_unpack/x86_64-linux/bin/lsp/lua/meta/default utf8/System.Xml.XmlConfiguration.lua,179,649
javax/xml/bind/Validator.class,294,648
builtins/materials/model_skinned_instanced_lit.material,305,648
dynamo/graph$operation_label.class,397,647
potemkin.clj,285,647
internal/graph$fn__19889$__GT_Successors__19891.class,407,647
_unpack/x86_64-linux/bin/lsp/lua/meta/3rd/Cocos4.0/library/cc/EventListenerPhysicsContactWithBodies.lua,209,646
templates/template.render_script,195,645
internal/cache$fn__19510$__GT_NullCache__19512.class,391,644
builtins/fonts/font-fnt.vp,273,642
internal/node$fn__21362$__GT_ValueTypeRef__21377.class,397,641
util/net$default_progress_callback.class,402,640
internal/cache$fn__19537.class,399,640
util/path$fn__6946$G__6942__6948.class,410,639
internal/node$fn__21077$__GT_NodeTypeRef__21092.class,402,639
javax/xml/bind/annotation/XmlAnyElement.class,351,638
_unpack/x86_64-linux/bin/lsp/lua/meta/3rd/Cocos4.0/library/ccs/ScaleFrame.lua,172,638
_unpack/x86_64-linux/bin/lsp/lua/script/pub/report.lua,267,637
dynamo/graph$set_graph_value$fn__23368.class,405,636
icons/32/Icons_22-Model.png,641,636
antlr/debug/misc/ASTFrame$1.class,413,633
builtins/materials/model_instanced_lit.material,301,632
_unpack/x86_64-linux/bin/lsp/lua/meta/3rd/luv/library/uv_process_t.lua,329,632
shaders/mesh-preview.vp,264,632
org/jvnet/mimepull/MIMEEvent$StartMessage.class,333,631
antlr/ParserSharedInputState.class,371,631
_unpack/x86_64-linux/bin/lsp/lua/meta/3rd/Cocos4.0/library/cc/TransitionFadeDown.lua,259,631
_unpack/x86_64-linux/bin/lsp/lua/meta/3rd/Defold/library/label.lua,298,630
icons/64/Icons_20-Camera.png,635,630
_unpack/x86_64-linux/bin/lsp/lua/script/locale-loader.lua,266,627
_unpack/x86_64-linux/bin/lsp/lua/meta/3rd/Defold/config.json,257,625
antlr/ASdebug/ASDebugStream.class,353,625
util/http_server$fn__25146.class,382,624
util/http_server$fn__25069.class,381,624
_unpack/x86_64-linux/bin/lsp/lua/script/core/diagnostics/unused-label.lua,301,624
util/http_server$fn__25148.class,381,624
util/http_server$fn__25071.class,381,624
org/jvnet/mimepull/MIMEEvent$EndMessage.class,333,623
util/http_server$fn__25084.class,377,622
util/http_server$fn__25082.class,376,622
antlr/FileLineFormatter.class,333,622
util/http_server$fn__25134.class,377,621
util/http_server$fn__25132.class,376,621
util/http_server$fn__25090.class,377,621
util/http_server$fn__25136.class,376,621
net/objecthunter/exp4j/tokenizer/FunctionToken.class,313,621
util/http_server$fn__25138.class,376,621
util/http_server$fn__25088.class,377,621
icons/64/Icons_35-Inputbinding.png,440,620
builtins/fonts/font-singlelayer.fp,271,620
org/jvnet/mimepull/MIMEEvent$StartPart.class,326,619
_unpack/shared/luajit/jit/dis_arm64be.lua,282,619
util/pkid_vector$pkid_vector.class,370,617
_unpack/x86_64-linux/bin/lsp/lua/meta/3rd/Cocos4.0/library/cc/FlipX.lua,244,615
javax/xml/bind/JAXBContextFactory.class,254,614
icons/64/Icons_13-Atlas.png,618,613
_unpack/x86_64-linux/bin/lsp/lua/meta/3rd/Cocos4.0/library/cc/TransitionFadeUp.lua,257,613
builtins/materials/sprite_paged_atlas.material,313,613
_unpack/x86_64-linux/bin/lsp/lua/meta/3rd/Cocos4.0/library/cc/PhysicsJointPin.lua,203,613
_unpack/x86_64-linux/bin/lsp/lua/meta/3rd/Cocos4.0/library/cc/TransitionFadeBL.lua,258,613
_unpack/x86_64-linux/bin/lsp/lua/meta/3rd/Cocos4.0/library/cc/Timer.lua,227,612
_unpack/x86_64-linux/bin/lsp/lua/meta/3rd/Cocos4.0/library/cc/FlipY.lua,242,612
org/jvnet/mimepull/MIMEEvent$EndPart.class,327,611
com/google/errorprone/annotations/Var.class,332,609
_unpack/x86_64-linux/bin/lsp/lua/meta/3rd/Cocos4.0/library/cc/TransitionProgressHorizontal.lua,234,609
javax/vecmath/TexCoord2f.class,352,609
TestScript/TestDdf$OptionalNoDefaultValueOrBuilder.class,334,608
icons/32/Icons_28-AT-Font.png,613,608
javax/xml/bind/annotation/XmlAccessorOrder.class,322,606
javax/xml/bind/ContextFinder$5.class,356,606
_unpack/x86_64-linux/bin/lsp/lua/script/cli/init.lua,201,606
javax/xml/bind/annotation/XmlAccessorType.class,322,606
_unpack/x86_64-linux/bin/lsp/lua/meta/3rd/Cocos4.0/library/cc/TransitionSplitRows.lua,241,605
icons/32/Icons_39-GUI-Text-node.png,609,604
icons/64/Icons_24-AT-Animation.png,602,604
antlr/BlockWithImpliedExitPath.class,360,602
_unpack/x86_64-linux/bin/lsp/lua/meta/3rd/Cocos4.0/library/cc/PhysicsContact.lua,189,602
_unpack/x86_64-linux/bin/lsp/lua/meta/3rd/Cocos4.0/library/cc/TransitionProgressRadialCCW.lua,234,601
javax/xml/bind/annotation/XmlElementWrapper.class,346,601
dynamo/graph$make_tree_tracer$fn__23389.class,379,599
internal/transaction$eval22274.class,361,599
internal/transaction$eval22249.class,361,599
util/profiler$dump_json.class,381,599
util/http_client$request$fn__8273.class,380,599
internal/transaction$eval22256.class,360,599
internal/transaction$eval22264.class,360,599
icons/32/Icons_09-Collection.png,604,599
com/google/errorprone/annotations/DoNotMock.class,345,598
javax/xml/bind/Marshaller$Listener.class,314,595
_unpack/x86_64-linux/bin/lsp/lua/meta/3rd/Cocos4.0/library/cc/FadeIn.lua,245,595
_unpack/x86_64-linux/bin/lsp/lua/meta/3rd/Cocos4.0/library/cc/TransitionProgressRadialCW.lua,233,593
_unpack/x86_64-linux/bin/lsp/lua/meta/3rd/Cocos4.0/library/cc/TransitionProgressVertical.lua,231,593
doc/dmsdk-dlib-shared_library.h_doc.sdoc,331,592
com/google/errorprone/annotations/concurrent/LazyInit.class,314,591
internal/system$integer_counter.class,380,591
_unpack/x86_64-linux/bin/lsp/lua/meta/3rd/Cocos4.0/library/cc/EventListenerPhysicsContact.lua,229,591
_unpack/x86_64-linux/bin/lsp/lua/meta/3rd/Cocos4.0/library/cc/EventListenerPhysicsContactWithGroup.lua,195,590
_unpack/x86_64-linux/bin/lsp/lua/meta/3rd/Cocos4.0/library/cc/FiniteTimeAction.lua,191,590
_unpack/x86_64-linux/bin/lsp/lua/meta/3rd/Cocos4.0/library/cc/ActionInstant.lua,204,590
antlr/build/ANTLR$1.class,389,590
util/path$fn__6961.class,374,589
util/path$fn__6957.class,370,588
_unpack/x86_64-linux/bin/lsp/lua/meta/3rd/Cocos4.0/library/cc/EaseQuadraticActionInOut.lua,180,588
util/pkid_vector$eval18876.class,361,587
util/pkid_vector$eval18895.class,360,587
util/pkid_vector$eval18858.class,360,587
util/pkid_vector$eval18850.class,360,587
util/pkid_vector$eval18885.class,360,587
util/pkid_vector$eval18867.class,360,587
antlr/ANTLRTokdefParserTokenTypes.class,315,584
org/slf4j/helpers/NOPLoggerFactory.class,333,584
org/objectweb/asm/Edge.class,374,583
icons/45/Icons_T_06_Layers.png,588,583
icons/32/Icons_T_06_Layers.png,588,583
antlr/debug/GuessingEvent.class,350,582
_unpack/x86_64-linux/bin/lsp/lua/script/core/diagnostics/undefined-doc-param.lua,278,582
bundle/ios/Default-Portrait-1194h@2x.png,99,581
internal/paper_tape$paper_tape$fn__18842.class,354,581
scene-view.fxml,261,581
_unpack/x86_64-linux/bin/lsp/lua/meta/3rd/Cocos4.0/library/cc/ToggleVisibility.lua,211,580
icons/32/Icons_46-Collistionshape-convex-Cylinder.png,585,580
bundle/ios/Default-Landscape-1194h@2x.png,99,580
_unpack/x86_64-linux/bin/lsp/lua/meta/3rd/Cocos4.0/library/cc/FlipY3D.lua,245,578
builtins/materials/sprite.material,302,577
_unpack/x86_64-linux/bin/lsp/lua/meta/3rd/Cocos4.0/library/cc/MenuItemAtlasFont.lua,258,577
icons/32/Icons_T_01_Select.png,580,575
icons/45/Icons_T_01_Select.png,580,575
_unpack/x86_64-linux/bin/lsp/lua/script/provider/name-style.lua,263,574
_unpack/x86_64-linux/bin/lsp/lua/meta/3rd/OpenResty/library/resty/mysql.lua,212,573
org/json/simple/parser/ContentHandler.class,281,573
javax/xml/bind/attachment/AttachmentUnmarshaller.class,336,572
icons/32/Icons_29-AT-Unknown.png,577,572
internal/system$eval23017.class,360,571
_unpack/x86_64-linux/bin/lsp/lua/meta/3rd/Cocos4.0/library/cc/Sprite3DCache.lua,202,570
builtins/materials/particlefx_paged_atlas.fp,290,570
_unpack/x86_64-linux/bin/lsp/lua/meta/3rd/Cocos4.0/library/cc/TransitionProgressInOut.lua,231,569
_unpack/x86_64-linux/bin/lsp/lua/meta/3rd/Cocos4.0/library/cc/TransitionProgressOutIn.lua,231,569
util/eduction$eval3825.class,357,568
util/eduction$eval3783.class,355,568
util/eduction$eval3853.class,357,568
util/eduction$eval3797.class,355,568
util/eduction$eval3839.class,358,568
util/eduction$eval3811.class,356,568
util/eduction$eval3804.class,355,568
util/eduction$eval3860.class,357,568
util/eduction$eval3874.class,357,568
util/eduction$eval3832.class,357,568
util/eduction$eval3790.class,355,568
util/eduction$eval3867.class,356,568
util/eduction$eval3846.class,357,568
util/eduction$eval3818.class,356,568
_unpack/x86_64-linux/bin/lsp/lua/meta/3rd/OpenResty/library/table/clone.lua,330,568
_unpack/x86_64-linux/bin/lsp/lua/meta/3rd/Cocos4.0/library/cc/EaseQuadraticActionOut.lua,177,568
_unpack/x86_64-linux/bin/lsp/lua/meta/3rd/Cocos4.0/library/cc/EaseQuinticActionInOut.lua,177,568
_unpack/x86_64-linux/bin/lsp/lua/meta/3rd/Cocos4.0/library/cc/EaseQuarticActionInOut.lua,177,568
util/eduction$eval3741.class,354,566
util/eduction$eval3769.class,357,566
util/eduction$eval3731.class,354,566
util/eduction$eval3748.class,355,566
util/eduction$eval3762.class,355,566
util/eduction$eval3755.class,355,566
_unpack/x86_64-linux/bin/lsp/lua/meta/3rd/Cocos4.0/library/cc/ComponentLua.lua,227,566
javax/xml/bind/DataBindingException.class,319,566
util/eduction$eval3776.class,354,566
internal/graph$eval19901.class,359,565
_unpack/x86_64-linux/bin/lsp/lua/meta/3rd/Defold/library/image.lua,308,563
icons/16/Icons_19-ParicleFX-Modifier.png,568,563
javax/xml/bind/annotation/XmlAttribute.class,333,563
dynamo/graph$eval23440.class,357,562
dynamo/graph$eval23449.class,360,562
util/time$now.class,360,562
icons/32/Icons_45-Collistionshape-convex-Sphere.png,566,561
_unpack/x86_64-linux/bin/lsp/lua/meta/3rd/Cocos4.0/library/cc/TableViewCell.lua,238,560
util/net$fn__73505.class,359,559
_unpack/x86_64-linux/bin/lsp/lua/meta/3rd/Cocos4.0/library/cc/FadeOut.lua,227,559
_unpack/x86_64-linux/bin/lsp/lua/meta/3rd/Cocos4.0/library/ccs/ActionTimelineData.lua,165,559
_unpack/x86_64-linux/bin/lsp/lua/script/version.lua,255,559
_unpack/x86_64-linux/bin/lsp/lua/meta/3rd/Cocos4.0/library/cc/EaseCircleActionInOut.lua,176,558
_unpack/x86_64-linux/bin/lsp/lua/meta/3rd/Cocos4.0/library/cc/EaseQuadraticActionIn.lua,176,558
util/murmur$eval43652.class,353,557
util/murmur$eval43659.class,353,557
com/google/errorprone/annotations/Immutable.class,315,557
antlr/collections/impl/IntRange.class,362,556
icons/32/Icons_35-Inputbinding.png,356,556
antlr/TreeBlockContext.class,358,556
_unpack/x86_64-linux/bin/lsp/lua/meta/3rd/OpenResty/library/ngx/base64.lua,247,556
org/slf4j/event/EventConstants.class,349,555
com/cognitect/transit/WriteHandler.class,257,553
_unpack/x86_64-linux/bin/lsp/lua/meta/3rd/OpenResty/library/table/isempty.lua,276,550
_unpack/x86_64-linux/bin/lsp/lua/meta/3rd/Cocos4.0/library/cc/PhysicsJointFixed.lua,241,549
_unpack/x86_64-linux/bin/lsp/lua/meta/3rd/Cocos4.0/library/cc/EaseQuarticActionOut.lua,176,548
_unpack/x86_64-linux/bin/lsp/lua/meta/3rd/Cocos4.0/library/cc/DelayTime.lua,216,548
_unpack/x86_64-linux/bin/lsp/lua/meta/3rd/Cocos4.0/library/cc/EaseExponentialInOut.lua,178,548
_unpack/x86_64-linux/bin/lsp/lua/meta/3rd/Cocos4.0/library/cc/EaseCubicActionInOut.lua,177,548
_unpack/x86_64-linux/bin/lsp/lua/meta/3rd/Cocos4.0/library/cc/EaseQuinticActionOut.lua,176,548
bundle/ios/Default-Portrait-1112h@2x.png,98,547
util/coll$eval3938.class,352,545
icons/32/Icons_41-GUI-Pie-node.png,550,545
util/diff$eval33246.class,352,545
bundle/ios/Default-Landscape-1112h@2x.png,98,545
util/coll$eval4104.class,350,544
util/coll$eval4097.class,352,544
doc/dmsdk-physics-physics.h_doc.sdoc,227,544
_unpack/x86_64-linux/bin/lsp/lua/meta/3rd/luv/library/luv_work_ctx_t.lua,287,543
_unpack/x86_64-linux/bin/lsp/lua/meta/3rd/Cocos4.0/library/ccs/EventFrame.lua,174,543
javax/ws/rs/ext/RuntimeDelegate$HeaderDelegate.class,277,543
com/cognitect/transit/MapReader.class,251,542
net/objecthunter/exp4j/tokenizer/VariableToken.class,310,542
icons/32/Icons_M_08_bigclose.png,547,542
_unpack/x86_64-linux/bin/lsp/lua/script/meta/bee/channel.lua,187,542
antlr/ExceptionSpec.class,351,542
util/num$eval16323.class,351,541
util/num$eval16278.class,354,541
util/num$eval16293.class,352,541
util/num$eval16228.class,352,541
util/num$eval16308.class,352,541
util/num$eval16364.class,351,541
util/num$eval16346.class,351,541
util/num$eval16372.class,352,541
util/num$eval16261.class,352,541
util/num$eval16212.class,350,541
util/num$eval16354.class,351,541
util/num$eval16331.class,351,541
util/num$eval16220.class,352,541
util/num$eval16196.class,350,541
util/num$eval16338.class,351,541
util/num$eval16301.class,352,541
util/num$eval16390.class,351,541
util/num$eval16269.class,353,541
util/num$eval16382.class,351,541
util/num$eval16400.class,352,541
util/num$eval16253.class,353,541
util/num$eval16204.class,351,541
util/num$eval16316.class,351,541
util/num$eval16245.class,353,541
util/num$eval16286.class,353,541
util/num$eval16237.class,353,541
util/num$eval16188.class,350,541
_unpack/x86_64-linux/bin/lsp/lua/script/core/command/exportDocument.lua,276,541
util/num$eval16094.class,351,540
util/num$eval16106.class,350,540
util/num$eval16082.class,351,540
util/num$eval16059.class,353,539
util/num$eval16073.class,351,539
util/num$eval16123.class,350,539
antlr/PythonBlockFinishingInfo.class,360,539
util/num$eval16144.class,351,539
util/num$eval16172.class,350,539
util/num$eval16066.class,351,539
util/num$eval16130.class,350,539
util/num$eval16151.class,351,539
util/num$eval16158.class,351,539
util/num$eval16180.class,351,539
util/num$eval16137.class,351,539
antlr/CSharpBlockFinishingInfo.class,362,539
util/num$eval16116.class,350,539
util/num$eval16165.class,351,539
_unpack/x86_64-linux/bin/lsp/lua/meta/3rd/Cocos4.0/library/cc/EaseCircleActionOut.lua,175,538
_unpack/x86_64-linux/bin/lsp/lua/meta/3rd/Cocos4.0/library/cc/EaseQuarticActionIn.lua,175,538
_unpack/x86_64-linux/bin/lsp/lua/meta/3rd/Cocos4.0/library/cc/EaseQuinticActionIn.lua,176,538
_unpack/x86_64-linux/bin/lsp/lua/meta/3rd/Cocos4.0/library/ccs/TextureFrame.lua,172,537
_unpack/x86_64-linux/bin/lsp/lua/meta/3rd/Cocos4.0/library/cc/EaseElasticInOut.lua,178,537
_unpack/x86_64-linux/bin/lsp/lua/meta/3rd/Cocos4.0/library/ccs/SkewFrame.lua,168,535
antlr/JavaBlockFinishingInfo.class,355,535
_unpack/x86_64-linux/bin/lsp/lua/script/meta/bee/filewatch.lua,201,535
antlr/debug/ParserTokenAdapter.class,292,534
potemkin/PersistentMapProxy$IMap.class,246,532
util/fn$eval6781.class,348,530
antlr/debug/Event.class,323,529
org/slf4j/spi/MDCAdapter.class,270,529
_unpack/x86_64-linux/bin/lsp/lua/meta/3rd/Cocos4.0/library/cc/EaseCircleActionIn.lua,173,528
javax/vecmath/Point4i.class,334,528
_unpack/x86_64-linux/bin/lsp/lua/script/parser/lines.lua,238,528
antlr/CppBlockFinishingInfo.class,353,528
_unpack/x86_64-linux/bin/lsp/lua/meta/3rd/Cocos4.0/library/cc/EaseExponentialOut.lua,177,528
_unpack/x86_64-linux/bin/lsp/lua/meta/3rd/Cocos4.0/library/cc/EaseCubicActionOut.lua,175,528
logback.xml,331,527
antlr/JavaCodeGeneratorPrintWriterManager.class,299,527
_unpack/x86_64-linux/bin/lsp/lua/meta/3rd/Cocos4.0/library/ccs/MovementBoneData.lua,183,526
com/googlecode/javaewah32/IteratingRLW32.class,311,525
javax/vecmath/Point3i.class,335,525
javax/vecmath/Point2i.class,328,523
_unpack/x86_64-linux/bin/lsp/lua/meta/default utf8/UnityEngine.XR.WSA.lua,171,523
javax/ws/rs/core/SecurityContext.class,331,523
antlr/TokenStreamRecognitionException.class,304,523
com/cognitect/transit/SPI/ReaderSPI.class,218,522
antlr/debug/MessageAdapter.class,289,521
com/googlecode/javaewah/IteratingRLW.class,313,521
_unpack/x86_64-linux/bin/lsp/lua/meta/3rd/Cocos4.0/library/cc/CardinalSplineBy.lua,184,521
_unpack/x86_64-linux/bin/lsp/lua/meta/3rd/Cocos4.0/library/ccs/AnimationData.lua,185,521
antlr/debug/SemanticPredicateAdapter.class,286,521
builtins/graphics/particle_blob.png,524,519
_unpack/x86_64-linux/bin/lsp/lua/meta/3rd/Cocos4.0/library/ccui/RelativeBox.lua,212,519
_unpack/x86_64-linux/bin/lsp/lua/meta/3rd/Cocos4.0/library/cc/TransitionProgress.lua,222,518
_unpack/x86_64-linux/bin/lsp/lua/meta/3rd/Cocos4.0/library/cc/EaseExponentialIn.lua,174,518
_unpack/x86_64-linux/bin/lsp/lua/meta/3rd/Cocos4.0/library/cc/EaseCubicActionIn.lua,173,518
com/googlecode/javaewah/CloneableIterator.class,275,518
_unpack/x86_64-linux/bin/lsp/lua/meta/3rd/Cocos4.0/library/cc/EaseElasticOut.lua,176,517
_unpack/x86_64-linux/bin/lsp/lua/meta/3rd/Cocos4.0/library/cc/TransitionRotoZoom.lua,221,517
_unpack/x86_64-linux/bin/lsp/lua/meta/3rd/Cocos4.0/library/cc/TransitionJumpZoom.lua,223,517
icons/16/Icons_13-Atlas.png,522,517
icons/16/Icons_31-Material.png,521,516
javax/xml/bind/annotation/XmlEnum.class,303,516
_unpack/x86_64-linux/bin/lsp/lua/meta/3rd/Cocos4.0/library/cc/EventListenerAcceleration.lua,169,516
icons/16/Icons_50-Display-profiles.png,521,516
TestScript/TestDdf$RepeatedItemOrBuilder.class,293,514
icons/16/Icons_05-Project-info.png,519,514
com/google/errorprone/annotations/InlineMe.class,312,514
javax/xml/bind/annotation/XmlRootElement.class,298,513
icons/32/Icons_63-Push-Down-Override.png,517,512
_unpack/x86_64-linux/bin/lsp/lua/meta/3rd/luv/library/luv_thread_t.lua,256,512
_unpack/x86_64-linux/bin/lsp/lua/meta/3rd/Cocos4.0/library/cc/StopGrid.lua,216,512
_unpack/x86_64-linux/bin/lsp/lua/meta/3rd/Cocos4.0/library/cc/TransitionMoveInR.lua,221,511
_unpack/x86_64-linux/bin/lsp/lua/meta/3rd/Cocos4.0/library/cc/TransitionMoveInB.lua,221,511
_unpack/x86_64-linux/bin/lsp/lua/meta/3rd/Cocos4.0/library/cc/TransitionMoveInT.lua,221,511
icons/32/Icons_21-Light.png,516,511
builtins/materials/particlefx.fp,263,510
icons/16/Icons_37-Texture-profile.png,515,510
_unpack/x86_64-linux/bin/lsp/lua/meta/3rd/Cocos4.0/library/cc/EaseElasticIn.lua,174,507
_unpack/x86_64-linux/bin/lsp/lua/meta/3rd/OpenResty/library/table/nkeys.lua,276,507
module-info.class,289,506
com/cognitect/transit/ArrayReader.class,246,505
com/google/errorprone/annotations/CheckReturnValue.class,301,505
_unpack/x86_64-linux/bin/lsp/lua/meta/default utf8/UnityEngineInternal.XR.WSA.lua,169,505
_unpack/x86_64-linux/bin/lsp/lua/script/vm/precompile.lua,206,504
bundle/ios/Default-Portrait-896h@3x.png,99,504
com/google/errorprone/annotations/Keep.class,305,502
javax/ws/rs/Produces.class,300,502
javax/ws/rs/Consumes.class,299,502
_unpack/x86_64-linux/bin/lsp/lua/meta/3rd/Cocos4.0/library/cc/TransitionZoomFlipAngular.lua,186,500
templates/template.spot_light,139,500
com/google/errorprone/annotations/concurrent/UnlockMethod.class,297,500
bundle/ios/Default-Landscape-896h@3x.png,98,500
antlr/TokenStreamException.class,284,499
_unpack/x86_64-linux/bin/lsp/lua/meta/3rd/Cocos4.0/library/cc/EventListenerTouchAllAtOnce.lua,157,498
_unpack/x86_64-linux/bin/lsp/lua/meta/3rd/Cocos4.0/library/cc/EaseBounceInOut.lua,175,498
javax/xml/bind/annotation/adapters/XmlJavaTypeAdapters.class,273,496
com/google/errorprone/annotations/CanIgnoreReturnValue.class,291,496
com/google/errorprone/annotations/concurrent/LockMethod.class,296,496
riddley/Util.java,216,495
Util.java,216,495
builtins/materials/particlefx_paged_atlas.vp,235,493
icons/32/Icons_03-Builtins.png,497,492
_unpack/x86_64-linux/bin/lsp/lua/meta/default utf8/UnityEngine.Experimental.AssetBundlePatching.lua,172,491
_unpack/x86_64-linux/bin/lsp/lua/meta/3rd/OpenResty/library/resty/limit/conn.lua,189,490
icons/16/Icons_08-Collection-factory.png,495,490
_unpack/x86_64-linux/bin/lsp/lua/meta/3rd/Cocos4.0/library/ccs/AnchorPointFrame.lua,163,489
_unpack/x86_64-linux/bin/lsp/lua/meta/3rd/Cocos4.0/library/ccs/ArmatureData.lua,182,489
com/google/errorprone/annotations/OverridingMethodsMustInvokeSuper.class,277,489
icons/16/Icons_30-Render.png,493,488
editor/resource/Resource,266,488
javax/ws/rs/HeaderParam.class,292,488
_unpack/x86_64-linux/bin/lsp/lua/meta/3rd/Cocos4.0/library/ccs/TextureData.lua,179,488
com/google/errorprone/annotations/CompatibleWith.class,283,487
_unpack/x86_64-linux/bin/lsp/lua/script/plugins/ffi/c-parser/util.lua,226,486
antlr/ANTLRException.class,275,486
_unpack/x86_64-linux/bin/lsp/lua/meta/3rd/Cocos4.0/library/ccb/TextureCubemapBackend.lua,228,486
icons/16/Icons_49-Collision-object.png,490,485
_unpack/x86_64-linux/bin/lsp/lua/meta/3rd/Defold/library/json.lua,220,485
TestScript/TestDdf$LuaDDFBufferOverflowOrBuilder.class,295,484
_unpack/x86_64-linux/bin/lsp/lua/meta/3rd/Cocos4.0/library/cc/CatmullRomBy.lua,234,483
_unpack/x86_64-linux/bin/lsp/lua/meta/3rd/Cocos4.0/library/cc/PhysicsContactPostSolve.lua,179,483
antlr/collections/impl/ASTArray.class,311,482
_unpack/x86_64-linux/bin/lsp/lua/meta/3rd/Cocos4.0/library/cc/CatmullRomTo.lua,233,482
javax/ws/rs/Encoded.class,292,480
_unpack/x86_64-linux/bin/lsp/lua/meta/3rd/OpenResty/library/table/isarray.lua,266,480
icons/16/Icons_23-Cubemap.png,484,479
com/google/errorprone/annotations/CompileTimeConstant.class,276,479
_unpack/x86_64-linux/bin/lsp/lua/meta/3rd/Cocos4.0/library/cc/EventListenerController.lua,186,478
_unpack/x86_64-linux/bin/lsp/lua/meta/3rd/Cocos4.0/library/cc/EaseBackInOut.lua,173,478
_unpack/x86_64-linux/bin/lsp/lua/meta/3rd/Cocos4.0/library/cc/EaseSineInOut.lua,174,478
_unpack/x86_64-linux/bin/lsp/lua/meta/3rd/Cocos4.0/library/cc/EaseBounceOut.lua,172,478
bundle/ios/Default-Portrait-1024h@2x.png,95,477
com/cognitect/transit/impl/Tag.class,300,477
_unpack/x86_64-linux/bin/lsp/lua/meta/3rd/Cocos4.0/library/ccs/BlendFuncFrame.lua,155,477
_unpack/x86_64-linux/bin/lsp/lua/meta/3rd/Cocos4.0/library/cc/BezierTo.lua,199,477
bundle/ios/Default-Landscape-1024h@2x.png,96,477
antlr/debug/TraceAdapter.class,273,476
com/cognitect/transit/MapReadHandler.class,225,476
javax/xml/bind/annotation/XmlElementRefs.class,270,475
shaders/selection-instance-paged.vp,223,474
_unpack/x86_64-linux/bin/lsp/lua/meta/default utf8/UnityEngine.XR.Provider.lua,222,474
_unpack/x86_64-linux/bin/lsp/lua/meta/3rd/Cocos4.0/library/cc/EaseInOut.lua,179,473
_unpack/x86_64-linux/bin/lsp/lua/meta/3rd/Cocos4.0/library/cc/TransitionFlipAngular.lua,183,472
antlr/SemanticException.class,279,471
editor/gl/shader/ShaderVariables,218,471
_unpack/x86_64-linux/bin/lsp/lua/meta/3rd/Cocos4.0/library/ccs/MovementData.lua,171,470
icons/16/Icons_43-Tilesource-Collgroup.png,473,468
_unpack/x86_64-linux/bin/lsp/lua/meta/3rd/Cocos4.0/library/cc/EaseBounceIn.lua,171,468
com/google/errorprone/annotations/FormatMethod.class,277,468
_unpack/x86_64-linux/bin/lsp/lua/meta/3rd/OpenResty/library/resty/websocket/server.lua,248,466
javax/xml/bind/annotation/XmlElements.class,268,466
com/google/errorprone/annotations/DoNotCall.class,281,466
icons/32/Icons_X_04_Ease_ease.png,471,466
shaders/basic-texture-paged-color.vp,230,466
javax/xml/bind/annotation/adapters/XmlJavaTypeAdapter$DEFAULT.class,273,465
_unpack/x86_64-linux/bin/lsp/lua/script/vm/init.lua,171,464
_unpack/x86_64-linux/bin/lsp/lua/meta/3rd/Cocos4.0/library/ccs/BoneData.lua,176,464
antlr/GrammarSymbol.class,289,464
_unpack/x86_64-linux/bin/lsp/lua/meta/3rd/Cocos4.0/library/cc/ParticleData.lua,178,464
icons/16/Icons_32-Vertex-shader.png,468,463
com/cognitect/transit/ArrayReadHandler.class,222,463
javax/xml/bind/annotation/XmlSchemaTypes.class,264,463
_unpack/x86_64-linux/bin/lsp/lua/meta/3rd/Cocos4.0/library/cc/TransitionEaseScene.lua,205,463
icons/16/Icons_17-ParticleFX.png,468,463
javax/xml/bind/annotation/XmlMimeType.class,281,462
javax/ws/rs/core/Response$StatusType.class,261,462
icons/16/Icons_18-ParticleFX-emitter.png,466,461
_unpack/x86_64-linux/bin/lsp/lua/meta/3rd/Cocos4.0/library/cc/Show.lua,206,461
_unpack/x86_64-linux/bin/lsp/lua/meta/3rd/Cocos4.0/library/cc/Hide.lua,201,460
icons/16/Icons_12-Script-type.png,464,459
_unpack/x86_64-linux/bin/lsp/lua/meta/3rd/Cocos4.0/library/cc/EaseSineOut.lua,172,458
com/google/errorprone/annotations/concurrent/GuardedBy.class,282,458
_unpack/x86_64-linux/bin/lsp/lua/meta/3rd/Cocos4.0/library/cc/TransitionZoomFlipX.lua,181,458
_unpack/x86_64-linux/bin/lsp/lua/meta/3rd/Cocos4.0/library/cc/EaseBackOut.lua,171,458
engine-profiler/remotery/vis/extern/BrowserLib/WindowManager/Code/Label.js,274,458
_unpack/x86_64-linux/bin/lsp/lua/meta/3rd/Cocos4.0/library/cc/TransitionZoomFlipY.lua,181,458
shaders/cubemap.fp,213,456
_unpack/x86_64-linux/bin/lsp/lua/meta/default utf8/UnityEngine.Apple.TV.lua,161,456
org/slf4j/spi/LocationAwareLogger.class,278,455
javax/xml/bind/SchemaOutputResolver.class,292,455
_unpack/x86_64-linux/bin/lsp/lua/meta/3rd/Cocos4.0/library/ccui/VBox.lua,204,455
_unpack/x86_64-linux/bin/lsp/lua/meta/3rd/Cocos4.0/library/ccui/HBox.lua,205,455
_unpack/x86_64-linux/bin/lsp/lua/meta/3rd/Cocos4.0/library/ccs/PlayableFrame.lua,158,455
engine-profiler/remotery/vis/extern/BrowserLib/Core/Code/Core.js,270,454
javax/ws/rs/core/Context.class,274,454
javax/ws/rs/core/MultivaluedMap.class,244,454
_unpack/x86_64-linux/bin/lsp/lua/meta/3rd/Cocos4.0/library/cc/EventTouch.lua,195,453
_unpack/x86_64-linux/bin/lsp/lua/meta/3rd/Cocos4.0/library/cc/EaseOut.lua,176,453
com/google/errorprone/annotations/FormatString.class,262,452
icons/16/Icons_48-Tilemap.png,455,450
icons/16/Icons_38-GUI.png,455,450
shaders/cubemap.vp,204,450
javax/ws/rs/DefaultValue.class,277,450
_unpack/x86_64-linux/bin/lsp/lua/meta/3rd/Cocos4.0/library/ccs/RotationFrame.lua,152,449
shaders/selection-attribute-paged.vp,217,449
icons/16/Icons_25-AT-Image.png,453,448
javax/ws/rs/CookieParam.class,278,448
_unpack/x86_64-linux/bin/lsp/lua/meta/3rd/Cocos4.0/library/cc/EaseSineIn.lua,169,448
builtins/materials/gui_paged_atlas.vp,210,448
_unpack/x86_64-linux/bin/lsp/lua/meta/3rd/Cocos4.0/library/cc/EaseBackIn.lua,168,448
javax/ws/rs/MatrixParam.class,277,448
icons/16/Icons_33-Fragment-shader.png,451,446
icons/16/Icons_07-Factory.png,451,446
javax/ws/rs/QueryParam.class,278,446
javax/vecmath/VecMathUtil.class,316,445
javax/ws/rs/FormParam.class,277,444
editor/code/view/GutterView,169,444
javax/ws/rs/PathParam.class,277,444
_unpack/x86_64-linux/bin/lsp/lua/meta/3rd/Cocos4.0/library/cc/EventListenerKeyboard.lua,154,444
_unpack/x86_64-linux/bin/lsp/lua/meta/3rd/Cocos4.0/library/cc/PhysicsShapeEdgePolygon.lua,198,444
_unpack/x86_64-linux/bin/lsp/lua/meta/3rd/Cocos4.0/library/cc/EaseIn.lua,174,443
javax/xml/bind/annotation/XmlInlineBinaryData.class,263,442
com/samskivert/mustache/Mustache$Lambda.class,248,441
javax/xml/bind/annotation/XmlAttachmentRef.class,269,441
builtins/materials/sprite_paged_atlas.fp,241,439
builtins/fonts/font-fnt.fp,218,439
_unpack/x86_64-linux/bin/lsp/lua/meta/3rd/Cocos4.0/library/ccs/VisibleFrame.lua,154,438
icons/32/Icons_M_09_search.png,442,437
_unpack/x86_64-linux/bin/lsp/lua/meta/3rd/Cocos4.0/library/ccs/DisplayData.lua,170,436
javax/xml/bind/JAXBPermission.class,291,435
_unpack/x86_64-linux/bin/lsp/lua/meta/3rd/Defold/library/zlib.lua,185,435
com/googlecode/javaewah/LogicalElement.class,249,433
javax/xml/bind/annotation/XmlEnumValue.class,260,433
javax/xml/bind/ValidationEvent.class,280,433
org/slf4j/event/LoggingEvent.class,267,432
com/google/errorprone/annotations/SuppressPackageLocation.class,255,432
bundle/ios/Default-Portrait-736h@3x.png,99,431
shaders/infinity-grid.vp,201,431
_unpack/x86_64-linux/bin/lsp/lua/meta/default utf8/UnityEngine.Lumin.lua,212,430
_unpack/x86_64-linux/bin/lsp/lua/meta/3rd/Cocos4.0/library/cc/TransitionFlipX.lua,177,430
_unpack/x86_64-linux/bin/lsp/lua/meta/3rd/Cocos4.0/library/cc/TransitionFlipY.lua,177,430
bundle/ios/Default-Portrait-812h@3x.png,98,430
_unpack/x86_64-linux/bin/lsp/lua/meta/3rd/Cocos4.0/library/cc/CallFunc.lua,170,429
icons/16/Icons_24-AT-Animation.png,434,429
icons/32/Icons_X_05_Ease_in.png,434,429
javax/xml/bind/annotation/XmlSeeAlso.class,260,428
_unpack/x86_64-linux/bin/lsp/lua/meta/3rd/Cocos4.0/library/cc/PhysicsShapeEdgeChain.lua,197,428
javax/xml/bind/annotation/XmlTransient.class,258,428
bundle/ios/Default-Landscape-736h@3x.png,98,428
bundle/ios/Default-Landscape-812h@3x.png,98,428
icons/16/Icons_27-AT-Mesh.png,432,427
antlr/Version.class,293,427
antlr/StringLiteralSymbol.class,263,425
javax/ws/rs/OPTIONS.class,258,425
javax/ws/rs/ApplicationPath.class,257,424
_unpack/x86_64-linux/bin/lsp/lua/meta/3rd/Cocos4.0/library/cc/AmbientLight.lua,186,424
_unpack/x86_64-linux/bin/lsp/lua/meta/3rd/Cocos4.0/library/ccs/AlphaFrame.lua,155,423
_unpack/x86_64-linux/bin/lsp/lua/meta/whimsical/builtin.lua,169,423
javax/xml/bind/annotation/XmlList.class,260,423
_unpack/x86_64-linux/bin/lsp/lua/meta/3rd/Cocos4.0/library/ccs/ColorFrame.lua,154,423
_unpack/x86_64-linux/bin/lsp/lua/meta/3rd/Cocos4.0/library/cc/AutoPolygon.lua,235,423
javax/ws/rs/ext/Provider.class,250,423
javax/xml/bind/annotation/XmlAnyAttribute.class,255,422
builtins/materials/particlefx_paged_atlas.material,225,422
javax/ws/rs/DELETE.class,256,422
icons/32/Icons_S_12_notvisible.png,427,422
icons/32/Icons_X_06_Ease_out.png,427,422
javax/xml/bind/annotation/XmlElementDecl$GLOBAL.class,264,419
icons/32/Icons_X_01_Arrowoutlinel.png,424,419
icons/16/Icons_14-Sprite.png,424,419
javax/xml/bind/annotation/XmlElementRef$DEFAULT.class,262,418
javax/xml/bind/annotation/XmlSchemaType$DEFAULT.class,263,418
antlr/actions/python/CodeLexerTokenTypes.class,258,417
_unpack/x86_64-linux/bin/lsp/lua/meta/3rd/Cocos4.0/library/ccs/ZOrderFrame.lua,151,417
_unpack/x86_64-linux/bin/lsp/lua/meta/3rd/Cocos4.0/library/cc/EventListenerFocus.lua,151,417
_unpack/x86_64-linux/bin/lsp/lua/meta/3rd/Cocos4.0/library/cc/EventListenerMouse.lua,151,417
javax/ws/rs/POST.class,256,416
javax/ws/rs/HEAD.class,255,416
javax/ws/rs/Path.class,262,416
icons/16/Icons_47-Tilesource.png,419,414
antlr/TokenStreamIOException.class,265,414
icons/16/Icons_11-Script-general.png,418,413
javax/ws/rs/PUT.class,254,413
javax/ws/rs/GET.class,254,413
antlr/CharStreamIOException.class,264,411
_unpack/x86_64-linux/bin/lsp/lua/meta/3rd/bee/library/bee/channel.lua,174,411
cljs/tools/reader/reader_types.clj,240,410
icons/64/Icons_52-Collection-proxy.png,382,409
javax/xml/bind/annotation/XmlIDREF.class,248,408
javax/xml/bind/annotation/XmlMixed.class,248,408
javax/xml/bind/annotation/XmlValue.class,247,408
_unpack/x86_64-linux/bin/lsp/lua/meta/3rd/Cocos4.0/library/cc/EventFocus.lua,177,407
com/googlecode/javaewah32/BitmapStorage32.class,263,406
javax/xml/bind/annotation/XmlElement$DEFAULT.class,260,406
_unpack/x86_64-linux/bin/lsp/lua/meta/3rd/Cocos4.0/library/cc/EventCustom.lua,191,404
com/googlecode/javaewah/BitmapStorage.class,262,403
javax/xml/bind/annotation/XmlID.class,246,402
icons/32/Icons_X_07_Hold.png,407,402
javax/xml/bind/annotation/XmlNs.class,254,401
icons/16/Icons_36-Texture.png,404,399
javax/xml/bind/annotation/XmlRegistry.class,241,399
icons/32/Icons_20-Camera.png,403,398
templates/template.font,260,397
com/samskivert/gwt/java/io/StringReader.java,238,396
com/samskivert/mustache/MustacheParseException.java,208,395
icons/32/Icons_X_02_Arrowoutliner.png,400,395
shaders/selection-uniform-paged.fp,216,395
javax/xml/bind/annotation/XmlType$DEFAULT.class,258,394
antlr/TokenStreamRewriteEngine$DeleteOp.class,255,394
net/objecthunter/exp4j/tokenizer/ArgumentSeparatorToken.class,243,392
com/google/errorprone/annotations/InlineMeValidationDisabled.class,257,392
icons/16/Icons_26-AT-Sound.png,396,391
_unpack/x86_64-linux/bin/lsp/lua/meta/template/jit.profile.lua,211,390
icons/16/Icons_39-GUI-Text-node.png,394,389
javax/xml/bind/JAXBElement$GlobalScope.class,256,389
builtins/materials/particlefx.vp,206,388
net/objecthunter/exp4j/tokenizer/CloseParenthesesToken.class,241,388
builtins/materials/particlefx.material,215,386
builtins/materials/sprite_paged_atlas.vp,203,385
net/objecthunter/exp4j/tokenizer/OpenParenthesesToken.class,240,385
com/cognitect/transit/impl/Quote.class,257,384
com/samskivert/gwt/java/io/StringWriter.java,236,383
icons/16/Icons_42-Layers.png,388,383
antlr/ASdebug/TokenOffsetInfo.class,284,382
_unpack/x86_64-linux/bin/lsp/lua/meta/3rd/Cocos4.0/library/ccs/SpriteDisplayData.lua,143,380
lua-annotations/builtins.editor_script,229,380
antlr/collections/List.class,248,380
_unpack/shared/lua-annotations/builtins.editor_script,229,380
icons/32/Icons_62-Pull-Up-Override.png,385,380
builtins/materials/tile_map.fp,214,379
shaders/selection-instance.vp,193,378
icons/32/Icons_M_03_colorpicker.png,383,378
builtins/materials/tile_map.material,214,378
builtins/materials/sprite.fp,212,378
icons/16/Icons_06-Game-object.png,382,377
_unpack/x86_64-linux/bin/lsp/lua/meta/3rd/example/plugin.lua,231,376
org/jvnet/mimepull/DecodingException.class,249,375
_unpack/x86_64-linux/bin/lsp/lua/meta/3rd/Cocos4.0/library/cc/EventListenerCustom.lua,151,375
_unpack/x86_64-linux/bin/lsp/lua/meta/3rd/Cocos4.0/library/cc/RenderState.lua,205,374
_unpack/x86_64-linux/bin/lsp/lua/script/encoder/ansi.lua,151,374
com/google/errorprone/annotations/MustBeClosed.class,242,373
shaders/basic-texture-color.vp,199,370
_unpack/x86_64-linux/bin/lsp/lua/meta/3rd/Cocos4.0/library/cc/Grid3DAction.lua,166,370
icons/32/Icons_53-Step-Over.png,375,370
shaders/selection-instance-paged.fp,200,370
shaders/selection-attribute-paged.fp,200,370
_unpack/x86_64-linux/bin/lsp/lua/meta/3rd/Cocos4.0/library/ccs/ContourData.lua,160,369
icons/32/Icons_S_11_visible.png,374,369
shaders/selection-uniform-paged.vp,191,369
shaders/basic-texture-paged.vp,191,369
_unpack/x86_64-linux/bin/lsp/lua/meta/3rd/OpenResty/config.json,162,367
_unpack/x86_64-linux/bin/lsp/lua/meta/3rd/Cocos4.0/library/cc/EventKeyboard.lua,183,362
_unpack/x86_64-linux/bin/lsp/lua/meta/3rd/OpenResty/library/resty/md5.lua,204,361
builtins/materials/gui.vp,182,360
_unpack/x86_64-linux/bin/lsp/lua/meta/3rd/Cocos4.0/library/cc/Layer.lua,179,360
icons/32/Icons_X_03_Bezier.png,364,359
antlr/debug/ParserListener.class,190,358
_unpack/x86_64-linux/bin/lsp/lua/meta/LuaJIT zh-cn utf8/jit/profile.lua,180,356
_unpack/x86_64-linux/bin/lsp/lua/meta/Lua 5.4 zh-cn utf8/jit/profile.lua,180,356
com/google/errorprone/annotations/NoAllocation.class,226,354
icons/32/Icons_E_02_error.png,359,354
internal/cache/CacheExtensions.class,205,354
shaders/selection-attribute.vp,188,353
com/googlecode/javaewah32/symmetric/BitmapSymmetricAlgorithm32.class,211,353
icons/16/Icons_34-Gamepad.png,357,352
com/cognitect/transit/Ratio.class,230,352
_unpack/x86_64-linux/bin/lsp/lua/meta/3rd/OpenResty/library/resty/limit/req.lua,150,352
_unpack/x86_64-linux/bin/lsp/lua/meta/3rd/Cocos4.0/library/ccs/BaseData.lua,152,352
icons/tabs/ic_search-results-grey.png,355,350
editor/types/GeomCloud,194,350
antlr/ExceptionHandler.class,256,350
icons/16/Icons_10-Collisiongroup.png,354,349
_unpack/x86_64-linux/bin/lsp/lua/script/core/view/psi-select.lua,179,349
icons/32/Icons_E_01_warning.png,352,347
icons/32/Icons_S_08_arrow-d-right.png,352,347
icons/16/Icons_09-Collection.png,351,346
icons/64/Icons_02-Folder-open.png,351,346
templates/template.point_light,117,345
com/samskivert/mustache/Mustache$VariableFetcher.class,215,345
scene/images/eye_open.svg,188,344
_unpack/x86_64-linux/bin/lsp/lua/meta/3rd/Cocos4.0/library/cc/TMXLayerInfo.lua,154,342
antlr/collections/impl/LLCell.class,239,341
icons/32/Icons_40-GUI-Box-node.png,346,341
shaders/basic-texture-color-straight-alpha.vp,185,341
editor/ui/CollectionView,210,340
icons/16/Icons_29-AT-Unknown.png,344,339
doc/cs-dmsdk-dlib-configfile_gen.cs_doc.sdoc,202,339
icons/32/Icons_44-Collistionshape-convex-Box.png,344,339
icons/32/Icons_X_09_Linear.png,344,339
icons/16/Icons_28-AT-Font.png,343,338
templates/template.fp,203,337
javax/xml/bind/ValidationEventLocator.class,230,336
_unpack/x86_64-linux/bin/lsp/lua/script/core/substring.lua,152,336
shaders/selection-uniform.fp,191,335
com/googlecode/javaewah/symmetric/BitmapSymmetricAlgorithm.class,203,335
_unpack/x86_64-linux/bin/lsp/lua/meta/3rd/luassert/library/luassert/array.lua,190,334
icons/32/Icons_M_02_warning.png,339,334
icons/64/Icons_40-GUI-Box-node.png,332,333
_unpack/x86_64-linux/bin/lsp/lua/meta/3rd/bee/library/bee/serialization.lua,148,333
icons/16/Icons_22-Model.png,337,332
com/samskivert/mustache/Mustache$TemplateLoader.class,217,331
com/cognitect/transit/DefaultReadHandler.class,188,331
javax/vecmath/MismatchedSizeException.class,237,330
javax/vecmath/SingularMatrixException.class,235,330
antlr/debug/SyntacticPredicateListener.class,190,329
icons/32/Icons_X_08_Keyframe.png,333,328
_unpack/x86_64-linux/bin/lsp/lua/meta/3rd/Cocos4.0/library/ccs/RotationSkewFrame.lua,126,327
shaders/scene-shape.vp,179,327
TestScript/TestDdf$Uint64MsgOrBuilder.class,230,326
javax/ws/rs/core/PathSegment.class,200,325
icons/32/Icons_S_07_arrow-d-down.png,329,324
icons/64/Icons_44-Collistionshape-convex-Box.png,323,323
icons/32/Icons_S_08_arrow-d-up.png,327,322
shaders/basic-texture-paged-color.fp,172,320
antlr/ToolErrorHandler.class,215,318
icons/16/Icons_46-Collistionshape-convex-Cylinder.png,322,317
TestScript/TestDdf$SubMsgOrBuilder.class,227,316
doc/cs-dmsdk-extension-extension_gen.cs_doc.sdoc,176,315
icons/16/Icons_41-GUI-Pie-node.png,320,315
_unpack/x86_64-linux/bin/lsp/lua/script/vm/library.lua,166,314
builtins/graphics/particle_blob.tilesource,214,313
editor/debugging/mobdebug/IDebugSession,202,312
templates/template.label,207,311
_unpack/x86_64-linux/bin/lsp/lua/meta/default utf8/System.Windows.Markup.lua,128,311
shaders/selection-instance.fp,176,310
shaders/selection-attribute.fp,176,310
javax/ws/rs/ext/ExceptionMapper.class,188,310
_unpack/x86_64-linux/bin/lsp/lua/meta/template/builtin.lua,139,309
_unpack/x86_64-linux/bin/lsp/lua/meta/LuaJIT zh-cn utf8/builtin.lua,139,309
_unpack/x86_64-linux/bin/lsp/lua/meta/Lua 5.4 zh-cn utf8/builtin.lua,139,309
org/nibor/autolink/LinkRenderer.class,214,309
icons/16/Icons_21-Light.png,312,307
javax/xml/bind/UnmarshallerHandler.class,215,307
icons/tabs/ic_search-results-white.png,311,306
_unpack/x86_64-linux/bin/lsp/lua/meta/3rd/bee/library/bee/sys.lua,121,306
icons/32/Icons_S_02_Reset.png,311,306
builtins/docs/licenses.md,215,306
antlr/debug/InputBufferListener.class,199,306
org/jvnet/mimepull/Data.class,204,305
com/cognitect/transit/Keyword.class,176,305
icons/32/Icons_54-Step-Out.png,310,305
_unpack/x86_64-linux/bin/lsp/lua/meta/3rd/Cocos4.0/library/ccs/FrameData.lua,135,304
_unpack/x86_64-linux/bin/lsp/lua/meta/default utf8/UnityEngine.Scripting.APIUpdating.lua,146,303
antlr/debug/ParserMatchListener.class,184,299
icons/16/Icons_03-Builtins.png,303,298
icons/tabs/ic_curve-editor-grey.png,301,296
icons/16/Icons_45-Collistionshape-convex-Sphere.png,301,296
net/jpountz/xxhash/StreamingXXHash32$Factory.class,186,296
net/jpountz/xxhash/StreamingXXHash64$Factory.class,186,296
icons/32/Icons_52-Collection-proxy.png,260,296
icons/16/Icons_35-Inputbinding.png,300,295
builtins/materials/gui_paged_atlas.fp,164,294
antlr/CharFormatter.class,178,293
editor/gl/vertex2/IVertexBuffer,199,293
icons/redo.png,298,293
antlr/collections/Stack.class,205,293
icons/32/Icons_55-Step-In.png,296,291
com/cognitect/transit/ReadHandler.class,176,290
net/jpountz/lz4/LZ4UnknownSizeDecompressor.class,209,289
icons/16/Icons_51-Collision-shape-convex.png,290,289
_unpack/x86_64-linux/bin/lsp/lua/script/core/command/getConfig.lua,166,288
com/cognitect/transit/TaggedValue.class,183,288
javax/ws/rs/ext/ContextResolver.class,179,287
OSGI-INF/org.eclipse.jgit.internal.util.CleanupService.xml,181,287
_unpack/x86_64-linux/bin/lsp/lua/meta/3rd/OpenResty/library/ngx/upstream.lua,117,286
_unpack/x86_64-linux/bin/lsp/lua/meta/3rd/Cocos4.0/library/ccs/ParticleDisplayData.lua,125,286
_unpack/x86_64-linux/bin/lsp/lua/meta/3rd/Cocos4.0/library/ccs/ArmatureDisplayData.lua,123,286
icons/45/Icons_T_02_Move.png,291,286
icons/32/Icons_T_02_Move.png,291,286
icons/undo.png,290,285
builtins/materials/sprite.vp,171,285
builtins/materials/tile_map.vp,171,285
antlr/ANTLRError.class,206,285
templates/template.cp,182,284
_unpack/x86_64-linux/bin/lsp/lua/meta/3rd/Cocos4.0/library/cc/TMXTilesetInfo.lua,157,283
shaders/basic-color.vp,170,280
com/cognitect/transit/Symbol.class,185,280
_unpack/x86_64-linux/bin/lsp/lua/meta/3rd/skynet/library/skynet/debug.lua,185,279
templates/template.ambient_light,106,278
templates/template.directional_light,106,278
_unpack/x86_64-linux/bin/lsp/lua/meta/3rd/OpenResty/library/resty/core/utils.lua,144,277
bundle/ios/Default-Portrait-896h@2x.png,96,277
bundle/ios/Default-Landscape-896h@2x.png,92,275
antlr/TreeParserSharedInputState.class,213,274
_unpack/x86_64-linux/bin/lsp/lua/meta/3rd/Cocos4.0/library/cc/TiledGrid3DAction.lua,136,274
shaders/selection-uniform.vp,163,273
shaders/basic-texture.vp,163,273
org/slf4j/IMarkerFactory.class,185,272
icons/tabs/ic_curve-editor-white.png,276,271
com/cognitect/transit/URI.class,181,271
potemkin/PersistentMapProxy$IEquality.class,187,270
internal/transaction/TransactionStep.class,173,269
editor/types/PathManipulation,175,268
icons/32/Icons_02-Folder-open.png,272,267
templates/template.vp,155,266
icons/45/Icons_T_04_Scale.png,261,265
icons/32/Icons_T_04_Scale.png,261,265
_unpack/x86_64-linux/bin/lsp/lua/meta/3rd/OpenResty/library/resty/limit/count.lua,137,264
icons/32/Icons_X_11_scaleupdown.png,263,264
builtins/materials/gui_paged_atlas.material,175,263
javax/ws/rs/core/StreamingOutput.class,189,263
TestScript/TestDdf$EmptyMsgOrBuilder.class,190,262
editor/lsp/ServerResponse,164,261
shaders/basic-texture-color.fp,146,260
icons/32/Icons_M_06_trash.png,265,260
doc/dmsdk-graphics-graphics_webgpu.h_doc.sdoc,148,260
editor/gl/shader/SamplerVariables,162,259
com/cognitect/transit/Link.class,184,259
builtins/manifests/ios/LaunchScreen.storyboardc/Info.plist,149,258
antlr/debug/ParserController.class,179,256
editor/math/VecmathConverter,166,255
antlr/debug/SemanticPredicateListener.class,165,254
templates/template.tilesource,175,251
shaders/basic-color-straight-alpha.vp,157,251
editor/engine/build_errors/ErrorInfoProvider,185,251
icons/32/Icons_M_10_modified.png,251,250
org/slf4j/spi/LoggerFactoryBinder.class,169,249
org/slf4j/spi/MarkerFactoryBinder.class,169,249
editor/ui/HasUserData,150,249
_unpack/x86_64-linux/bin/lsp/lua/meta/3rd/Defold/library/collection_proxy.lua,151,246
net/jpountz/lz4/LZ4Decompressor.class,189,245
antlr/CharStreamException.class,191,245
shaders/basic-texture-paged.fp,152,244
antlr/TokenStreamRetryException.class,178,244
_unpack/x86_64-linux/bin/lsp/lua/meta/3rd/OpenResty/library/resty/core/misc.lua,134,243
antlr/ASdebug/IASDebugStream.class,176,243
antlr/debug/ParserTokenListener.class,172,242
editor/protobuf/GenericDescriptor,177,241
icons/32/Icons_X_10_scalesides.png,246,241
net/jpountz/lz4/LZ4FrameOutputStream$1.class,170,240
antlr/FileCopyException.class,188,240
icons/16/Icons_40-GUI-Box-node.png,244,239
org/json/simple/parser/ContainerFactory.class,172,239
builtins/materials/gui.material,167,239
templates/template.glsl,155,238
editor/code/data/GlyphMetrics,169,237
icons/64/Icons_01-Folder-closed.png,223,236
com/googlecode/javaewah/ChunkIterator.class,180,236
editor/handler/SelectionProvider,161,235
com/cognitect/transit/Writer.class,163,235
_unpack/x86_64-linux/bin/lsp/lua/script/meta/bee/sys.lua,118,235
_unpack/x86_64-linux/bin/lsp/lua/script/core/command/setConfig.lua,150,235
_unpack/x86_64-linux/bin/lsp/lua/meta/3rd/OpenResty/library/resty/upstream/healthcheck.lua,116,234
icons/32/Icons_57-Play.png,237,234
builtins/materials/gui.fp,139,234
antlr/debug/MessageListener.class,171,233
editor/ui/Editable,154,232
_unpack/x86_64-linux/bin/lsp/lua/meta/3rd/OpenResty/library/resty/upload.lua,131,231
icons/left-arrow.png,236,231
editor/code/data/Clipboard,170,230
icons/right-arrow.png,232,229
icons/16/Icons_44-Collistionshape-convex-Box.png,230,227
icons/16/Icons_20-Camera.png,230,227
builtins/graphics/default.texture_profiles,157,226
templates/template.texture_profiles,156,225
antlr/debug/ListenerBase.class,174,224
internal/paper_tape/Iterator.class,166,223
org/json/simple/JSONStreamAware.class,174,223
antlr/GrammarAnalyzer.class,181,221
icons/16/Icons_02-Folder-open.png,224,221
antlr/debug/TraceListener.class,163,220
editor/ui/CloseRequestable,155,220
editor/editor_extensions/runtime/SuspensionResult,172,217
editor/types/Pass,169,217
_unpack/x86_64-linux/bin/lsp/lua/meta/3rd/love2d/config.json,140,217
doc/cs-dmsdk-dlib-hash_gen.cs_doc.sdoc,143,217
bundle/ios/Default-Portrait-667h@2x.png,95,217
bundle/ios/Default-Landscape-667h@2x.png,95,217
icons/32/Icons_M_01_download.png,217,214
icons/left-arrow-on.png,219,214
icons/16/Icons_52-Collection-proxy.png,187,213
editor/types/SATIntersection,165,213
editor/gl/types/GLBinding,146,213
com/cognitect/transit/impl/TagProviderAware.class,147,211
editor/ui/Closeable,147,211
icons/32/Icons_S_10_arrow-o-left.png,210,208
antlr/debug/NewLineListener.class,152,208
_unpack/x86_64-linux/bin/lsp/lua/meta/template/table.new.lua,138,206
_unpack/x86_64-linux/bin/lsp/lua/meta/3rd/OpenResty/library/resty/core/ctx.lua,139,205
icons/right-arrow-on.png,210,205
internal/transaction/TransactionChange.class,144,205
editor/protobuf/PbConverter,152,204
editor/resource/ResourceListener,139,204
icons/32/Icons_E_00_info.png,205,204
builtins/fonts/debug/always_on_top_font.material,147,204
antlr/collections/ASTEnumeration.class,159,203
com/cognitect/transit/Reader.class,155,203
antlr/TokenStream.class,149,202
_unpack/x86_64-linux/bin/lsp/lua/script/parser/init.lua,98,202
editor/lsp/server/Connection,156,202
editor/ui/HasValue,142,202
javax/xml/bind/ValidationEventHandler.class,141,200
icons/32/Icons_T_05_Center.png,178,200
icons/45/Icons_T_05_Center.png,178,200
doc/dmsdk-dlib-dalloca.h_doc.sdoc,118,199
org/slf4j/helpers/Util$1.class,159,199
editor/gl/texture/TextureProxy,135,199
_unpack/x86_64-linux/bin/lsp/lua/meta/3rd/OpenResty/library/resty/core/request.lua,122,199
icons/32/Icons_S_09_arrow-o-right.png,201,199
org/nibor/autolink/LinkSpan.class,145,199
util/digestable/Digestable.class,129,198
org/nibor/autolink/internal/Scanner.class,156,198
util/http_server/ConnectionWrite.class,144,197
editor/scene_async/IPixelWriteCallback,152,197
antlr/collections/Enumerator.class,155,196
editor/ui/Text,135,196
editor/ui/HasChildren,144,195
com/googlecode/javaewah/datastructure/WordArray.class,161,195
antlr/debug/DebuggingParser.class,155,194
editor/localization/Localizable,133,193
editor/lsp/server/Message,138,193
builtins/fonts/label-fnt.material,138,193
templates/template.lua,130,192
_unpack/x86_64-linux/bin/lsp/lua/meta/3rd/Cocos4.0/library/cc/AudioProfile.lua,118,191
com/samskivert/gwt/java/io/Writer.java,149,191
builtins/fonts/font-fnt.material,134,191
builtins/fonts/label-df.material,137,191
util/http_server/ConnectionContentLength.class,148,190
bundle/ios/Default-Landscape-1024h.png,91,190
bundle/ios/Default-Portrait-1024h.png,91,190
builtins/fonts/font-df.material,133,189
editor/graphics/types/ElementBuffer,154,188
com/cognitect/transit/impl/TagProvider.class,142,188
icons/32/Icons_S_14_linkarrow.png,188,187
internal/node/ValueType.class,153,187
icons/16/Icons_01-Folder-closed.png,188,187
util/http_server/ConnectionContentType.class,146,186
camel_snake_kebab/AlterName.class,132,186
_unpack/x86_64-linux/bin/lsp/lua/meta/3rd/bee/config.json,146,185
doc/cs-dmsdk-lua-lauxlib_gen.cs_doc.sdoc,119,185
builtins/fonts/default.font,139,185
builtins/fonts/label.material,134,185
shaders/basic-texture.fp,124,184
bundle/ios/Default-568h@2x.png,94,184
com/cognitect/transit/impl/TagFinder.class,143,184
_unpack/x86_64-linux/bin/lsp/lua/meta/3rd/OpenResty/library/thread/exdata2.lua,130,184
_unpack/x86_64-linux/bin/lsp/lua/meta/3rd/OpenResty/library/resty/core/response.lua,109,183
icons/tabs/ic_console-grey.png,167,183
bundle/ios/Default@2x.png,109,183
builtins/fonts/font.material,130,183
_unpack/x86_64-linux/bin/lsp/lua/meta/3rd/OpenResty/library/resty/sha512.lua,122,182
_unpack/x86_64-linux/bin/lsp/lua/meta/3rd/OpenResty/library/resty/sha224.lua,126,182
shaders/uniform-color.vp,132,182
_unpack/x86_64-linux/bin/lsp/lua/meta/3rd/OpenResty/library/resty/sha256.lua,122,182
_unpack/x86_64-linux/bin/lsp/lua/meta/3rd/OpenResty/library/resty/sha384.lua,122,182
icons/32/Icons_S_01_SmallClose.png,183,182
editor/graphics/types/ValueBinding,141,181
org/slf4j/ILoggerFactory.class,138,180
org/slf4j/MDC$1.class,150,180
editor/core/Adaptable,126,180
editor/buffers/ReducerImpl,151,179
icons/32/Icons_01-Folder-closed.png,179,179
numbers.png,180,178
editor/properties/Sampler,140,178
editor/editor_extensions/vm/__GT_Clj,133,178
com/samskivert/gwt/java/io/Reader.java,141,178
_unpack/x86_64-linux/bin/lsp/lua/meta/3rd/bee/library/bee/time.lua,88,177
com/cognitect/transit/Named.class,144,177
editor/types/Area,149,175
javax/xml/bind/PrintConversionEvent.class,129,174
_unpack/x86_64-linux/bin/lsp/lua/meta/3rd/lfs/config.json,124,174
_unpack/x86_64-linux/bin/lsp/lua/meta/3rd/OpenResty/library/resty/random.lua,118,174
javax/xml/bind/ParseConversionEvent.class,129,174
javax/xml/bind/NotIdentifiableEvent.class,130,174
doc/cs-dmsdk-lua-lua_gen.cs_doc.sdoc,113,173
util/http_server/__GT_Connection.class,133,172
org/jvnet/mimepull/Header.class,146,172
com/googlecode/javaewah/IntIterator.class,143,172
_unpack/x86_64-linux/bin/lsp/lua/meta/3rd/OpenResty/library/resty/sha1.lua,118,170
editor/outline/ItemIterator,138,170
editor/lsp/server/Launcher,127,170
editor/ui/Cancellable,132,170
util/http_server/ContentLength.class,135,169
builtins/render/default.display_profiles,99,168
editor/editor_extensions/vm/__GT_Varargs,138,168
editor/ui/HasAction,130,168
templates/template.display_profiles,99,168
builtins/fonts/debug/always_on_top.font,116,167
util/http_server/ContentType.class,133,165
_unpack/x86_64-linux/bin/lsp/lua/meta/3rd/OpenResty/library/resty/limit/traffic.lua,105,164
icons/tabs/ic_console-white.png,162,162
editor/types/N2Extent,136,162
templates/template.camera,115,161
org/json/simple/JSONAware.class,134,161
editor/buffers/ByteStringCoding,136,161
internal/paper_tape/Truncate.class,128,160
util/http_server/__GT_Data.class,129,160
editor/editor_extensions/vm/__GT_Lua,134,160
internal/paper_tape/Drop.class,132,160
org/nibor/autolink/Span.class,140,160
_unpack/x86_64-linux/bin/lsp/lua/meta/template/table.clear.lua,118,158
editor/ui/HasSelectionModel,130,158
editor/buffers/HasByteOrder,131,158
editor/input/ModifierKeys,131,157
editor/ui/Future,129,156
icons/32/Icons_S_03_arrowleft.png,153,154
editor/types/Translation,125,154
antlr/ASTVisitor.class,129,152
icons/32/Icons_59-Arrow-Left.png,152,152
plumbing/fnk/pfnk/PFnk.class,128,151
editor/types/ImageHolder,130,151
editor/ui/HasMenuItemList,128,151
icons/32/Icons_S_14_linkarrow_org.png,145,148
editor/types/Position,122,148
editor/types/Rotation,122,148
icons/32/Icons_S_06_arrowup.png,145,148
editor/geom/Invertible,122,146
editor/geom/AsArray,122,145
icons/32/Icons_S_13_radiocircle.png,144,145
icons/32/Icons_S_05_arrowdown.png,142,144
util/path/Coercions.class,122,144
icons/32/Icons_60-Arrow-Right.png,142,143
internal/node/Ref.class,122,142
editor/types/R3Max,121,142
editor/types/Frame,119,142
editor/types/R3Min,121,142
icons/32/Icons_S_04_arrowright.png,137,141
icons/tabs/ic_build-problems-grey.png,129,131
templates/template.collisionobject,109,130
_unpack/x86_64-linux/bin/lsp/lua/meta/3rd/OpenResty/library/resty/core/worker.lua,91,127
_unpack/x86_64-linux/bin/lsp/lua/meta/3rd/lovr/config.json,99,127
shaders/uniform-color.fp,92,127
_unpack/x86_64-linux/bin/lsp/lua/meta/3rd/OpenResty/library/resty/core/shdict.lua,84,126
_unpack/x86_64-linux/bin/lsp/lua/meta/3rd/OpenResty/library/resty/core/base64.lua,82,126
icons/32/Icons_58-Stop.png,123,125
org/nibor/autolink/package-info.class,108,124
_unpack/x86_64-linux/bin/lsp/lua/meta/3rd/OpenResty/library/resty/core/phase.lua,82,123
luajc$1.class,108,122
_unpack/x86_64-linux/bin/lsp/lua/meta/3rd/luv/config.json,77,122
_unpack/x86_64-linux/bin/lsp/lua/meta/3rd/Cocos4.0/library/cc/EventAcceleration.lua,65,121
_unpack/x86_64-linux/bin/lsp/lua/meta/3rd/OpenResty/library/resty/core/time.lua,82,120
_unpack/x86_64-linux/bin/lsp/lua/meta/3rd/OpenResty/library/resty/core/exit.lua,82,120
_unpack/x86_64-linux/bin/lsp/lua/meta/3rd/OpenResty/library/resty/core/hash.lua,82,120
_unpack/x86_64-linux/bin/lsp/lua/meta/3rd/OpenResty/library/resty/core/ndk.lua,81,117
_unpack/x86_64-linux/bin/lsp/lua/meta/3rd/OpenResty/library/resty/core/uri.lua,81,117
_unpack/x86_64-linux/bin/lsp/lua/meta/3rd/OpenResty/library/resty/core/var.lua,81,117
templates/template.tilemap,89,114
bundle/ios/Default.png,93,114
_unpack/x86_64-linux/bin/lsp/lua/meta/3rd/Cocos4.0/config.json,85,113
icons/tabs/ic_build-problems-white.png,107,111
templates/template.gui,92,110
templates/template.buffer,69,110
icons/32/Icons_56-Pause.png,106,110
javax/xml/bind/Element.class,96,110
icons/32/Icons_M_04_listview.png,107,110
icons/32/Icons_M_07_plus.png,105,109
icons/32/Icons_M_05_gridview.png,102,109
templates/template.material,91,108
com/samskivert/Mustache.gwt.xml,81,108
internal/node/NodeType.class,99,106
_unpack/x86_64-linux/bin/lsp/lua/meta/3rd/OpenResty/library/resty/core.lua,75,105
_unpack/x86_64-linux/bin/lsp/lua/meta/3rd/Jass/config.json,85,105
shaders/basic-color.fp,74,103
widgets/drag-handle-ud.png,96,103
widgets/drag-handle-lr.png,95,102
internal/node/Type.class,96,102
_unpack/x86_64-linux/bin/lsp/lua/meta/3rd/OpenResty/library/resty/sha.lua,75,101
_unpack/_defold/debugger/start.lua,90,101
icons/32/Icons_M_11_minus.png,96,99
templates/template.sprite,85,98
_unpack/x86_64-linux/bin/lsp/lua/meta/3rd/Cocos4.0/library/cc/EaseBounce.lua,65,98
data_readers.cljc,69,92
_unpack/x86_64-linux/bin/lsp/lua/script/glob/init.lua,53,85
_unpack/x86_64-linux/bin/lsp/lua/meta/3rd/busted/config.json,76,84
com/cognitect/http-client/manifest.edn,74,80
_unpack/x86_64-linux/bin/lsp/lua/meta/3rd/example/library/love.lua,75,74
_unpack/x86_64-linux/bin/lsp/lua/script/brave/init.lua,48,71
javafx.properties,44,71
_unpack/x86_64-linux/bin/lsp/lua/script/workspace/init.lua,45,66
_unpack/x86_64-linux/bin/lsp/lua/script/provider/init.lua,46,65
_unpack/x86_64-linux/bin/lsp/lua/script/pub/init.lua,49,64
templates/template.mesh,52,64
_unpack/x86_64-linux/bin/lsp/lua/script/cli/version.lua,49,62
_unpack/x86_64-linux/bin/lsp/lua/meta/3rd/luaecs/config.json,52,60
_unpack/x86_64-linux/bin/lsp/lua/meta/3rd/skynet/config.json,48,60
_unpack/x86_64-linux/bin/lsp/lua/script/service/init.lua,43,58
templates/template.cubemap,40,57
_unpack/x86_64-linux/bin/lsp/lua/meta/3rd/luassert/config.json,55,57
cognitect_aws_http.edn,50,55
gluegen/info.txt,55,55
_unpack/x86_64-linux/bin/lsp/lua/script/config/init.lua,42,54
COPYRIGHT,52,53
_unpack/x86_64-linux/bin/lsp/lua/script/proto/init.lua,43,52
builtins/render/default.render,43,49
OSGI-INF/l10n/plugin.properties,44,49
templates/template.sound,48,47
_unpack/x86_64-linux/bin/lsp/lua/meta/3rd/OpenResty/library/ndk.lua,40,46
_unpack/x86_64-linux/bin/lsp/lua/script/core/completion/init.lua,37,44
templates/template.model,26,26
_unpack/x86_64-linux/bin/lsp/lua/script/plugins/init.lua,23,21
templates/template.compute,22,20
templates/template.atlas,21,19
templates/template.collection,19,17
templates/template.collectionproxy,17,15
templates/template.factory,16,14
templates/template.collectionfactory,16,14
templates/template.render,13,11
_unpack/x86_64-linux/bin/lsp/lua/meta/3rd/ffi-reflect/config.json,8,8
templates/template.animationset,2,0
templates/template.input_binding,2,0
templates/template.render_target,2,0
templates/template.editor_localization,2,0
templates/template.go,2,0
